window,model,logloss,auc,brier,ece,n
2017-01→2017-02,logreg,15.68903770262345,0.5128205128205129,0.496328717839204,0.2682037871529851,25
2017-01→2017-02,rf,6.849200233703101,0.358974358974359,0.4518096580927879,0.3204357920607138,25
2017-01→2017-02,xgb,2.7192381926576057,0.3717948717948718,0.4764946430023201,0.4759648251533508,25
2017-02→2017-03,logreg,14.449023264665358,0.577340136850504,0.4745652877672324,0.1892028915500851,39972
2017-02→2017-03,rf,4.316674777735997,0.5041288234545305,0.4551235528546628,0.361326402564845,39972
2017-02→2017-03,xgb,2.901932285866756,0.5046386988326661,0.5110048405783701,0.511142634992259,39972
2017-03→2017-04,logreg,32.930799090737416,0.4882745297077801,0.9424660454176128,0.0662775647972579,893768
2017-03→2017-04,rf,0.2775610016254834,0.6683078127099595,0.030388571490223,0.0477809408369177,893768
2017-03→2017-04,xgb,0.1647549758676063,0.759689801341425,0.0343328001846431,0.0626495156509728,893768
