{
  "logloss": 1.1877732128462195,
  "auc": 0.43856508628967095,
  "mean_prob": 0.6226864087332431,
  "pos_rate_val": 0.032996258536891004,
  "n_train": 23046,
  "n_val": 893768,
  "auto_renew_auc": 0.5908036931306094
}