{
  "pre_logloss": 1.3884340590264979,
  "pre_auc": 0.4546065271089376,
  "post_logloss": 0.14494171980330836,
  "post_auc": 0.5130567205201443,
  "val_base_rate": 0.032996258536891004,
  "mean_prob_pre": 0.6887681484222412,
  "mean_prob_post": 0.03299625590443611
}
