{
  "best_iteration": 0,
  "logloss": 1.3884340590264979,
  "auc": 0.4546065271089376,
  "mean_prob": 0.6887681484222412,
  "pos_rate_val": 0.032996258536891004,
  "n_train": 23046,
  "n_val": 893768
}
