{
  "lightgbm": {
    "before": {
      "log_loss": 0.41297890834500645,
      "auc": 0.9699632964687438,
      "brier": 0.12552498527058062
    },
    "after": {
      "log_loss": 0.11270724473096795,
      "auc": 0.9703411520587144,
      "brier": 0.03311632255290847
    },
    "improvement": {
      "log_loss": 0.3002716636140385,
      "brier": 0.09240866271767215
    }
  },
  "xgboost": {
    "before": {
      "log_loss": 0.412753936598159,
      "auc": 0.9646057003756572,
      "brier": 0.12435018390995851
    },
    "after": {
      "log_loss": 0.12004610471468133,
      "auc": 0.965347553807852,
      "brier": 0.03560055180046916
    },
    "improvement": {
      "log_loss": 0.2927078318834777,
      "brier": 0.08874963210948936
    }
  }
}