{
  "dummy_most_frequent": {
    "uncalibrated": {
      "log_loss": 2.3039720833294606,
      "auc": 0.5,
      "brier_score": 0.06392171344165436,
      "ece": 0
    },
    "calibrated": {
      "log_loss": 0.23762460262641166,
      "auc": 0.5,
      "brier_score": 0.059835727995070885,
      "ece": 1.653332870110713e-06
    },
    "improvement": {
      "log_loss_delta": -2.066347480703049,
      "brier_delta": -0.004085985446583472,
      "ece_delta": 1.653332870110713e-06,
      "auc_delta": 0.0
    }
  },
  "dummy_stratified": {
    "uncalibrated": {
      "log_loss": 4.309193729510639,
      "auc": 0.49983882580189953,
      "brier_score": 0.11955485430374647,
      "ece": 0.05968846515375319
    },
    "calibrated": {
      "log_loss": 0.23762460262641166,
      "auc": 0.5,
      "brier_score": 0.059835727995070885,
      "ece": 1.653332870110713e-06
    },
    "improvement": {
      "log_loss_delta": -4.071569126884228,
      "brier_delta": -0.05971912630867559,
      "ece_delta": -0.059686811820883076,
      "auc_delta": 0.00016117419810046663
    }
  },
  "logistic_regression": {
    "uncalibrated": {
      "log_loss": 0.18570874697271497,
      "auc": 0.9777225191917605,
      "brier_score": 0.05291992162484164,
      "ece": 0.08558633844574251
    },
    "calibrated": {
      "log_loss": 0.08044512576116947,
      "auc": 0.9778167609152931,
      "brier_score": 0.023594127842191247,
      "ece": 0.0005085503133031315
    },
    "improvement": {
      "log_loss_delta": -0.1052636212115455,
      "brier_delta": -0.02932579378265039,
      "ece_delta": -0.08507778813243938,
      "auc_delta": 9.424172353267313e-05
    }
  },
  "random_forest": {
    "uncalibrated": {
      "log_loss": 0.06087580533509787,
      "auc": 0.9907322863166361,
      "brier_score": 0.0137157035283033,
      "ece": 0.0064400781910655324
    },
    "calibrated": {
      "log_loss": 0.13459129440285592,
      "auc": 0.981536733031724,
      "brier_score": 0.016401964920558686,
      "ece": 0.013604706872821693
    },
    "improvement": {
      "log_loss_delta": 0.07371548906775804,
      "brier_delta": 0.0026862613922553867,
      "ece_delta": 0.00716462868175616,
      "auc_delta": -0.009195553284912172
    }
  },
  "xgboost": {
    "uncalibrated": {
      "log_loss": 0.11132173977325635,
      "auc": 0.9919822118730588,
      "brier_score": 0.031071098560313287,
      "ece": 0.04990870370832863
    },
    "calibrated": {
      "log_loss": 0.05331029854696226,
      "auc": 0.9919059283891966,
      "brier_score": 0.016529518243989294,
      "ece": 0.002063409982880727
    },
    "improvement": {
      "log_loss_delta": -0.05801144122629409,
      "brier_delta": -0.014541580316323993,
      "ece_delta": -0.04784529372544791,
      "auc_delta": -7.628348386223838e-05
    }
  }
}