tree
version=v4
num_class=1
num_tree_per_iteration=1
label_index=0
max_feature_idx=120
objective=binary sigmoid:1
feature_names=tx_count_90d cancel_count_90d auto_renew_count_90d auto_renew_ratio_90d cancel_ratio_90d total_paid_90d avg_paid_90d std_paid_90d max_paid_90d min_paid_90d avg_plan_days_90d max_plan_days_90d min_plan_days_90d avg_discount_90d discount_tx_count_90d unique_payment_methods_90d most_common_payment_method days_since_last_tx latest_auto_renew latest_plan_days membership_days_remaining tx_count_60d cancel_count_60d auto_renew_ratio_60d total_paid_60d avg_paid_60d tx_count_30d cancel_count_30d auto_renew_ratio_30d total_paid_30d tx_count_14d cancel_count_14d total_paid_14d tx_count_7d cancel_count_7d total_paid_7d log_days_90d active_days_90d total_secs_90d avg_secs_per_day_90d std_secs_90d max_secs_day_90d min_secs_day_90d total_unq_90d avg_unq_per_day_90d std_unq_90d total_completed_90d total_skipped_early_90d total_50pct_90d total_75pct_90d total_almost_complete_90d total_plays_90d completion_rate_90d early_skip_rate_90d days_since_last_listen active_days_60d total_secs_60d avg_secs_per_day_60d total_unq_60d total_completed_60d total_plays_60d completion_rate_60d active_days_30d total_secs_30d avg_secs_per_day_30d std_secs_30d total_unq_30d avg_unq_per_day_30d total_completed_30d total_skipped_early_30d total_plays_30d completion_rate_30d early_skip_rate_30d active_days_14d total_secs_14d avg_secs_per_day_14d total_unq_14d total_plays_14d completion_rate_14d active_days_7d total_secs_7d avg_secs_per_day_7d total_unq_7d total_plays_7d completion_rate_7d listening_trend_30v60 listening_trend_14v30 listening_trend_7v14 activity_rate_30d activity_rate_7d tx_trend_30v60 city age gender registered_via tenure_days avg_song_length_90d revenue_per_active_day listening_consistency_90d autorenew_not_cancel discount amt_per_day canc_per_payment_days unq_trend_14v30 listening_trend_ratio secs_cv_30d days_since_tx_per_plan last_trx_gt1_no_cancel ul_last2wk_vs_month_unq_ratio listening_mo1_mo2_trend activity_density_90d activity_density_30d activity_density_7d usually_auto_renew has_cancelled secs_per_unq_song changed_payment_method discount_ratio expiry_urgency tx_recency_vs_plan last_ul_days_s
feature_infos=[0:8] [0:3] [0:8] [0:1] [0:1] [0:1022] [0:477] [0:212.13203435596429] [0:477] [0:477] none none none [0:149] [0:5] [0:3] [0:41] [0:90] [0:1] none [-17225:31] [0:6] [0:2] [0:1] [0:720] [0:180] [0:5] [0:1] [0:1] [0:478] [0:4] [0:1] [0:398] [0:4] [0:1] [0:397] [0:91] [0:91] [0:4720236.0690000001] [0:95500.8383404255] [0:251397.05515049188] [0:1617804.703] [0:23736.116999999998] [0:16818] [0:421.10000000000002] [0:815.48573800458882] [0:27431] [0:10776] [0:1257] [0:869] [0:10862] [0:27810] [0:1] [0:1] [0:90] [0:61] [0:4131784.5929999999] [0:100775.23397560976] [0:10810] [0:20969] [0:21382] [0:1] [0:31] [0:2275115.0180000002] [0:169085.01500000001] [0:131142.10829685206] [0:6038] [0:550] [0:11507] [0:4464] [0:11712] [0:1] [0:1] [0:15] [0:1090195.2749999999] [0:169085.01500000001] [0:3478] [0:5982] [0:1] [0:8] [0:531824.65799999994] [0:169085.01500000001] [0:1739] [0:2985] [0:1] [-463459.52950000006:550465.43400000012] [-210927.008099:445087.074066] [-96467.449500000002:101223.09450000001] [0:1.0333333333333334] [0:1.1428571428571428] [-2:2] [0:22] [12:76] [0:2] [0:13] [5:4722] [0:12411.84652956989] [0:596] [0:2.9276637878773504] [0:1] [0:149] [0:6] [0:0.10000000000000001] [-677.95100000000002:903.5329999999999] [-0.99999672784047433:0.99999390450509951] [0:2.7454412146289826] [0:30] [0:1] [-1:1.1429999999999998] [0:328109.17598090146] [0:1.0111111111111111] [0:1.0333333333333334] [0:1.1428571428571428] [0:1] [0:1] [0:12411.84652956989] [0:1] [0:4] [-1:2] [0:30] [0:90]
tree_sizes=2490 2769 2785 3409 2666 2894 2881 2805 3003 3122 2805 2813 2812 2908 2917 2800 2910 3310 3197 2702 2899 2697 2905 3129 3238 3207 2794 2896 3197 2896 3231 2985 3013 2994 2906 2780 2698 3018 2883 2903 2805 2819 2660 2695 2674 2369 3198 3018 3123 2707 3126 3109 2893 3198 2771 2691 3339 3132 3095 2894 3023 3027 2863 2906 2900 3415 3847 3434 3001 2777 3619 4029 2376 3502 3196 2804 2982 3001 3273 3020 2157 1932 2046 3236 2482 2264 1618 2691 2585 1416 2489 2357 2898 1642 1524 1203 1734 2273 3429 1198 2375 1744 1754 1424 3344 2289 2473 2260 1499 3945 1528 2040 1634 1966 1607 3240 2669 3080 3200 2050 1314 3114 1530 2175 2893 2569 2064 2454 1641 1759 3517 1521 2598 1437 1224 2365 1956 1935 3381 2887 1535 2490 1323 2586 2278 2151 1957 1622 1637 2076 2583 2604 1835 3840 1913 2726 3309 2666 1416 2059 2254 2392 3210 2712 1739 1741 2379 1428 1963 2970 3193 2027 3070 2447 2342 2800 2906 3520 3754 1103 1848 3116 1830 2579 1856 2473 2553 3197 2047 2579 2075 2475 1737 3233 1535 1417 2905 2593 2243 2136 3421 3317 3318 2144 2861 2810 2474 3417 2898 1844 2357 2701 2212 3125 1514 1911 2967 1527 2443 3031 2366 2792 2465 1916 2037 2966 1428 2059 3001 1530 1622 2703 2585 1314 3196 2881 2259 3118 3111 3122 3285 2681 3142 2968 1847 2134 2711 2909 2902 1399 2912 2042 1956 1089 3021 3283 3326 3272 2686 1983 2397 3006 1501 1947 3657 1825 2262 3151 2263 2991 2369 2542 3515 2347 3085 3318 2445 2336 1395 1889 2153 2675 2083 1620 3276 3541 3537 3484 2256 2448 2022 2854 2989 1223 2769 2684 2911 3750 2325 2678 2667 2488 3613 1287 3375 3238 3627 3560 1420 2942 1715 3476 1535 3505 2982 2560 1691 3227 2555 3778 2341 3118 1739 2876 2671 2471 3217

Tree=0
num_leaves=23
num_cat=0
split_feature=99 20 54 82 17 24 16 2 27 25 91 48 87 24 77 69 8 17 91 16 16 42
split_gain=4307.98 1019.8 257.7 134.27 89.3314 37.829 31.3731 21.1042 36.716 15.7968 21.0956 7.82399 10.2147 5.55099 4.59593 6.44312 2.06374 2.7094 0.80706 1.43823 1.4336 0.110975
threshold=1.0000000180025095e-35 1.0000000180025095e-35 5.5000000000000009 5.5000000000000009 25.500000000000004 189.00000000000003 40.500000000000007 4.5000000000000009 1.0000000180025095e-35 74.750000000000014 5.5000000000000009 38.500000000000007 1036.5500000000009 297.50000000000006 2.5000000000000004 19.500000000000004 165.00000000000003 20.500000000000004 3.5000000000000004 39.500000000000007 40.500000000000007 233.64900000000003
decision_type=2 2 2 2 2 2 2 2 2 2 2 2 2 2 2 2 2 2 2 2 2 2
left_child=1 3 4 14 7 6 -2 8 -3 11 -11 -5 -13 -4 -1 -16 18 21 -7 -20 -21 -18
right_child=5 2 13 9 -6 16 -8 -9 -10 10 -12 12 -14 -15 15 -17 17 -19 19 20 -22 -23
leaf_value=-1.1290829192029981 -1.3416294548953072 -1.4009758664396441 -1.1527565334702883 -1.1593952565979111 -1.2468778551853386 -1.461283342056577 -1.4487109187237097 -1.4610264984712984 -1.3029029331224813 -1.2115461093585513 -1.301077556952696 -1.2559139094515657 -1.1877273798925623 -1.2108931231463966 -1.1926940802971806 -1.1370818323903944 -1.4611884828032065 -1.4259406267817469 -1.4608977105355605 -1.4469300803590026 -1.459003857712099 -1.448281596675977
leaf_weight=116.72944618761539 14.810148015618323 82.172434151172638 10.82892543077469 10.351178720593451 13.058410078287123 529.98035049438477 17.358130469918251 13.058410078287123 12.899161174893377 16.402637049555782 15.447143629193304 12.58066336810589 15.765641435980795 12.262165561318396 10.828925430774687 22.135597571730614 18.154374986886982 13.85465459525585 163.86712159216404 74.209988981485367 65.292050391435623 12.739912271499632
leaf_count=733 93 516 68 65 82 3328 109 82 81 103 97 79 99 77 68 139 114 87 1029 466 410 80
internal_value=-1.39412 -1.23705 -1.34885 -1.16384 -1.38046 -1.45702 -1.39918 -1.39653 -1.38775 -1.22565 -1.25473 -1.20191 -1.21772 -1.18329 -1.13476 -1.15511 -1.45913 -1.44694 -1.45978 -1.45712 -1.45263 -1.45611
internal_weight=1274.79 364.521 144.28 220.241 121.188 910.267 32.1683 108.13 95.0716 70.5473 31.8498 38.6975 28.3463 23.0911 149.694 32.9645 878.098 44.7489 833.35 303.369 139.502 30.8943
internal_count=8005 2289 906 1383 761 5716 202 679 597 443 200 243 178 145 940 207 5514 281 5233 1905 876 194
is_linear=0
shrinkage=1


Tree=1
num_leaves=25
num_cat=0
split_feature=20 31 28 107 2 79 81 102 90 17 3 76 73 52 72 68 54 8 17 86 91 98 97 105
split_gain=3512.74 349.734 197.397 176.051 218.931 58.3061 48.8296 46.4909 68.0181 39.465 43.4456 33.9704 11.8391 7.77171 7.57086 6.87997 6.15175 4.32237 4.58078 3.7931 1.79024 1.26902 0.97325 0.182314
threshold=1.0000000180025095e-35 1.0000000180025095e-35 0.75000000000000011 1.0000000180025095e-35 1.0000000180025095e-35 3.5000000000000004 596.71850000000006 1.0000000180025095e-35 1.0000000180025095e-35 24.500000000000004 0.36666666666666675 74.500000000000014 12.500000000000002 0.82475844883672467 0.26184860736747534 316.50000000000006 5.5000000000000009 165.00000000000003 21.500000000000004 -8877.999265000004 3.5000000000000004 1.0556649484490908 4.8178599527930777 0.82763696176360491
decision_type=2 2 2 2 2 2 2 2 2 2 2 2 2 2 2 2 2 2 2 2 2 2 2 2
left_child=3 2 9 5 11 16 -3 17 23 13 -11 19 15 14 -2 -7 -1 20 -19 -5 -4 -18 -6 -9
right_child=1 6 7 4 22 12 -8 8 -10 10 -12 -13 -14 -15 -16 -17 21 18 -20 -21 -22 -23 -24 -25
leaf_value=0.18085875508471766 -0.024581115785150969 0.20978638344894293 -0.066278121721147776 0.22176898008333543 -0.035303309717330096 0.14159077631051539 0.058033240702806334 -0.067148459812263903 0.092909580695670305 0.14474159390744717 0 0.10092082538158959 0.16954375089694682 0.034801797831412198 0.016436714968729858 0.080548113772418009 0.2173772022990425 -0.056774719032696319 -0.016735730685834036 0.1766969374036344 -0.060479580067551789 0.19886396712654578 -0.061169048740558563 -0.050985402937342966
leaf_weight=21.914512231945992 34.207296893000603 15.400102853775026 507.54363222420216 13.250383391976358 10.515700846910478 11.968639940023424 10.647392347455023 11.553671136498453 13.956795379519461 13.613691031932831 11.052778035402298 17.381640747189522 21.191087186336517 15.261289715766905 21.171231493353844 11.437107786536215 118.30654290318489 33.241337567567825 11.935935437679289 14.584702253341673 289.00969268381596 24.582857489585876 10.822388693690298 10.305583029985426
leaf_count=123 215 86 3321 72 68 68 65 72 82 80 68 100 121 96 133 65 644 216 76 80 1885 134 70 65
internal_value=-0.000217919 -0.047399 -0.0526399 0.17054 0.0937153 0.194921 0.148048 -0.0606688 -0.000127876 0.0212091 0.0800898 0.161119 0.139562 0.000542314 -0.00876649 0.112089 0.209855 -0.0632361 -0.0463612 0.198434 -0.0641837 0.214247 -0.0487733 -0.0598723
internal_weight=1274.86 998.9 972.853 275.956 66.5548 209.401 26.0475 877.547 35.816 95.3063 24.6665 45.2167 44.5968 70.6398 55.3785 23.4057 164.804 841.731 45.1773 27.8351 796.553 142.889 21.3381 21.8593
internal_count=8005 6460 6309 1545 390 1155 151 5717 219 592 148 252 254 444 348 133 901 5498 292 152 5206 778 138 137
is_linear=0
shrinkage=0.0540709


Tree=2
num_leaves=25
num_cat=0
split_feature=99 20 54 106 82 29 31 8 16 92 95 5 62 8 106 76 103 98 16 16 104 108 92 5
split_gain=3153.08 526.447 165.227 63.2171 57.6862 26.0331 18.9055 13.593 12.827 12.4135 10.085 5.92828 4.95892 3.66707 9.40441 1.86935 2.74039 1.36923 1.1639 3.67349 0.908537 0.401774 0.126429 0.0360594
threshold=1.0000000180025095e-35 1.0000000180025095e-35 5.5000000000000009 0.8500000000000002 5.5000000000000009 1.0000000180025095e-35 1.0000000180025095e-35 99.500000000000014 39.500000000000007 32.500000000000007 1558.5000000000002 396.50000000000006 18.500000000000004 165.00000000000003 0.78333333333333355 2.5000000000000004 -40.917999999999992 1.059403382797534 40.500000000000007 39.500000000000007 -0.012453435284646215 0.27900256843164012 32.500000000000007 391.50000000000006
decision_type=2 2 2 2 2 2 2 2 2 2 2 2 2 2 2 2 2 2 2 2 2 2 2 2
left_child=1 4 3 6 15 7 8 -2 -3 10 12 -4 -6 18 21 17 -17 -1 19 23 -21 -15 -20 -7
right_child=5 2 11 -5 9 13 -8 -9 -10 -11 -12 -13 -14 14 -16 16 -18 -19 22 20 -22 -23 -24 -25
leaf_value=0.18683797969048177 -0.048893332342155406 -0.0016450774483019015 0.18442862745420793 0.1155935041637017 0.14823139450803244 -0.054400531345807655 0.061284196822231553 0.028368421490781559 -0.053771644484122152 0.16940163917704026 0.072391849171939721 0.13122134655054926 0.11237214376408279 -0.065818109252190962 -0.0029635413115958555 0.18436230345869986 0.15197878143456497 0.16852805597749432 -0.065484289839434565 -0.042011874181867297 -0.055798387206825707 -0.048459277142157288 -0.056891277230555204 -0.065148016346994089
leaf_weight=126.61504203081131 12.634643375873566 79.74444368481636 13.564187616109848 15.000239372253416 20.762493640184402 9.821627736091612 11.949524104595183 13.978197246789932 16.773930788040161 16.501089364290237 13.39138914644718 14.300584718585014 33.054547339677811 24.43475840985775 11.030759826302527 19.556273072957993 20.727556422352791 24.131407096982002 512.09213370084763 34.026944056153297 37.482172012329102 9.6481799185276014 18.848033919930458 158.71486721932888
leaf_count=620 83 501 69 82 109 66 70 87 108 87 71 76 176 164 70 97 104 119 3493 229 252 65 128 1079
internal_value=-0.00036803 0.119503 0.0384551 0.0115491 0.164118 -0.0609831 -0.00277328 -0.00803545 -0.0107817 0.126387 0.115711 0.1574 0.126349 -0.0627007 -0.0470682 0.180611 0.167892 0.183958 -0.0636057 -0.0600626 -0.049343 -0.0611244 -0.0651934 -0.0645663
internal_weight=1268.79 426.073 151.333 123.468 274.74 842.712 108.468 26.6128 96.5184 83.7095 67.2084 27.8648 53.817 816.099 45.1137 191.03 40.2838 150.746 770.986 240.046 71.5091 34.0829 530.94 168.536
internal_count=8005 2289 906 761 1383 5716 679 170 609 443 356 145 285 5546 299 940 201 739 5247 1626 481 229 3621 1145
is_linear=0
shrinkage=0.0540709


Tree=3
num_leaves=31
num_cat=0
split_feature=107 3 7 17 83 16 29 29 75 86 52 5 91 93 91 75 73 42 9 17 26 83 58 16 16 95 40 109 92 98
split_gain=2323.31 581.417 214.073 173.977 89.7133 63.3297 43.7451 14.2871 12.8122 11.4963 10.9391 10.6018 8.79654 8.47658 5.96883 5.42015 3.91907 3.21402 2.56481 8.14118 2.14527 5.22653 1.60685 1.05751 3.88085 0.851042 0.800447 0.733648 0.138053 0.0107507
threshold=1.0000000180025095e-35 0.29166666666666669 1.0000000180025095e-35 27.500000000000004 39.500000000000007 40.500000000000007 1.0000000180025095e-35 1.0000000180025095e-35 2167.4904841269849 7971.7757074999708 0.86583274594924575 297.50000000000006 4.5000000000000009 1.0000000180025095e-35 5.5000000000000009 3280.4869642857143 12.500000000000002 139.54850000000002 165.00000000000003 23.500000000000004 1.5000000000000002 7.5000000000000009 428.50000000000006 40.500000000000007 39.500000000000007 2212.5000000000005 1114.4080614464626 0.87885272242000456 32.500000000000007 0.72834789246925447
decision_type=2 2 2 2 2 2 2 2 2 2 2 2 2 2 2 2 2 2 2 2 2 2 2 2 2 2 2 2 2 2
left_child=2 3 4 10 20 -4 12 11 22 -8 13 -3 -6 17 -10 -15 -14 -2 23 29 21 25 -5 24 -9 -1 -22 -7 -25 -20
right_child=1 7 5 8 6 27 9 18 14 -11 -12 -13 16 15 -16 -17 -18 -19 19 -21 26 -23 -24 28 -26 -27 -28 -29 -30 -31
leaf_value=0.16128955929577474 -0.051825652416548698 -0.051871819895501749 0.09052717187366513 0.13885433111818682 0.084729855052738848 -0.044430192947205981 0.06427653660094583 -0.064106564570867317 0.12852847766190767 -0.010023533046676395 0.055443412168663553 0.023032243357771633 0.11735588198185298 0.043506249066190238 0.078346202020164818 -0.00058212191978686484 0.15642860688375382 -0.0094449573623108848 -0.052905491479173151 -0.0033127598756255996 0.16076855162122486 0.12086025772819993 0.16982036088814464 -0.064725361151538971 -0.04826034769820662 0.14490686287365098 0.18560268404692534 -0.06771199631272945 -0.055898519242502907 -0.065024089816473479
leaf_weight=141.31334725022316 10.699294462800028 12.067451715469362 14.045068830251692 13.896732375025751 16.89556510746479 11.005645602941515 13.197806671261789 162.84748083353043 15.345886632800104 11.023545145988463 10.859223514795302 10.028306216001509 21.61052443087101 11.058196783065794 14.855229318141935 29.805167108774185 14.905427753925322 11.237721517682074 9.286098852753641 9.4648552089929563 15.151907920837401 12.945208147168158 15.592164188623427 490.67000345885754 69.500018730759621 20.946197718381882 17.282947927713394 11.004467114806173 18.164430722594261 21.163029581308365
leaf_count=649 67 82 74 65 85 66 76 1154 76 65 66 62 108 68 76 185 74 70 65 61 72 66 72 3493 483 97 84 68 128 148
internal_value=-0.000476875 -0.0435265 0.124972 0.0610032 0.140662 0.000624381 0.0908457 -0.0608904 0.129615 0.0301583 0.00530103 -0.0175427 0.118226 -0.00325335 0.104097 0.0111696 0.133516 -0.0304552 -0.0621071 -0.0479453 0.159251 0.156432 0.155489 -0.0628596 -0.0593989 0.159222 0.174241 -0.0564118 -0.064425 -0.061575
internal_weight=1257.87 936.541 321.328 133.35 285.272 36.0552 77.6329 803.192 59.69 24.2214 73.6596 22.0958 53.4115 62.8004 30.2011 40.8634 36.516 21.937 781.096 39.914 207.64 175.205 29.4889 741.182 232.347 162.26 32.4349 22.0101 508.834 30.4491
internal_count=8005 6421 1584 745 1376 208 408 5676 289 141 456 144 267 390 152 253 182 137 5532 274 968 812 137 5258 1637 746 156 134 3621 213
is_linear=0
shrinkage=0.0540709


Tree=4
num_leaves=24
num_cat=0
split_feature=99 20 120 17 73 24 16 2 26 73 83 5 86 88 5 8 17 104 91 16 16 98 24
split_gain=2453.25 338.611 113.456 56.328 37.0102 33.5197 24.8214 19.249 19.4899 11.0414 5.39208 5.11695 4.0853 3.38519 3.26109 2.121 3.37554 1.57299 0.896757 1.59168 1.53522 0.681095 0.256651
threshold=1.0000000180025095e-35 1.0000000180025095e-35 5.5000000000000009 26.500000000000004 8.5000000000000018 189.00000000000003 40.500000000000007 4.5000000000000009 1.5000000000000002 12.500000000000002 3.5000000000000004 268.00000000000006 13632.273362999998 0.71666666666666667 396.50000000000006 165.00000000000003 22.500000000000004 0.015490650112480627 3.5000000000000004 39.500000000000007 40.500000000000007 0.75709401016972977 149.50000000000003
decision_type=2 2 2 2 2 2 2 2 2 2 2 2 2 2 2 2 2 2 2 2 2 2 2
left_child=1 4 3 7 10 6 -2 8 -3 13 17 -12 -11 -6 -4 18 21 22 -7 -20 -21 -17 -1
right_child=5 2 14 -5 9 15 -8 -9 -10 12 11 -13 -14 -15 -16 16 -18 -19 19 20 -22 -23 -24
leaf_value=0.14111251008423931 0.043235552509961382 -0.0044772447121486014 0.14389791056305562 0.12068694055479449 0.046416031900167146 -0.063998707820918474 -0.052192849685668549 -0.06556226660965081 0.060734385465090808 0.13314503272748934 0.13509999937223333 0.091626556627621522 0.090729274307470437 0.085856364324844614 0.10575395574735794 -0.044016065104973363 -0.01850038986950359 0.12875189190544437 -0.063620944707651922 -0.048160662387711203 -0.061459826472762581 -0.064251663646868643 0.1491622199520265
leaf_weight=84.220465362071991 15.775880292057993 84.76667083799839 15.497665092349052 12.092496678233145 14.01923990249634 447.51308436691761 16.066895008087158 12.426812902092932 15.884728297591208 16.882074326276783 25.212103709578514 13.681775733828543 13.795800834894179 13.968908622860907 15.875881031155586 10.76869171857834 9.1502455323934537 27.755888149142265 139.04964272677898 64.917065769433975 55.614559888839722 19.548676609992981 98.857153698801994
leaf_count=367 93 530 69 60 68 3328 109 84 87 80 117 65 66 68 76 78 60 122 1029 466 410 143 430
internal_value=-0.000559645 0.0977094 0.0328791 0.00976853 0.130594 -0.0592649 -0.00468289 -0.00202973 0.00574206 0.0915732 0.13973 0.120003 0.114319 0.0663699 0.12484 -0.061583 -0.0485022 0.143333 -0.0623026 -0.0593495 -0.0543594 -0.0573114 0.145501
internal_weight=1243.34 464.938 156.544 125.171 308.393 778.405 31.8428 113.078 100.651 58.666 249.727 38.8939 30.6779 27.9881 31.3735 746.562 39.4676 210.834 707.094 259.581 120.532 30.3174 183.078
internal_count=8005 2289 906 761 1383 5716 202 701 617 282 1101 182 146 136 145 5514 281 919 5233 1905 876 221 797
is_linear=0
shrinkage=0.0540709


Tree=5
num_leaves=26
num_cat=0
split_feature=99 20 54 106 24 82 7 27 94 92 95 44 20 9 8 106 107 69 91 5 98 104 81 95 72
split_gain=2191.79 281.43 96.0129 47.6859 32.6821 32.0298 28.7535 42.7178 16.1336 8.24094 8.73127 4.0797 3.67372 2.99467 2.15687 3.30022 1.44484 1.91319 0.933829 0.796562 0.691223 0.439107 0.322398 0.294921 0.314049
threshold=1.0000000180025095e-35 1.0000000180025095e-35 5.5000000000000009 0.88333333333333341 189.00000000000003 5.5000000000000009 1.0000000180025095e-35 1.0000000180025095e-35 5.5000000000000009 29.500000000000004 1430.5000000000002 34.174442190669374 -2.4999999999999996 119.50000000000001 165.00000000000003 0.75000000000000011 1.0000000180025095e-35 13.500000000000002 3.5000000000000004 557.00000000000011 0.75709401016972977 -0.62984831780121397 11040.053550000002 2212.5000000000005 0.36382655001901865
decision_type=2 2 2 2 2 2 2 2 2 2 2 2 2 2 2 2 2 2 2 2 2 2 2 2 2
left_child=1 5 3 6 8 16 7 -3 -2 10 11 -7 -10 -4 18 20 23 -18 -6 -8 -16 -20 -23 24 -1
right_child=4 2 13 -5 14 9 19 -9 12 -11 -12 -13 -14 -15 15 -17 17 -19 21 -21 -22 22 -24 -25 -26
leaf_value=0.13547919633848615 0.045687305299939023 -0.0019020196783832738 0.096494136307463826 0.10848617051978145 -0.063342654187869968 0.084068599529862773 -0.040489938510123995 0.10855010443089846 -0.05901934217451496 0.11967648218914104 0.047646822429308983 0.1198239465323357 -0.011505693024964339 0.13238150543365632 -0.042927890101418641 -0.017710251495997042 0.10203703049507744 0.13061096301905917 -0.045458387483945768 -0.061971216780748677 -0.063577038811484118 -0.060379448008105553 -0.052967179490820089 0.12267702168052111 0.12127173659049689
leaf_weight=145.17727768421173 11.697957038879396 74.146990075707436 17.534298077225685 12.706630602478979 428.2285236120224 40.207762524485588 14.219521418213846 11.853403970599173 9.3909099251031911 25.512473538517952 16.649110674858093 14.071151688694952 10.6043496876955 15.117837429046629 10.453444689512255 9.0447251200675947 15.973595798015593 20.766408294439316 12.061303362250326 12.608964398503302 18.710863724350929 197.29325826466084 39.927147775888443 25.353399336338043 16.182333916425705
leaf_count=609 71 465 77 60 3328 185 90 62 66 115 78 65 65 68 78 60 68 88 92 84 143 1508 305 107 68
internal_value=-0.00062035 0.0897876 0.0307291 0.00918031 -0.0584596 0.118969 -0.00193974 0.013238 -0.00447578 0.0926537 0.0828262 0.0934783 -0.0341944 0.113344 -0.0608398 -0.0474615 0.130292 0.118396 -0.0615832 -0.0508655 -0.0564329 -0.0585305 -0.0591635 0.132592 0.134102
internal_weight=1225.49 478.081 158.188 125.536 747.412 319.894 112.829 86.0004 31.6932 96.4405 70.928 54.2789 19.9953 32.6521 715.719 38.209 223.453 36.74 677.51 26.8285 29.1643 249.282 237.22 186.713 161.36
internal_count=8005 2289 906 761 5716 1383 701 527 202 443 328 250 131 145 5514 281 940 156 5233 174 221 1905 1813 784 677
is_linear=0
shrinkage=0.0540709


Tree=6
num_leaves=26
num_cat=0
split_feature=99 20 54 17 24 73 7 27 16 73 77 103 92 5 57 86 8 17 16 86 91 16 16 98 98
split_gain=1970.48 238.932 82.2041 40.8446 31.9058 29.1819 26.408 36.0828 21.449 8.66933 4.64772 4.26282 7.23135 3.30567 3.27993 3.20302 2.19599 3.2273 1.59787 1.46841 0.975994 1.72778 1.64668 0.900983 0.703071
threshold=1.0000000180025095e-35 1.0000000180025095e-35 5.5000000000000009 26.500000000000004 189.00000000000003 8.5000000000000018 1.0000000180025095e-35 1.0000000180025095e-35 40.500000000000007 12.500000000000002 3.5000000000000004 -35.940999999999995 25.500000000000004 396.50000000000006 5261.9193379772978 13632.273362999998 165.00000000000003 22.500000000000004 40.500000000000007 -19837.537536499996 3.5000000000000004 39.500000000000007 40.500000000000007 1.059403382797534 0.75709401016972977
decision_type=2 2 2 2 2 2 2 2 2 2 2 2 2 2 2 2 2 2 2 2 2 2 2 2 2
left_child=1 5 3 6 8 10 7 -3 -2 14 23 19 -13 -4 -7 -11 20 24 -8 -12 -6 -22 -23 -1 -18
right_child=4 2 13 -5 16 9 18 -9 -10 15 11 12 -14 -15 -16 -17 17 -19 -20 -21 21 22 -24 -25 -26
leaf_value=0.12464851130330573 0.03858341232919911 -0.0018012914219089004 0.12220028880243793 0.098553304605647762 -0.062731154223642435 0.07181957746350924 -0.03255152194685007 0.097571147740161415 -0.050555410463193957 0.11144316837896516 0.107673006462206 0.076332986961535398 0.12035734500420878 0.085697520511090836 0.034373538253002857 0.075063869212736778 -0.041856555921720093 -0.016946910917747266 -0.061751932644789682 0.1341637752233043 -0.062354062211794715 -0.045804273902102684 -0.060014855917304037 0.11127036005682818 -0.062948565979037627
leaf_weight=153.08064293861389 16.304024025797844 74.062440112233162 16.511942565441132 13.215822607278822 409.53465887159109 15.575781106948854 10.980599418282509 12.456121832132338 15.262321025133135 18.235205635428429 17.258336290717125 27.881726995110512 19.983076959848404 17.182180613279343 14.144583463668821 14.749243289232252 10.149802580475809 8.9439858049154264 15.020240381360054 17.601815015077591 127.75212159752846 60.383509173989296 51.181141056120396 29.901245683431625 17.898148700594902
leaf_count=626 93 465 69 60 3328 71 69 62 109 80 73 120 85 76 65 66 78 60 105 74 1029 466 410 123 143
internal_value=-0.000668014 0.0831663 0.028792 0.00862817 -0.057686 0.10954 -0.00186988 0.0124221 -0.00428157 0.0760199 0.117422 0.106088 0.0948718 0.103812 0.0542507 0.095406 -0.0601332 -0.046443 -0.0497081 0.121268 -0.0609021 -0.0577408 -0.0523908 0.122504 -0.0555833
internal_weight=1205.25 487.841 159.429 125.735 717.41 328.412 112.519 86.5186 31.5663 62.7048 265.707 82.725 47.8648 33.6941 29.7204 32.9844 685.843 36.9919 26.0008 34.8602 648.851 239.317 111.565 182.982 28.048
internal_count=8005 2289 906 761 5716 1383 701 527 202 282 1101 352 205 145 136 146 5514 281 174 147 5233 1905 876 749 221
is_linear=0
shrinkage=0.0540709


Tree=7
num_leaves=25
num_cat=0
split_feature=99 120 29 24 7 29 16 52 72 92 105 118 16 8 106 76 67 103 16 16 86 42 92 92
split_gain=1780.82 204.002 120.994 31.1344 28.6027 22.7771 19.4626 8.69124 6.56294 5.81448 6.81929 5.696 3.77105 2.23862 3.15612 1.16887 1.96311 1.93021 0.872837 3.6926 1.95032 0.512421 0.224242 0.0661122
threshold=1.0000000180025095e-35 4.5000000000000009 1.0000000180025095e-35 189.00000000000003 1.0000000180025095e-35 189.00000000000003 40.500000000000007 0.86372673678670453 0.10018910349215882 28.500000000000004 0.94542206445918631 1.0000000180025095e-35 40.500000000000007 165.00000000000003 0.75000000000000011 4.5000000000000009 22.717142857142861 -24.306000000000001 40.500000000000007 39.500000000000007 -5047.2778904999968 233.64900000000003 32.500000000000007 28.500000000000004
decision_type=2 2 2 2 2 2 2 2 2 2 2 2 2 2 2 2 2 2 2 2 2 2 2 2
left_child=1 2 8 6 5 7 -2 -4 -1 10 -10 15 -6 18 21 23 17 -17 19 -5 -21 -15 -20 -3
right_child=3 11 4 13 12 -7 -8 -9 9 -11 -12 -13 -14 14 -16 16 -18 -19 22 20 -22 -23 -24 -25
leaf_value=0.10613132302306807 0.035735130677118324 0.1153867673758143 -0.0012246331351395072 -0.061841728635118449 -0.022690170551146898 0.079329782667464821 -0.04950678942541973 0.04632619624501387 0.050975196938564039 0.10156600408223582 0.094096495100961033 0.082387400472472713 -0.065187465738763162 -0.062414053577870506 -0.016209891120314159 0.10752140993728179 0.11885222084057226 0.077997345996853817 -0.062191552939352947 -0.062884822707424667 -0.038936609637212516 -0.043676278158887069 -0.051892577075019035 0.10759000637310165
leaf_weight=29.093138888478279 16.642001196742058 158.52568686008453 70.540945529937744 135.1505719050765 11.800025224685669 14.703677132725714 14.756899371743204 13.307533472776411 35.142897099256516 18.243471533060074 16.528401389718056 23.402791380882263 14.393823027610779 15.550474911928179 8.8478648066520673 16.774433463811874 17.490900486707687 15.585429787635801 411.21331594139338 14.800217054784296 44.523552291095257 11.418382443487642 15.432146072387694 39.047644183039665
leaf_count=125 93 641 429 1139 73 70 109 77 154 78 72 103 103 129 60 69 72 65 3493 118 355 92 128 158
internal_value=-0.000703953 0.0775566 0.0392991 -0.0569463 0.00381405 0.017217 -0.00409226 0.00623498 0.0839332 0.0745873 0.0649151 0.109137 -0.0463285 -0.0594612 -0.0454439 0.111636 0.102572 0.0935364 -0.0602575 -0.0567543 -0.0450379 -0.0547588 -0.0618366 0.113884
internal_weight=1182.92 494.581 223.754 688.335 124.746 98.5522 31.3989 83.8485 99.0079 69.9148 51.6713 270.827 26.1938 656.937 35.8167 247.424 49.8508 32.3599 621.12 194.474 59.3238 26.9689 426.645 197.573
internal_count=8005 2289 1181 5716 752 576 202 506 429 304 226 1108 176 5514 281 1005 206 134 5233 1612 473 221 3621 799
is_linear=0
shrinkage=0.0540709


Tree=8
num_leaves=27
num_cat=0
split_feature=99 20 120 17 24 76 7 26 16 107 94 5 92 8 17 104 57 16 16 16 86 98 98 98 92 98
split_gain=1615.39 181.651 62.6375 32.5607 30.3896 27.3475 22.2922 22.0428 17.6869 7.15606 4.57641 3.03226 2.71943 2.28482 3.6701 2.22685 2.04043 1.53882 0.914173 3.76257 1.94826 0.777636 0.308699 0.7101 0.241226 0.0347628
threshold=1.0000000180025095e-35 1.0000000180025095e-35 5.5000000000000009 26.500000000000004 189.00000000000003 74.500000000000014 1.0000000180025095e-35 1.5000000000000002 40.500000000000007 1.0000000180025095e-35 3.5000000000000004 396.50000000000006 29.500000000000004 165.00000000000003 23.500000000000004 0.015490650112480627 3109.0917411433179 40.500000000000007 40.500000000000007 39.500000000000007 -5047.2778904999968 0.75709401016972977 0.96736122817027437 1.0749773991549487 32.500000000000007 0.75489042026598641
decision_type=2 2 2 2 2 2 2 2 2 2 2 2 2 2 2 2 2 2 2 2 2 2 2 2 2 2
left_child=1 5 3 6 8 15 7 -3 -2 10 -7 -4 -12 18 21 22 -17 -8 19 -6 -21 -15 25 -24 -20 -1
right_child=4 2 11 -5 13 9 17 -9 -10 -11 12 -13 -14 14 -16 16 -18 -19 24 20 -22 -23 23 -25 -26 -27
leaf_value=0.10673520219761178 0.033164877511890879 -0.00053310770934135074 0.10661801723953798 0.085754110349463689 -0.06128477834982235 0.05614541090427879 -0.030750756978194925 0.076088591869815633 -0.048478629407401719 0.043739264775004845 0.079006223263417552 0.072479559344815786 0.10766077366657312 -0.03952687780080226 -0.011350676057758849 0.075349349902027282 0.10523311714178636 -0.060145043108816867 -0.061657720634429154 -0.062293384553461582 -0.037894416448420593 -0.061969463964255546 0.090890139499334874 0.10784688025056133 -0.0510246656700232 0.11369718992932167
leaf_weight=98.238303244113922 16.953249633312225 74.843415543437004 17.056015431880951 13.841146111488341 129.16858949512243 20.338077574968338 10.639497056603432 12.824991688132284 14.268589556217195 22.982748240232468 38.723883509635925 17.976743713021278 15.908348411321638 9.5150322243571299 8.0739765018224698 16.47648149728775 16.300340160727501 13.892242178320885 392.84937483072281 14.150693297386168 43.308319978415966 17.095568783581257 20.611780360341072 31.775164440274239 14.861790642142294 56.745318546891212
leaf_count=394 93 467 69 60 1139 86 69 60 109 100 165 76 66 78 55 67 66 105 3493 118 355 148 83 128 128 228
internal_value=-0.000732675 0.0726628 0.0253428 0.00750153 -0.0562342 0.0951843 -0.0020874 0.0105932 -0.00391081 0.0708698 0.0790868 0.0893167 0.0874894 -0.0588195 -0.0444601 0.10507 0.0904424 -0.0477018 -0.0596449 -0.0560138 -0.044034 -0.0542264 0.107346 0.10132 -0.0612885 0.109333
internal_weight=1159.42 499.174 161.074 126.041 660.245 338.1 112.2 87.6684 31.2218 97.9531 74.9703 35.0328 54.6322 629.023 34.6846 240.147 32.7768 24.5317 594.339 186.628 57.459 26.6106 207.371 52.3869 407.711 154.984
internal_count=8005 2289 906 761 5716 1383 701 527 202 417 317 145 231 5514 281 966 133 174 5233 1612 473 226 833 211 3621 622
is_linear=0
shrinkage=0.0540709


Tree=9
num_leaves=28
num_cat=0
split_feature=99 54 29 24 7 27 94 98 71 118 97 105 86 8 106 21 105 76 76 98 91 98 98 104 81 98 71
split_gain=1470.68 163.144 92.6396 29.6703 23.9642 30.6533 12.8352 7.69877 6.6058 5.12146 4.5795 5.46955 2.59172 2.33212 3.57276 2.02307 1.5957 1.35635 1.15214 2.07697 1.11939 0.792066 0.557093 0.553105 0.425281 0.33367 0.000131687
threshold=1.0000000180025095e-35 4.5000000000000009 1.0000000180025095e-35 189.00000000000003 1.0000000180025095e-35 1.0000000180025095e-35 5.5000000000000009 0.89437247802640807 0.80829646017699119 1.0000000180025095e-35 3.4195402298850577 0.83320377026838965 1872.0439299999964 165.00000000000003 0.78333333333333355 2.5000000000000004 0.7090900989881298 237.50000000000003 4.5000000000000009 0.77833569402453795 3.5000000000000004 0.75709401016972977 1.059403382797534 -0.62984831780121397 11040.053550000002 0.9708975860311535 0.89366689594209026
decision_type=2 2 2 2 2 2 2 2 2 2 2 2 2 2 2 2 2 2 2 2 2 2 2 2 2 2 2
left_child=1 2 8 6 5 7 -2 -4 10 18 12 -12 -1 20 21 -6 -8 -10 22 -20 -5 -15 26 -22 -25 -21 -3
right_child=3 9 4 13 15 -7 16 -9 17 -11 11 -13 -14 14 -16 -17 -18 -19 19 25 23 -23 -24 24 -26 -27 -28
leaf_value=0.089640824042919273 0.03930501713319675 0.10371806951386857 0.012863316564552731 -0.061127135236454355 -0.024257805638476234 0.073088968005805666 -0.015252078338321953 -0.02184793297385916 0.10466407890881278 0.071515860708928611 0.022656481039883703 0.069491490702831824 0.059758531304611076 -0.038500421977560907 -0.010818110288571429 -0.057479947851308867 -0.048242691706187418 0.079167749909047333 0.072924443267255945 0.10637431114746532 -0.040518457681814384 -0.061448185530795743 0.091928521110808556 -0.057686739216544977 -0.049107368019501683 0.089341043208651036 0.093593551994775828
leaf_weight=20.053449437022209 12.162415593862535 150.70187073945999 48.573220655322075 357.12921667844057 9.954525254666807 20.953420013189316 9.5970663726329821 30.339434459805489 17.533774927258492 24.066793531179428 15.177546843886377 15.233876466751097 18.952064603567123 9.2479970902204531 8.0151674747467023 14.820449337363241 9.2781626433134061 15.539108604192732 17.006369009613991 17.819812953472137 10.356676168739794 16.329381324350834 31.9585280418396 166.96970992535353 34.048798866569996 16.062987759709358 16.707838818430901
leaf_count=83 71 604 295 3328 67 93 66 188 72 103 65 65 79 78 55 109 65 65 69 72 92 148 128 1508 305 65 67
internal_value=-0.00075387 0.0684122 0.0344667 -0.0555464 0.00309081 0.0149553 -0.00373673 -0.00038864 0.0725509 0.0964904 0.0627399 0.0463637 0.0753152 -0.0582049 -0.0434948 -0.044433 -0.0318639 0.0929142 0.098862 0.0901175 -0.0590609 -0.0534439 0.101056 -0.0555344 -0.0562709 0.0985236 0.102753
internal_weight=1134.59 501.455 227.131 633.135 124.641 99.8661 31.0376 78.9127 102.49 274.324 69.4169 30.4114 39.0055 602.097 33.5925 24.775 18.8752 33.0729 250.257 50.8892 568.504 25.5774 199.368 211.375 201.019 33.8828 167.41
internal_count=8005 2289 1181 5716 752 576 202 483 429 1108 292 130 162 5514 281 176 131 137 1005 206 5233 226 799 1905 1813 137 671
is_linear=0
shrinkage=0.0540709


Tree=10
num_leaves=25
num_cat=0
split_feature=99 54 29 24 7 27 16 38 71 92 78 7 16 8 17 107 86 76 91 16 67 98 29 98
split_gain=1342.46 147.461 81.3699 29.0323 21.8861 26.7362 15.6888 7.28087 5.75052 6.72441 9.07355 5.157 4.15036 2.38051 3.47696 2.36722 3.05767 1.19676 1.17573 1.98801 1.91083 0.807385 0.611477 0.616123
threshold=1.0000000180025095e-35 4.5000000000000009 1.0000000180025095e-35 189.00000000000003 1.0000000180025095e-35 1.0000000180025095e-35 40.500000000000007 429280.37000000011 0.80829646017699119 28.500000000000004 0.65025625489156524 0.47360679774997855 38.500000000000007 165.00000000000003 23.500000000000004 1.0000000180025095e-35 -5047.2778904999968 237.50000000000003 3.5000000000000004 39.500000000000007 8.4115384615384645 0.75709401016972977 189.00000000000003 0.9989394006637593
decision_type=2 2 2 2 2 2 2 2 2 2 2 2 2 2 2 2 2 2 2 2 2 2 2 2
left_child=1 2 8 6 5 7 -2 -4 9 10 -1 15 -6 18 21 22 -17 -10 -5 -20 -21 -15 23 -3
right_child=3 11 4 13 12 -7 -8 -9 17 -11 -12 -13 -14 14 -16 16 -18 -19 19 20 -22 -23 -24 -25
leaf_value=0.070543204540479382 0.030388025418714475 0.096339543256010018 -0.015222717017949449 -0.060657889268108618 -0.013434357045864685 0.067702752004052638 -0.047136791660316736 0.017814152938287028 0.097793051008158383 0.086639998193926704 0.024367567381689333 0.062654056189064333 -0.060948433275769945 -0.037485877542792201 -0.010307267235684443 0.093126090672749129 0.060244630561744873 0.073822979804446187 -0.060210656399831142 -0.028281861599576203 -0.051908986185055336 -0.0609596110415659 0.10477453842692419 0.086248800306888446
leaf_weight=26.191448748111725 17.27888622879982 142.24814012646675 43.633999332785606 340.87726295739412 9.0920488685369492 21.384683519601822 13.637263014912607 35.24536706507206 17.744645908474922 19.032688468694687 24.944462507963181 18.601444408297539 14.981008566915989 8.9918982610106486 7.959237575531005 23.03289732336998 15.800617620348929 15.756728157401083 106.94392069429159 13.095174930989741 82.708110518753529 15.590485796332358 33.800854206085205 40.530314192175865
leaf_count=109 93 573 270 3328 60 93 109 213 72 78 105 78 116 78 55 93 65 65 1029 119 757 148 136 163
internal_value=-0.000769492 0.0646407 0.0324641 -0.0548721 0.00290684 0.0140784 -0.0035704 -0.000367193 0.0678418 0.0587087 0.0481649 0.0913874 -0.0433129 -0.057612 -0.0425432 0.0934505 0.0799417 0.0867453 -0.0585003 -0.0548357 -0.0487573 -0.052678 0.0958378 0.0941435
internal_weight=1109.1 502.021 228.007 607.082 124.337 100.264 30.9161 78.8794 103.67 70.1686 51.1359 274.014 24.0731 576.166 32.5416 255.413 38.8335 33.5014 543.624 202.747 95.8033 24.5824 216.579 182.778
internal_count=8005 2289 1181 5716 752 576 202 483 429 292 214 1108 176 5514 281 1030 158 137 5233 1905 876 226 872 736
is_linear=0
shrinkage=0.0540709


Tree=11
num_leaves=25
num_cat=0
split_feature=99 54 29 25 7 27 17 16 20 93 71 92 78 16 16 16 55 73 87 44 8 98 92 58
split_gain=1228.25 134.367 71.8252 28.1867 20.0023 23.4261 14.2586 11.0385 7.94397 7.06462 5.08369 5.94929 7.92263 4.03454 1.96297 3.0349 2.38661 1.92175 2.07072 1.10468 1.01473 0.479237 0.305608 0.0841813
threshold=1.0000000180025095e-35 4.5000000000000009 1.0000000180025095e-35 94.500000000000014 1.0000000180025095e-35 1.0000000180025095e-35 28.500000000000004 40.500000000000007 12.500000000000002 1.0000000180025095e-35 0.80829646017699119 28.500000000000004 0.65025625489156524 38.500000000000007 40.500000000000007 39.500000000000007 14.500000000000002 1.5000000000000002 -2894.9452499999993 25.894871794871793 165.00000000000003 1.059403382797534 32.500000000000007 145.50000000000003
decision_type=2 2 2 2 2 2 2 2 2 2 2 2 2 2 2 2 2 2 2 2 2 2 2 2
left_child=1 2 10 -2 5 9 14 -8 17 -4 11 12 -1 -6 15 20 -17 21 -19 -12 -5 23 -16 -3
right_child=3 8 4 6 13 -7 7 -9 -10 -11 19 -13 -14 -15 22 16 -18 18 -20 -21 -22 -23 -24 -25
leaf_value=0.065953068608091414 0.053769351685379864 0.090523819666808628 -0.022237023962768058 -0.059429850494834319 -0.012815338038923164 0.062949832815023074 0.025470326033549619 -0.04907336376167911 0.049788829335044929 0.011573659304363035 0.092655328472511705 0.081273213262178817 0.022935982654512185 -0.060154874530513526 -0.060259722927082676 -0.015040469192564092 -0.046427416330483681 0.087782432727876933 0.061951470262771959 0.069712496887612219 -0.046934258883592393 0.083481127407794398 -0.048422096555039602 0.096686138799124258
leaf_weight=26.490747228264809 6.9112466871738425 97.819658324122429 28.016616672277451 113.46210616081953 9.0180613994598389 21.745196297764778 10.936965107917786 12.215211816132069 16.727819532155991 50.831782698631287 16.844414427876472 19.187766388058662 25.065094187855721 14.374604679644108 341.92748764157295 9.3886553868651372 42.747398540377617 28.484552994370461 17.450800448656082 16.932528927922249 31.114324241876602 34.478706225752831 13.234286420047281 77.645271509885788
leaf_count=109 41 397 173 1142 60 93 59 102 70 310 68 78 105 116 3492 85 393 115 72 69 274 139 128 315
internal_value=-0.000781858 0.0612627 0.0306306 -0.0542219 0.00273461 0.0132637 -0.0555329 -0.013541 0.0869118 -0.000346584 0.0636504 0.0550795 0.0451845 -0.0422239 -0.0572811 -0.0526232 -0.0409179 0.0893093 0.0781336 0.081378 -0.0567925 0.0917185 -0.0598397 0.093294
internal_weight=1083.05 501.114 228.507 581.938 123.986 100.594 575.026 23.1522 272.607 78.8484 104.521 70.7436 51.5558 23.3927 551.874 196.712 52.1361 255.879 45.9354 33.7769 144.576 209.944 355.162 175.465
internal_count=8005 2289 1181 5716 752 576 5675 161 1108 483 429 292 214 176 5514 1894 478 1038 187 137 1416 851 3620 712
is_linear=0
shrinkage=0.0540709


Tree=12
num_leaves=25
num_cat=0
split_feature=99 83 29 25 34 16 17 17 16 20 36 56 65 50 16 16 86 8 104 101 104 24 106 92
split_gain=1126 124.376 63.6616 28.3487 19.2122 19.6879 15.1163 14.0719 10.1744 6.18161 5.09711 9.77385 6.45436 4.64259 2.03833 3.08928 2.16657 1.03185 0.973975 0.634786 0.342326 0.33185 0.307588 0.163091
threshold=1.0000000180025095e-35 3.5000000000000004 1.0000000180025095e-35 80.500000000000014 1.0000000180025095e-35 39.500000000000007 22.500000000000004 28.500000000000004 40.500000000000007 5.5000000000000009 81.500000000000014 227175.37900000004 2938.1241305699673 61.500000000000007 40.500000000000007 39.500000000000007 -5047.2778904999968 165.00000000000003 0.015490650112480627 4.5361111111111123 -0.99887290646989524 149.50000000000003 1.7833333333333334 35.500000000000007
decision_type=2 2 2 2 2 2 2 2 2 2 2 2 2 2 2 2 2 2 2 2 2 2 2 2
left_child=1 9 10 -2 5 6 -4 14 -9 18 11 12 -3 -13 15 17 -17 -5 21 -7 -16 22 -1 -22
right_child=3 2 4 7 -6 19 -8 8 -10 -11 -12 13 -14 -15 20 16 -18 -19 -20 -21 23 -23 -24 -25
leaf_value=0.077682302425609667 0.056293918087900081 0.047761494925003811 -0.0043292371853113527 -0.058964474203404317 0.06161549277784488 -0.064283338624558817 0.049788533204328481 0.023787781469254764 -0.048147043113064801 0.057610669188417618 0.08415040203169219 0.050278978590260613 0.085301001757281059 0.0086297439053406953 -0.042387436857972569 -0.060511300668292217 -0.033192849326847816 -0.046216006038276608 0.076091450114875087 -0.040617058712697697 -0.060014716966790164 0.091390294024541505 0.088060741301389522 -0.047064014803349562
leaf_weight=30.365379586815834 6.7141810283064833 26.755413323640823 75.009739682078362 108.31518914550543 14.909462034702299 10.287380523979666 18.836763978004456 11.073547884821892 11.788858167827129 25.018892362713814 21.656058043241501 16.321826294064522 29.836240261793137 15.995907500386236 6.4045686870813361 12.248366810381411 38.308808416128159 30.362337075173855 31.282697051763535 8.782392166554926 324.20274901390076 114.3460510969162 59.473151817917824 8.3589897304773313
leaf_count=124 38 109 464 1142 67 85 96 59 102 105 88 67 121 66 68 120 358 276 127 57 3469 469 244 84
internal_value=-0.000789995 0.058223 0.0299527 -0.0535846 0.00390348 -0.00365239 0.00645536 -0.054937 -0.0129828 0.0840665 0.0600009 0.0540336 0.0676862 0.029895 -0.0567388 -0.0519208 -0.0399597 -0.0562274 0.0868455 -0.0537775 -0.0594065 0.0884561 0.0846371 -0.0597117
internal_weight=1056.65 498.877 238.391 557.778 127.826 112.916 93.8465 551.063 22.8624 260.486 110.565 88.9094 56.5917 32.3177 528.201 189.235 50.5572 138.678 235.467 19.0698 338.966 204.185 89.8385 332.562
internal_count=8005 2289 1220 5716 769 702 560 5678 161 1069 451 363 230 133 5517 1896 478 1418 964 142 3621 837 368 3553
is_linear=0
shrinkage=0.0540709


Tree=13
num_leaves=26
num_cat=0
split_feature=99 83 29 9 7 17 34 17 16 20 36 73 57 65 16 16 16 86 75 98 86 98 104 92 98
split_gain=1033.77 115.374 56.5809 27.0365 20.9677 14.7764 14.7035 10.1448 8.37958 6.07582 4.48184 8.94159 8.57131 4.39192 4.1096 1.98735 3.35879 2.18058 1.00152 1.76432 0.86186 0.790704 0.358187 0.179753 0.0451301
threshold=1.0000000180025095e-35 3.5000000000000004 1.0000000180025095e-35 1.0000000180025095e-35 1.0000000180025095e-35 28.500000000000004 1.0000000180025095e-35 21.500000000000004 40.500000000000007 5.5000000000000009 81.500000000000014 8.5000000000000018 6488.8420431818204 3273.4109459096853 38.500000000000007 40.500000000000007 39.500000000000007 -5047.2778904999968 1042.7201000000002 0.80720924582111853 53314.298669000033 1.059403382797534 -0.99887290646989524 35.500000000000007 1.1978176751666509
decision_type=2 2 2 2 2 2 2 2 2 2 2 2 2 2 2 2 2 2 2 2 2 2 2 2 2
left_child=1 9 10 -2 6 15 7 -4 -7 18 11 13 -13 -3 -6 16 20 -18 21 -20 -5 -1 -17 -24 -23
right_child=3 2 4 5 14 8 -8 -9 -10 -11 -12 12 -14 -15 -16 22 17 -19 19 -21 -22 24 23 -25 -26
leaf_value=0.087097885999988439 0.058463465206827742 0.050360755288412773 -0.0038192763438296977 -0.05707548355140931 -0.012360060303927591 0.018306575208329592 0.068469462724409832 0.037827832077187068 -0.044477993581135744 0.054407073027890766 0.079159093999950067 0.05319598388849954 0.006113448099852461 0.087274002407415813 -0.060300758285138562 -0.041506141038213422 -0.060054225740434626 -0.031895271300127724 0.058434907333178202 0.084901346473574654 -0.033228946366401557 0.069070148185578953 -0.059629915561425093 -0.04623284659433375 0.081215017349895446
leaf_weight=161.37352110445499 6.2268826141953459 19.568535447120667 68.714438140392303 125.83905998617411 8.8436665832996368 12.234773725271225 12.792585179209707 22.665696501731873 12.425222106277943 25.058421894907951 21.773179918527603 29.455931231379509 18.964848905801773 21.244621053338051 14.55148696154356 6.1928177550435057 11.48911017924547 36.940533131361008 15.932945653796194 20.306686088442802 6.1863776817917815 15.818740621209143 308.96711747348309 8.0575323998928052 18.70552359521389
leaf_count=674 39 79 418 1347 59 64 53 117 109 105 88 120 78 86 122 68 118 354 65 83 65 65 3468 84 77
internal_value=-0.00079627 0.0554362 0.028305 -0.0529622 0.00367927 -0.0542897 0.0141212 0.00643054 -0.0130296 0.0805738 0.0565374 0.0509331 0.034909 0.0697601 -0.0424973 -0.0562951 -0.0514175 -0.0387305 0.0833661 0.0734734 -0.0560146 0.0851576 -0.058995 -0.059313 0.0758691
internal_weight=1030.33 495.771 238.575 534.559 127.568 528.333 104.173 91.3801 24.66 257.196 111.007 89.2339 48.4208 40.8132 23.3952 503.673 180.455 48.4296 232.137 36.2396 132.025 195.898 323.217 317.025 34.5243
internal_count=8005 2289 1220 5716 769 5677 588 535 173 1069 451 363 198 165 181 5504 1884 472 964 148 1412 816 3620 3552 142
is_linear=0
shrinkage=0.0540709


Tree=14
num_leaves=26
num_cat=0
split_feature=99 54 29 9 7 27 17 16 79 7 92 87 82 16 56 107 103 16 16 86 6 16 98 92 26
split_gain=950.537 108.156 50.6986 25.2355 15.8555 18.1232 14.5979 7.73506 6.81922 5.09101 4.15887 3.91665 4.06665 3.58625 3.39381 2.5619 3.21382 2.08146 3.40069 2.17597 0.92316 0.653239 0.847239 0.381598 0.140748
threshold=1.0000000180025095e-35 4.5000000000000009 1.0000000180025095e-35 1.0000000180025095e-35 1.0000000180025095e-35 1.0000000180025095e-35 28.500000000000004 40.500000000000007 3.5000000000000004 0.47360679774997855 29.500000000000004 1036.5500000000009 74.500000000000014 38.500000000000007 231756.98150000005 1.0000000180025095e-35 -35.940999999999995 40.500000000000007 39.500000000000007 -5047.2778904999968 173.02500000000003 38.500000000000007 0.9989394006637593 32.500000000000007 1.5000000000000002
decision_type=2 2 2 2 2 2 2 2 2 2 2 2 2 2 2 2 2 2 2 2 2 2 2 2 2
left_child=1 2 10 -2 5 8 17 -8 -4 15 11 12 -1 -6 -13 21 -17 18 20 -20 -5 22 -3 -19 -23
right_child=3 9 4 6 13 -7 7 -9 -10 -11 -12 14 -14 -15 -16 16 -18 23 19 -21 -22 24 -24 -25 -26
leaf_value=0.050476272990353163 0.053557339621732307 0.080638532761305184 -0.036216710489094958 -0.058141440831128412 -0.012401986126827349 0.05417306362228206 0.017165921546658171 -0.043514920867993835 0.0061064545029964517 0.048070709301035519 0.071792333573335615 0.075223228750028126 0.014209652085397484 -0.058256967006025367 0.042525631098200282 0.082286411139712232 0.04912733156816964 -0.059086789006879199 -0.059635735108827206 -0.030937962762211189 -0.045223178079456638 0.082463822438498077 0.067113379730838391 -0.045833553848187374 0.09161913693641055
leaf_weight=19.937208041548729 6.4241333603858939 88.40233051776886 13.383988887071608 99.490796834230423 8.932449072599411 22.266270563006401 12.339379191398621 12.024657182395458 65.752624645829201 18.387524500489235 27.400023758411407 19.495101824402809 17.843949064612389 12.825922675430775 20.931479185819626 17.613110795617104 20.259604185819626 296.42917533218861 10.958683148026465 36.049336917698383 26.814244754612446 62.880752325057983 25.654777318239212 11.77298393845558 29.685699954628944
leaf_count=81 39 375 82 1148 60 93 64 109 401 78 111 79 73 116 85 74 84 3492 118 354 264 268 107 128 122
internal_value=-0.000799378 0.0528993 0.0256645 -0.052348 0.00203113 0.0110751 -0.0537077 -0.0124804 -0.000958857 0.0765714 0.0531555 0.0465298 0.0335451 -0.0397749 0.0584796 0.0786841 0.0647473 -0.0557783 -0.0507086 -0.0377878 -0.0554583 0.0812021 0.0776625 -0.0586048 0.0854818
internal_weight=1003.96 491.653 228.769 512.303 123.161 101.403 505.879 24.364 79.1366 262.884 105.608 78.2077 37.7812 21.7584 40.4266 244.496 37.8727 481.515 173.313 47.008 126.305 206.624 114.057 308.202 92.5665
internal_count=8005 2289 1181 5716 752 576 5677 173 483 1108 429 318 154 176 164 1030 158 5504 1884 472 1412 872 482 3620 390
is_linear=0
shrinkage=0.0540709


Tree=15
num_leaves=25
num_cat=0
split_feature=99 83 29 24 7 34 16 17 20 71 107 16 86 8 17 53 91 16 67 75 98 98 98 98
split_gain=874.977 101.492 45.233 25.9394 17.6971 11.6915 10.239 8.80038 6.3776 4.76051 4.72841 3.93119 3.68262 2.81458 3.835 1.7674 1.4811 2.30898 2.14199 1.11172 1.72365 1.02326 0.838229 0.0531809
threshold=1.0000000180025095e-35 3.5000000000000004 1.0000000180025095e-35 189.00000000000003 1.0000000180025095e-35 1.0000000180025095e-35 40.500000000000007 21.500000000000004 5.5000000000000009 0.80829646017699119 1.0000000180025095e-35 38.500000000000007 -1965.0281935000005 165.00000000000003 23.500000000000004 0.081490914909262566 3.5000000000000004 39.500000000000007 8.4115384615384645 1042.7201000000002 0.80720924582111853 0.75709401016972977 1.059403382797534 1.1978176751666509
decision_type=2 2 2 2 2 2 2 2 2 2 2 2 2 2 2 2 2 2 2 2 2 2 2 2
left_child=1 8 9 6 5 7 -2 -4 19 10 12 -6 -3 16 21 -11 -5 -18 -19 22 -21 -15 -1 -24
right_child=3 2 4 13 11 -7 -8 -9 -10 15 -12 -13 -14 14 -16 -17 17 18 -20 20 -22 -23 23 -25
leaf_value=0.081541580438044617 0.022262844634751165 0.069298557851150716 -0.004005265730805764 -0.05869762517844742 -0.011292665829740842 0.060601544465553957 -0.04256030125377127 0.034552041355981201 0.047937325258567698 0.054399243058162711 0.021128213131734973 -0.059106837692115638 0.039529218350758587 -0.031346670238268079 -0.0020163760585842766 0.081218892142397123 -0.058097310742716755 -0.021512806482508941 -0.048258038624600673 0.052435688578795485 0.078764959328363693 -0.05925873044447915 0.063336535187709139 0.075338353781500944
leaf_weight=155.08077324926853 18.287991836667061 21.428257375955582 68.669194459915161 268.77316539734602 8.7114167362451553 12.964272379875181 11.640308037400247 23.035870119929314 24.866384752094746 17.806627735495567 22.275523215532303 13.466460637748241 33.116795152425766 7.6063451245427194 7.1082177460193625 16.567444205284119 84.809861533343792 11.26971313357353 68.601745910942554 15.592016667127607 19.768295854330063 12.83754739910364 15.398858636617659 18.145060569047928
leaf_count=674 93 87 418 3328 59 53 109 117 105 72 91 122 134 78 55 67 1029 119 757 65 83 148 65 77
internal_value=-0.000800049 0.0505523 0.025264 -0.0517447 0.00313348 0.0124843 -0.00270377 0.00560014 0.074712 0.0504427 0.0426922 -0.0406617 0.051362 -0.0549123 -0.0373258 0.067545 -0.0560129 -0.0515857 -0.0445776 0.0776509 0.0673681 -0.0492397 0.0795386 0.0700535
internal_weight=977.828 486.893 238.042 490.935 126.847 104.669 29.9283 91.7051 248.851 111.195 76.8206 22.1779 54.5451 461.007 27.5521 34.3741 433.454 164.681 79.8715 223.985 35.3603 20.4439 188.625 33.5439
internal_count=8005 2289 1220 5716 769 588 202 535 1069 451 312 181 221 5514 281 139 5233 1905 876 964 148 226 816 142
is_linear=0
shrinkage=0.0540709


Tree=16
num_leaves=26
num_cat=0
split_feature=99 83 29 24 7 86 52 94 20 48 71 98 105 8 106 95 63 91 104 98 95 46 46 24 106
split_gain=806.3 95.294 40.5216 25.3439 16.1827 11.3449 12.3784 9.77364 6.32674 5.28005 4.33977 4.34125 5.21968 2.8661 3.69193 2.54703 1.78044 1.55454 1.17354 1.03654 0.992125 1.94595 0.76816 0.366422 0.404666
threshold=1.0000000180025095e-35 3.5000000000000004 1.0000000180025095e-35 189.00000000000003 1.0000000180025095e-35 7971.7757074999708 0.83747768487073881 5.5000000000000009 5.5000000000000009 122.50000000000001 0.82356978481165977 1.0149453209294381 0.89548125582187998 165.00000000000003 0.78333333333333355 1180.5000000000002 84633.529500000019 3.5000000000000004 0.015490650112480627 0.75709401016972977 414.50000000000006 1261.5000000000002 317.50000000000006 149.50000000000003 1.7833333333333334
decision_type=2 2 2 2 2 2 2 2 2 2 2 2 2 2 2 2 2 2 2 2 2 2 2 2 2
left_child=1 8 10 7 5 6 -4 -2 18 -7 11 12 -3 17 19 -9 -6 -5 23 -15 21 -19 -22 24 -1
right_child=3 2 4 13 16 9 -8 15 -10 -11 -12 -13 -14 14 -16 -17 -18 20 -20 -21 22 -23 -24 -25 -26
leaf_value=0.065643704790456864 0.033691684915114546 0.037837521125044148 0.014312318184787407 -0.058366452486509221 -0.057821911393823026 -0.026398109285918656 0.075722595167653575 -0.050906066640350078 0.045470981734296152 0.015715733684783042 0.065853804782139105 0.015365904684443543 0.073326744627188689 -0.030409886577746639 -0.0019101258100968222 -0.0082006235738060727 -0.0247943066020802 -0.053280241030812289 0.063560802271583311 -0.058898125702501539 -0.043841442940358535 -0.014778347805593846 -0.055005662747565284 0.079880716465578691 0.076646332085603688
leaf_weight=28.48052254319191 12.442857280373575 47.782342702150345 55.054271161556244 256.03152269124985 9.4556090906262416 24.902161151170731 11.765675246715544 8.2891953960061091 24.799563027918339 13.148481428623198 29.8062744140625 16.229828044772148 17.249892666935921 7.4219292998313966 7.0982945412397376 9.0093593597412092 12.104507833719252 9.7560082226991671 29.682694628834724 12.23427804559469 31.224027492105961 7.3957193642854682 109.55268241465092 105.94191850721836 55.088501036167145
leaf_count=124 71 194 307 3328 80 144 62 71 105 75 121 66 70 78 55 60 101 117 127 148 372 88 1328 469 244
internal_value=-0.000799474 0.0483818 0.0239534 -0.0511502 0.0029572 0.011783 0.0252382 -0.00257827 0.0721293 -0.0116513 0.0477866 0.0410671 0.0473669 -0.0544112 -0.0364326 -0.0290954 -0.0396264 -0.0555552 0.0751112 -0.0485219 -0.05095 -0.0371133 -0.0525827 0.0768806 0.0729869
internal_weight=951.948 481.492 237.499 470.456 126.431 104.871 66.8199 29.7414 243.993 38.0506 111.068 81.2621 65.0322 440.714 26.7545 17.2986 21.5601 413.96 219.194 19.6562 157.928 17.1517 140.777 189.511 83.569
internal_count=8005 2289 1220 5716 769 588 369 202 1069 219 451 330 264 5514 281 131 181 5233 964 226 1905 205 1700 837 368
is_linear=0
shrinkage=0.0540709


Tree=17
num_leaves=30
num_cat=0
split_feature=99 83 29 24 20 7 16 98 57 103 72 16 16 16 103 44 55 95 76 45 6 17 95 53 98 95 98 104 92
split_gain=743.279 90.2288 33.6128 24.7908 11.8812 11.5565 8.99903 6.75897 6.64259 6.03824 5.06021 3.39163 3.06149 3.12106 2.95744 5.07814 2.55302 2.85514 2.47039 4.65182 1.86766 4.7307 1.31877 1.21618 0.902245 0.749745 0.670202 0.594831 0.0366169
threshold=1.0000000180025095e-35 20.500000000000004 1.0000000180025095e-35 189.00000000000003 13.500000000000002 1.0000000180025095e-35 40.500000000000007 0.89437247802640807 3985.5483589324626 3.2279999999999913 0.11646077982817342 38.500000000000007 40.500000000000007 39.500000000000007 33.409999999999997 22.423641069887839 14.500000000000002 1108.5000000000002 1.5000000000000002 12.039153971995363 173.02500000000003 23.500000000000004 275.50000000000006 0.077240222284910912 1.059403382797534 2278.0000000000005 0.98651289821355259 -0.99887290646989524 33.500000000000007
decision_type=2 2 2 2 2 2 2 2 2 2 2 2 2 2 2 2 2 2 2 2 2 2 2 2 2 2 2 2 2
left_child=1 4 10 6 18 7 -2 9 -9 -4 23 -7 13 20 15 -12 -15 -18 24 -20 22 -22 -5 -3 28 27 -21 -14 -1
right_child=3 2 5 12 -6 11 -8 8 -10 -11 14 -13 25 16 -16 -17 17 -19 19 26 21 -23 -24 -25 -26 -27 -28 -29 -30
leaf_value=0.077363617171011756 0.020342636700051722 0.049468929401933565 0.040631078457663908 -0.02765449979417622 0.025664342789693678 -0.0091050268440292133 -0.041186584806129169 0.022948029768681537 -0.026604391645241577 0.0054545596855305328 0.044217549156573055 -0.056926753562574157 -0.035108886330183289 -0.0061891336977154959 0.050537180647276726 0.0062050868605275497 -0.021637940337025114 -0.054287756379689377 0.039708098790362287 0.076887755125204321 -0.052992193096136807 0 -0.058160210080151251 0.07276763234189737 0.063794627723070055 -0.038788854107803 0.059611919052999701 -0.058541690720757704 0.068095638156630084
leaf_weight=131.52424658834934 18.512787014245987 16.747649401426315 23.505903840065002 5.3755924627184859 18.864972643554211 7.6920927166938791 11.097535997629167 11.587113857269285 24.290662229061127 37.801545977592468 21.427072584629059 11.322602175176144 4.8333278000354758 8.0942670032381994 22.920002430677414 20.731995478272438 14.287275806069372 20.388842202723026 21.32832370698452 30.456991761922836 17.589270964264873 6.733736313879489 81.57150786370039 16.166660979390144 28.128280475735664 8.4129068553447706 15.17557556927204 254.02115009725094 16.339989110827446
leaf_count=599 93 68 127 69 88 54 109 68 140 215 87 112 63 85 93 84 161 231 92 133 212 52 1083 66 124 111 65 3447 74
internal_value=-0.000799258 0.0463181 0.0202415 -0.050555 0.0676228 0.000506755 -0.00246939 0.00811224 -0.0103945 0.0190631 0.0435668 -0.0379732 -0.053917 -0.0475613 0.0345631 0.0257013 -0.0346266 -0.0410507 0.0708501 0.0613545 -0.052466 -0.038239 -0.0563599 0.0611412 0.0744201 -0.0575521 0.0713076 -0.058133 0.0763904
internal_weight=926.93 476.012 214.193 450.918 261.818 116.2 29.6103 97.1852 35.8778 61.3074 97.9934 19.0147 421.308 154.04 65.0791 42.1591 42.7704 34.6761 242.953 66.9609 111.27 24.323 86.9471 32.9143 175.993 267.267 45.6326 258.854 147.864
internal_count=8005 2289 1114 5716 1175 716 202 550 208 342 398 166 5514 1893 264 171 477 392 1087 290 1416 264 1152 134 797 3621 198 3510 673
is_linear=0
shrinkage=0.0540709


Tree=18
num_leaves=29
num_cat=0
split_feature=99 54 29 24 5 34 95 94 20 73 73 65 16 16 36 5 86 92 73 45 6 17 95 95 98 104 58 47
split_gain=685.792 85.9801 33.233 24.2209 12.6177 17.2441 8.69959 8.5321 6.67211 4.14215 9.13884 3.64205 3.17028 3.15135 3.1143 2.64607 2.45047 2.9527 2.37465 2.37659 1.91051 4.57294 1.33988 0.776033 0.709498 0.615313 0.329362 0.314753
threshold=1.0000000180025095e-35 4.5000000000000009 1.0000000180025095e-35 189.00000000000003 605.50000000000011 1.0000000180025095e-35 198.50000000000003 5.5000000000000009 13.500000000000002 8.5000000000000018 12.500000000000002 3873.9509815660449 40.500000000000007 39.500000000000007 81.500000000000014 214.00000000000003 -5047.2778904999968 30.500000000000004 1.5000000000000002 15.703323733958657 173.02500000000003 23.500000000000004 275.50000000000006 2278.0000000000005 1.059403382797534 -0.99887290646989524 145.50000000000003 59.500000000000007
decision_type=2 2 2 2 2 2 2 2 2 2 2 2 2 2 2 2 2 2 2 2 2 2 2 2 2 2 2 2
left_child=1 2 9 7 5 6 -4 -2 18 11 -11 -1 13 20 -12 -9 -15 -18 24 -20 22 -22 -5 25 26 -14 -3 -26
right_child=3 8 4 12 -6 -7 -8 15 -10 10 14 -13 23 16 -16 -17 17 -19 19 -21 21 -23 -24 -25 27 -27 -28 -29
leaf_value=0.040241646748914693 0.030922028765374029 0.070447995824245394 0.046774790206176281 -0.026783447902891888 -0.048167753877333887 0.071741120936521866 -0.0054107003901738698 -0.049627723007496106 0.031192486911585326 0.012866329089378398 0.03595615260284582 0.075927657914290708 -0.034226980171818092 -0.058444256876923194 0.068517180485792348 -0.0055752861869517497 -0.010807444300567064 -0.044520696047446989 0.041251715831121243 0.068250847848551996 -0.052417125072160752 0 -0.057848854628035719 -0.037937504579503976 0.070611519714459378 -0.058261452942920816 0.077843270215125632 0.055138232563930689
leaf_weight=18.505019798874855 12.639823749661447 85.258041277527809 10.453897722065447 5.2537825331091872 13.431136943399904 10.939468607306479 87.402533575892448 8.3184393271803874 15.220179259777067 31.388868004083633 18.217958152294159 17.661028385162354 4.6937309205532065 9.5273231342434865 19.11469466984272 8.4696051105856878 17.705662131309509 14.376194827258585 18.619120106101036 25.119802594184875 16.8413195386529 6.733736313879489 77.682555392384529 8.1441076770424825 14.745167762041094 241.77658941596746 67.7648965716362 16.307431623339653
leaf_count=76 71 397 63 69 101 47 541 78 65 127 74 74 63 120 78 53 197 160 80 110 212 52 1083 111 66 3447 317 73
internal_value=-0.000796466 0.0443898 0.0204228 -0.0499716 0.00120005 0.00736341 8.96037e-05 -0.00235302 0.066756 0.0427525 0.0346842 0.0578761 -0.0534327 -0.0468598 0.0528287 -0.027847 -0.0337225 -0.026147 0.0690992 0.0569292 -0.0519218 -0.0373602 -0.0559708 -0.057227 0.0719501 -0.057834 0.0737723 0.0627281
internal_weight=902.312 470.149 227.115 432.163 122.227 108.796 97.8564 29.4279 243.035 104.888 68.7215 36.166 402.735 148.121 37.3327 16.788 41.6092 32.0819 227.814 43.7389 106.511 23.5751 82.9363 254.614 184.076 246.47 153.023 31.0526
internal_count=8005 2289 1181 5716 752 651 604 202 1108 429 279 150 5514 1893 152 131 477 357 1043 190 1416 264 1152 3621 853 3510 714 139
is_linear=0
shrinkage=0.0540709


Tree=19
num_leaves=24
num_cat=0
split_feature=99 54 29 25 5 27 17 16 16 20 48 37 51 20 16 16 55 104 108 8 106 16 92
split_gain=633.266 81.4784 32.1667 22.3686 13.6351 16.8831 12.5986 7.3204 6.48546 5.17448 3.92946 6.99419 6.34422 4.03686 2.68023 3.59957 2.54062 2.25153 2.3351 1.30724 0.698223 0.832229 0.547798
threshold=1.0000000180025095e-35 5.5000000000000009 1.0000000180025095e-35 80.500000000000014 605.50000000000011 1.0000000180025095e-35 28.500000000000004 36.500000000000007 40.500000000000007 12.500000000000002 42.500000000000007 81.500000000000014 2164.0000000000005 -1.0000000180025095e-35 40.500000000000007 39.500000000000007 14.500000000000002 0.015490650112480627 -0.66131296461492706 165.00000000000003 0.65000000000000002 36.500000000000007 32.500000000000007
decision_type=2 2 2 2 2 2 2 2 2 2 2 2 2 2 2 2 2 2 2 2 2 2 2
left_child=1 2 10 -2 5 7 14 -4 -8 17 13 12 -12 -1 15 19 -17 20 -19 -5 -3 -22 -16
right_child=3 9 4 6 -6 -7 8 -9 -10 -11 11 -13 -14 -15 22 16 -18 18 -20 -21 21 -23 -24
leaf_value=0.037437860920711198 0.044973106125452349 0.079110959667054392 0.017812836138369193 -0.056300788662310614 -0.049164888798268747 0.046455826208165421 0.016605060203554265 -0.015048678172414173 -0.043095092732247584 0.033270444684998991 0.038840062152052983 0.06154448361787794 0.00091823892132837648 0.07643521988421155 -0.057529583988324959 -0.004332652120408351 -0.039662224797786402 0.068677024815778545 0.037123828684517163 -0.040531648160920059 0.073240272939388867 0.063658694092396953 -0.04124053720455674
leaf_weight=16.336619704961777 7.1334346309304228 32.077001214027405 30.457233019173145 78.379275567829609 13.741155214607714 25.624195277690887 11.630394101142883 56.34608643501997 9.6576000824570656 14.391263619065283 34.299086287617683 20.958428114652634 21.32216314971447 16.964933753013611 232.90373381227255 7.8592339456081381 32.835354812443256 15.37289071083069 15.230287358164786 24.250088043510914 72.233126625418663 78.447263762354851 9.6115528270602208
leaf_count=68 38 150 182 1142 105 122 59 364 102 60 140 86 87 71 3493 85 393 71 66 276 344 373 128
internal_value=-0.000792517 0.0425964 0.0202896 -0.049388 0.00160112 0.00787244 -0.0510598 -0.00343305 -0.0101332 0.065683 0.0416805 0.0346901 0.0244364 0.0575301 -0.0532986 -0.0471272 -0.0330213 0.0678342 0.0532192 -0.0526477 0.0702405 0.0683019 -0.0569149
internal_weight=878.062 463.802 236.05 414.261 126.169 112.428 407.127 86.8033 21.288 227.752 109.881 76.5797 55.6212 33.3016 385.839 143.324 40.6946 213.361 30.6032 102.629 182.757 150.68 242.515
internal_count=8005 2289 1225 5716 773 668 5678 546 161 1064 452 313 227 139 5517 1896 478 1004 137 1418 867 717 3621
is_linear=0
shrinkage=0.0540709


Tree=20
num_leaves=26
num_cat=0
split_feature=20 4 3 26 83 25 17 107 79 52 66 107 43 84 94 86 109 78 91 54 87 68 39 78 95
split_gain=478.547 82.6393 95.745 33.9786 32.2898 20.6219 19.9425 11.5556 10.406 10.2694 6.61201 5.82058 10.9723 5.07494 4.989 4.61235 4.43334 4.28145 2.02049 2.00004 1.48983 1.41265 3.46569 0.564486 0.0344718
threshold=1.0000000180025095e-35 0.22500000000000003 0.77500000000000013 1.5000000000000002 20.500000000000004 80.500000000000014 27.500000000000004 1.0000000180025095e-35 1.5000000000000002 0.82475844883672467 432.50000000000006 1.0000000180025095e-35 275.50000000000006 0.66126846752338497 8.0000000000000018 50394.176710499989 1.1407643361870463 0.79937606738084155 3.5000000000000004 13.500000000000002 2788.2702500000019 4.5000000000000009 3192.0360611111114 0.64146142246795679 603.50000000000011
decision_type=2 2 2 2 2 2 2 2 2 2 2 2 2 2 2 2 2 2 2 2 2 2 2 2 2
left_child=4 2 6 -3 11 -4 9 14 -5 13 -9 21 -13 -2 17 18 -17 -6 -7 -14 -16 24 -23 -24 -1
right_child=1 3 5 8 7 15 -8 10 -10 -11 -12 12 19 -15 20 16 -18 -19 -20 -21 -22 22 23 -25 -26
leaf_value=0.078108688407353119 0.0027419057761483858 -0.038295596232935623 0.046000058155667739 0.072645286063709583 0.039505305155465936 -0.057439215001170718 0.075197110434651104 -0.029405084573927948 0.015593053207174724 0.034485042271145773 0.021874745522630693 -0.0040686757927221066 0.046001336340238091 -0.028665427977557251 0.042482440907631654 0.015472990294347412 -0.049845770293309576 0.0047877264220131319 -0.04870952189907065 0.075943874623179336 0.067633112121495809 0.043605896870953391 0.065612516386087755 0.07976299972296276 0.07033533084721115
leaf_weight=40.966600120067596 34.601371884346008 16.132217116653919 6.1865178644657126 28.411631509661674 28.620778024196625 220.28218709677458 11.945669151842592 13.295318953692915 14.477366879582403 19.464584194123745 16.411158040165901 9.7650270536541921 15.107313372194769 26.108400642871857 16.924614980816841 5.5550549253821355 6.3855739012360573 17.118257455527782 146.7187928929925 15.040398567914961 15.811291977763174 21.689257882535458 49.465590551495552 18.425161108374596 39.287208132445812
leaf_count=203 220 105 33 125 120 3407 50 84 73 116 92 69 72 168 69 69 88 72 2006 73 66 101 243 85 196
internal_value=-0.000785778 -0.0319559 -0.0394268 0.0283283 0.0517674 -0.0512746 0.0100253 0.0276523 0.0535611 0.000221023 -0.000827542 0.0641697 0.0450385 -0.0106437 0.0385272 -0.0528824 -0.0188418 0.0266744 -0.0539697 0.0611889 0.0548595 0.0686216 0.0633628 0.0695642 0.0743974
internal_weight=854.197 536.269 477.248 59.0212 317.928 385.128 92.12 108.181 42.889 80.1744 29.7065 209.747 39.9127 60.7098 78.4749 378.942 11.9406 45.739 367.001 30.1477 32.7359 169.834 89.58 67.8908 80.2538
internal_count=8005 6460 6157 303 1545 5603 554 503 198 504 176 1042 214 388 327 5570 157 192 5413 145 135 828 429 328 399
is_linear=0
shrinkage=0.0540709


Tree=21
num_leaves=24
num_cat=0
split_feature=99 54 119 25 119 5 34 16 7 48 62 56 20 16 16 86 104 108 8 95 104 119 16
split_gain=541.807 72.9743 25.7741 19.7492 12.3285 12.0984 14.7239 6.06037 5.56946 5.29217 6.08096 5.57516 5.0611 2.90274 3.79671 2.5553 2.27702 2.29375 1.43448 0.915055 0.739247 0.656041 0.87533
threshold=1.0000000180025095e-35 5.5000000000000009 0.95000000000000007 80.500000000000014 0.95000000000000007 605.50000000000011 1.0000000180025095e-35 40.500000000000007 1.0000000180025095e-35 25.500000000000004 28.500000000000004 227175.37900000004 12.500000000000002 40.500000000000007 39.500000000000007 -5047.2778904999968 0.015490650112480627 -0.66131296461492706 165.00000000000003 2278.0000000000005 -0.99887290646989524 0.65000000000000002 36.500000000000007
decision_type=2 2 2 2 2 2 2 2 2 2 2 2 2 2 2 2 2 2 2 2 2 2 2
left_child=1 2 5 -2 13 6 8 -6 -1 -4 11 -11 16 14 18 -16 21 -18 -5 20 -15 -3 -23
right_child=3 12 9 4 7 -7 -8 -9 -10 10 -12 -13 -14 19 15 -17 17 -19 -20 -21 -22 22 -24
leaf_value=0.005519013141738722 0.038615089893667354 0.075643178708178424 0.0635261704528782 -0.055683513706140067 0.016405305108229188 -0.047513136135416786 0.063599140589459077 -0.042010328899839543 -0.032548609691501598 0.038722575141062955 0.057377975751670425 0.0072567587672560567 0.029782028127341306 -0.03030592027544134 -0.057670313846688276 -0.022993662267452898 0.0651164190584302 0.03333985097982653 -0.038726971394901985 -0.034560761984553073 -0.057523314835018963 0.069972572598001229 0.060010379975500988
leaf_weight=87.403483659029007 7.4088010340929022 30.210529923439026 19.625326603651047 71.743823654949665 11.609457775950432 13.059207040816544 12.174224004149435 9.2589587345719337 12.883947409689425 35.186477020382881 21.29328316450119 32.214543774724007 14.144324839115141 4.1433410197496405 8.4683048948645574 29.742621310055256 14.631035730242731 14.836192265152929 22.728392027318478 7.195641189813613 208.70530287921429 68.123854339122772 74.258491143584251
leaf_count=505 38 150 84 1142 59 105 52 102 112 146 88 133 60 63 120 358 71 66 276 111 3447 344 373
internal_value=-0.000774463 0.0393872 0.018406 -0.048233 -0.0499752 0.0016682 0.00744574 -0.00916024 0.00055416 0.037733 0.031941 0.0237938 0.0620452 -0.052369 -0.0457471 -0.030875 0.0642667 0.049372 -0.0516833 -0.0563278 -0.0570285 0.0667663 0.0648298
internal_weight=831.05 450.045 233.84 381.005 373.596 125.521 112.462 20.8684 100.287 108.32 88.6943 67.401 216.204 352.727 132.683 38.2109 202.06 29.4672 94.4722 220.044 212.849 172.593 142.382
internal_count=8005 2289 1225 5716 5678 774 669 161 617 451 367 279 1064 5517 1896 478 1004 137 1418 3621 3510 867 717
is_linear=0
shrinkage=0.0540709


Tree=22
num_leaves=26
num_cat=0
split_feature=20 27 3 76 13 17 83 107 76 52 73 86 109 107 43 84 94 36 91 104 25 47 42 104 47
split_gain=405.085 93.7233 92.0338 30.9189 20.3703 17.4037 14.6563 10.8068 9.17241 8.68292 5.64743 4.29797 4.31708 4.05251 13.2878 3.86724 4.39127 3.94558 2.51335 2.48397 1.80063 1.1836 0.622222 0.93438 0.568766
threshold=1.0000000180025095e-35 1.0000000180025095e-35 0.70833333333333337 73.500000000000014 33.525000000000006 27.500000000000004 45.500000000000007 1.0000000180025095e-35 138.50000000000003 0.82475844883672467 6.5000000000000009 50394.176710499989 1.1407643361870463 1.0000000180025095e-35 275.50000000000006 0.5078144078144079 3.5000000000000004 54.500000000000007 3.5000000000000004 0.10842302465215299 139.25000000000003 178.50000000000003 247.25600000000003 -0.60476761275103297 139.50000000000003
decision_type=2 2 2 2 2 2 2 2 2 2 2 2 2 2 2 2 2 2 2 2 2 2 2 2 2
left_child=3 2 5 13 11 9 20 15 -9 10 -2 18 -13 19 -15 -5 -17 -18 -4 22 -3 -16 24 -24 -1
right_child=1 6 4 7 -6 -7 -8 8 -10 -11 -12 12 -14 14 21 16 17 -19 -20 -21 -22 -23 23 -25 -26
leaf_value=0.07319886687030247 -0.039576646678399163 0.049305872369150523 -0.057232561473975298 0.059656140324979311 0.045739810729919485 0.070486864835959923 -0.0029385200369900469 -0.047229857106343066 0.01701738175100688 0.031917323269820143 -0.00018714528949179845 0.014126392322510185 -0.050465618622730177 -0.0086381119562006399 0.050992185015740744 0.0056085799190605037 0.015619718276358165 0.050490302513579131 -0.047375159139874876 0.045902412150748528 0.077084431440307036 0.076805345791449153 0.06849877029810289 0.049808126918529247 0.060735109069161318
leaf_weight=75.62336377799511 13.87847378104925 16.899217009544373 202.36336831748486 16.348342925310135 6.2545446120202532 12.04832152277231 14.057597845792769 9.1774986013770121 22.157219685614109 19.825080648064613 47.261541981250048 5.6489034630358201 6.1997148357331753 9.9108691364526731 13.307694580405952 17.106284037232399 15.313083864748476 28.448914557695389 142.95079947635531 20.15496438741684 15.30750051140785 13.193542011082171 24.173607632517815 18.263572163879871 22.713842704892159
leaf_count=394 87 83 3416 73 41 51 83 52 127 116 307 71 89 72 71 71 66 119 2048 95 68 68 127 94 116
internal_value=-0.000766978 -0.0306302 -0.0380719 0.048285 -0.0503586 0.00985478 0.0426261 0.0249904 -0.00156584 0.000739258 -0.00925034 -0.0520624 -0.0190503 0.0610607 0.0441192 0.0358625 0.0293486 0.0384587 -0.0531736 0.0648474 0.0627425 0.0641273 0.0675065 0.060632 0.0703966
internal_weight=808.588 502.695 456.431 305.893 363.417 93.0134 46.2643 108.551 31.3347 80.9651 61.14 357.163 11.8486 197.341 36.4121 77.2166 60.8683 43.762 345.314 160.929 32.2067 26.5012 140.774 42.4372 98.3372
internal_count=8005 6460 6226 1545 5665 561 234 508 179 510 394 5624 160 1037 211 329 256 185 5464 826 151 139 731 221 510
is_linear=0
shrinkage=0.0540709


Tree=23
num_leaves=28
num_cat=0
split_feature=99 54 29 24 94 95 31 16 20 84 16 16 8 17 40 94 42 40 86 95 104 108 95 104 75 95 71
split_gain=463.834 66.4311 22.2896 21.2105 6.75213 6.36438 6.57773 6.71834 4.94742 3.95778 3.79468 3.50532 3.72193 5.35583 3.06641 4.67716 3.02197 2.98604 2.68308 3.07383 2.11918 2.34905 1.00633 0.817792 0.768181 0.759515 0.720944
threshold=1.0000000180025095e-35 5.5000000000000009 1.0000000180025095e-35 189.00000000000003 5.5000000000000009 191.50000000000003 1.0000000180025095e-35 39.500000000000007 13.500000000000002 0.9143346379647751 40.500000000000007 39.500000000000007 165.00000000000003 24.500000000000004 4079.1237880187914 3.5000000000000004 210.97150000000002 3204.9066426467625 -5047.2778904999968 1388.5000000000002 0.015490650112480627 -0.64821951406218892 2278.0000000000005 -0.99887290646989524 2167.4904841269849 275.50000000000006 0.88666913481802145
decision_type=2 2 2 2 2 2 2 2 2 2 2 2 2 2 2 2 2 2 2 2 2 2 2 2 2 2 2
left_child=1 2 9 4 -2 -4 7 -7 20 14 11 12 25 -14 17 -16 -6 -1 -13 -20 24 -22 23 -12 26 -5 -3
right_child=3 8 5 10 16 6 -8 -9 -10 -11 22 18 13 -15 15 -17 -18 -19 19 -21 21 -23 -24 -25 -26 -27 -28
leaf_value=0.027703326393708715 0.026629883537874165 0.0664986751513965 0.037991942957620622 -0.028905408333956769 -0.0032466672311006043 -0.0032941987635919257 0.02540281992468571 -0.046273943033710727 0.02523821473445239 0.05943261812468241 -0.027813583005886138 -0.057174693426364685 -0.044672348066939795 0.017139148611113354 -0.00010629716016017622 0.032822265538845992 -0.051418712055924978 0.060685548575817559 -0.0023186270827768802 -0.038733996828001105 0.062514776731369015 0.030033211297290727 -0.032357202225762514 -0.0570934589873262 0.049805144124196753 -0.05744653643983403 0.051638382767494037
leaf_weight=18.971384406089783 12.809268876910211 132.4273831397295 12.249151185154913 3.9879856817424288 8.5775040313601476 80.341242641210556 19.504522077739239 12.349445149302481 12.718053847551344 16.536326691508293 3.8463282026350489 7.7783134952187529 15.990633584558966 5.3076764047145835 18.285122469067574 37.683146089315414 7.3947611451148978 15.762032851576803 14.366744369268419 13.658230155706404 14.326118484139444 14.325941786170004 6.6684487946331492 189.01405180990696 15.292826890945433 61.246837578713894 15.571564257144926
leaf_count=80 71 714 71 65 69 487 95 120 55 72 63 120 232 45 76 158 62 66 180 177 73 65 111 3447 74 1074 83
internal_value=-0.000755176 0.036447 0.0165731 -0.0470705 -0.00232871 0.000943057 -0.00303661 -0.0091012 0.0589083 0.0346416 -0.0510484 -0.0432747 -0.0492828 -0.0289213 0.030039 0.0219327 -0.0260158 0.0428863 -0.028545 -0.0203313 0.0611004 0.0465355 -0.0557771 -0.0565482 0.0636101 -0.0558161 0.0649859
internal_weight=786.991 436.344 231.682 350.647 28.7815 124.444 112.195 92.6907 204.662 107.238 321.865 122.336 86.5331 21.2983 90.7017 55.9683 15.9723 34.7334 35.8033 28.025 191.944 28.6521 199.529 192.86 163.292 65.2348 147.999
internal_count=8005 2289 1225 5716 202 773 702 607 1064 452 5514 1893 1416 277 380 234 131 146 477 357 1009 138 3621 3510 871 1139 797
is_linear=0
shrinkage=0.0540709


Tree=24
num_leaves=29
num_cat=0
split_feature=99 83 24 106 5 34 16 71 92 84 62 7 107 51 16 49 16 8 106 55 65 92 22 56 35 64 94 104
split_gain=428.919 63.5646 20.7318 20.3221 12.9065 12.2054 6.20798 5.16554 6.1279 5.87666 5.10381 4.20102 4.27015 4.46056 3.9126 3.74718 3.50881 3.76885 5.03923 2.68443 3.30708 0.757993 0.668774 0.690747 0.291522 0.482111 0.122579 0.00979934
threshold=1.0000000180025095e-35 3.5000000000000004 189.00000000000003 0.81666666666666676 605.50000000000011 1.0000000180025095e-35 40.500000000000007 0.77570672503445326 29.500000000000004 0.71320073369253711 27.500000000000004 0.49999999999999961 1.0000000180025095e-35 1013.0000000000001 40.500000000000007 39.500000000000007 39.500000000000007 165.00000000000003 0.81666666666666676 14.500000000000002 6001.6981967217498 32.500000000000007 1.0000000180025095e-35 102714.20650000001 109.50000000000001 1306.9646339285716 8.0000000000000018 0.58140123907252572
decision_type=2 2 2 2 2 2 2 2 2 2 2 2 2 2 2 2 2 2 2 2 2 2 2 2 2 2 2 2
left_child=1 11 6 4 5 10 -2 8 9 -5 -3 12 22 -14 16 -9 17 27 -19 -18 -21 24 23 -1 -16 -26 -24 -4
right_child=2 3 14 7 -6 -7 -8 15 -10 -11 -12 -13 13 -15 21 -17 19 18 -20 20 -22 -23 26 -25 25 -27 -28 -29
leaf_value=0.054391133393404727 0.015567928411628761 -0.010346012496689979 -0.05634562465970288 0.024639357858939278 -0.054062403514538046 0.054343545593700457 -0.03748819042823822 0.059860895384010737 0.051365650146167251 -0.013654431802621566 0.018350658089694816 0.028358918524090677 0.0163282210452966 0.059630904427395832 -0.057185692570760817 0.028412796232341601 0.0012382167421332592 -0.043933974743733263 0.016009150096926692 -0.049203813761056425 -0.0093990735040001532 -0.036152691513940856 0.069096494343208095 0.068176205132436399 -0.024270534343895547 -0.052079755612392531 0.058398746930623559 -0.040593329399352028
leaf_weight=50.349864438176155 18.911055408418179 61.102812424302101 58.449579849839211 39.281430602073669 11.911983866244553 13.00051488727331 9.7521786391735095 25.074231311678886 16.168494284152985 16.424182333052158 25.6907056607306 14.428857542574404 13.415549725294115 15.871760129928587 166.72772826254368 22.134684950113297 7.0004159882664672 15.396666795015337 5.3733227476477614 17.946053449064497 10.020634740591047 7.8155441842973223 68.611193999648094 21.824146032333374 3.5048380717635146 11.874776288866995 14.407512173056601 3.6613030619919291
leaf_count=277 93 385 1072 171 101 56 109 111 70 69 163 71 65 84 3200 94 85 232 45 252 140 128 374 121 67 226 77 67
internal_value=-0.000748779 0.0350401 -0.0464807 0.015689 -0.000812978 0.00547015 -0.00222714 0.0312305 0.0219022 0.0132161 -0.00176645 0.0574551 0.0596904 0.0400504 -0.050578 0.0452745 -0.0425636 -0.0487443 -0.0280704 -0.0277002 -0.0352076 -0.0555116 0.0633485 0.0586638 -0.0563014 -0.0462272 0.0673306 -0.0555375
internal_weight=766.132 429.698 336.434 230.789 111.706 99.794 28.6632 119.083 71.8741 55.7056 86.7935 198.909 184.48 29.2873 307.771 47.2089 117.848 82.8809 20.77 34.9671 27.9667 189.923 155.193 72.174 182.107 15.3796 83.0187 62.1109
internal_count=8005 2289 5716 1220 705 604 202 515 310 240 548 1069 998 149 5514 205 1893 1416 277 477 392 3621 849 398 3493 293 451 1139
is_linear=0
shrinkage=0.0540709


Tree=25
num_leaves=29
num_cat=0
split_feature=99 83 24 106 97 7 20 80 94 71 92 78 16 16 8 17 49 86 92 84 75 44 95 95 17 104 95 41
split_gain=396.73 60.4329 20.2289 18.2912 8.21305 7.84507 6.87485 6.40219 5.91676 4.70463 5.59032 5.38984 4.03344 3.51269 3.81254 4.74108 3.43485 2.6999 3.31821 2.2363 1.66279 1.42179 1.11506 1.09881 0.959727 0.899015 0.836698 0.500703
threshold=1.0000000180025095e-35 3.5000000000000004 189.00000000000003 0.81666666666666676 5.140394088669952 11.897227048854207 5.5000000000000009 12083.159500000002 5.5000000000000009 0.77570672503445326 29.500000000000004 0.65025625489156524 40.500000000000007 39.500000000000007 165.00000000000003 24.500000000000004 39.500000000000007 -5047.2778904999968 30.500000000000004 0.81174009352695065 1042.7201000000002 20.247222222222224 2239.5000000000005 2278.0000000000005 10.500000000000002 -0.99887290646989524 275.50000000000006 25514.366500000004
decision_type=2 2 2 2 2 2 2 2 2 2 2 2 2 2 2 2 2 2 2 2 2 2 2 2 2 2 2 2
left_child=1 6 8 4 -3 7 20 -6 -2 10 11 -5 13 14 26 -16 -11 -15 -19 -10 22 -22 27 25 -7 -14 -4 -1
right_child=2 3 12 9 5 24 -8 -9 19 16 -12 -13 23 17 15 -17 -18 18 -20 -21 21 -23 -24 -25 -26 -27 -28 -29
leaf_value=0.066231747094311635 0.024625267172522329 0.034815018672705589 -0.026392107451638298 0.027538339348520301 0.024596551830579495 -0.059643228703240514 0.027353187894355955 -0.0096795665451452108 -0.042402973329580575 0.057231319159840373 0.049099583258365012 -0.006132375051900711 -0.025280028186882575 -0.056758290193110107 -0.043191816467119351 0.014967100065637225 0.026983487943528544 -0.0012493935240455486 -0.039997120100714177 0 0.033286122261024335 0.059139374875400504 0.047343908337396011 -0.030144954678741471 -0.027675605061872697 -0.056703175669858538 -0.057060343796908344 0.05467293382391062
leaf_weight=103.02427558600903 12.930968552827837 16.135458126664162 3.7058290168642989 31.030168823897839 21.709172062575817 7.0987455472350103 22.592601455748081 59.762544002383947 8.9643221572041494 24.815487548708916 16.004769682884216 24.642053447663784 3.5797277614474288 7.2050224877893916 14.830105513334276 5.4350275397300711 22.049420908093452 15.094348080456259 11.863047778606413 6.5969573929905883 14.065533056855203 15.001810431480406 16.584927588701248 6.20053756982088 6.5050363130867481 170.99074099212885 55.426056392490864 21.999713018536568
leaf_count=595 71 87 65 136 121 68 105 361 74 111 70 104 63 120 232 45 94 197 160 57 70 78 94 111 68 3447 1074 127
internal_value=-0.000740256 0.0336995 -0.0458924 0.0149111 -0.000775565 -0.00689411 0.055996 -0.000455129 -0.00211734 0.0296898 0.0207785 0.0125023 -0.0501048 -0.0418446 -0.0482028 -0.0272292 0.0431597 -0.026849 -0.018577 -0.0248149 0.0597438 0.0468868 0.0623299 -0.0552524 -0.0449071 -0.0561015 -0.0552644 0.0642579
internal_weight=745.844 423.022 322.823 229.753 111.211 95.0755 193.269 81.4717 28.4922 118.542 71.677 55.6722 294.33 113.559 79.397 20.2651 46.8649 34.1624 26.9574 15.5613 170.676 29.0673 141.609 180.771 13.6038 174.57 59.1319 125.024
internal_count=8005 2289 5716 1220 705 618 1069 482 202 515 310 240 5514 1893 1416 277 205 477 357 131 964 148 816 3621 136 3510 1139 722
is_linear=0
shrinkage=0.0540709


Tree=26
num_leaves=25
num_cat=0
split_feature=99 120 24 17 5 27 62 17 20 50 62 105 8 17 104 69 9 20 87 98 75 104 20 104
split_gain=366.932 57.7361 19.7587 17.3603 9.7357 9.51242 6.52616 5.34702 4.97501 3.72495 5.18491 3.82992 3.58137 4.52775 2.2846 2.47077 1.7566 1.62281 1.56856 1.33844 1.19044 1.63077 0.542022 0.0738712
threshold=1.0000000180025095e-35 5.5000000000000009 189.00000000000003 32.500000000000007 605.50000000000011 1.0000000180025095e-35 27.500000000000004 32.500000000000007 13.500000000000002 30.500000000000004 27.500000000000004 0.92787705942858045 165.00000000000003 24.500000000000004 0.015490650112480627 26.500000000000004 119.50000000000001 4.5000000000000009 -4659.3292500000116 0.75709401016972977 28126.303013736269 -0.88944178342805391 1.0000000180025095e-35 -0.99791646110857368
decision_type=2 2 2 2 2 2 2 2 2 2 2 2 2 2 2 2 2 2 2 2 2 2 2 2
left_child=1 3 7 4 5 6 -1 -2 14 -5 11 -11 16 19 18 -16 23 -9 -3 -14 21 -18 -20 -4
right_child=2 8 12 9 -6 -7 -8 17 -10 10 -12 -13 13 -15 15 -17 20 -19 22 -21 -22 -23 -24 -25
leaf_value=-0.0097734936326033927 0.026598195953312895 0.037150509557015321 -0.038701261196858162 0.049538722768698411 -0.044554358680877634 0.036148500286700275 0.019954277897377953 -0.0060546964029463092 0.020540422379556878 0 0.046816495051477724 0.033816242254499057 -0.020829891511272944 0.014004384297866435 0.024515360568625383 0.058660874891641013 -0.0082749817295587648 -0.040816728909590046 0.062710132948823466 -0.05681749594006627 -0.014766399922433506 -0.048738674057268248 0.048714206690465833 -0.056849648204519869
leaf_weight=71.392519328743219 11.273233063519003 10.046626865863798 3.2947667874395838 27.659779697656631 11.886313941329716 25.465904593467712 30.921937640756369 9.8120162934064883 12.368618607521055 23.992801249027252 21.287004038691521 16.075662806630135 5.9029150605201748 5.4930476546287528 13.690075770020487 13.210651576519011 3.4305447079241267 7.2946964278817168 124.26687617599964 8.6476316042244417 3.9443298429250708 132.55865236744285 14.214906066656111 118.25000166520476
leaf_count=430 57 52 61 124 105 122 184 97 55 100 91 69 84 45 70 68 61 48 746 152 69 2538 73 2504
internal_value=-0.000733456 0.0324066 -0.0452944 0.0141188 0.00216835 0.00657308 -0.00071656 -0.00202067 0.0546359 0.0327857 0.0251112 0.0133936 -0.0496305 -0.0268139 0.0569974 0.041562 -0.051351 -0.0213133 0.0597426 -0.0427311 -0.0468951 -0.0477724 0.0613276 -0.0564192
internal_weight=726.382 416.48 309.902 228.682 139.667 127.78 102.314 28.3799 187.798 89.0152 61.3555 40.0685 281.522 20.0436 175.429 26.9007 261.478 17.1067 148.528 14.5505 139.934 135.989 138.482 121.545
internal_count=8005 2289 5716 1225 841 736 614 202 1064 384 260 169 5514 281 1009 138 5233 145 871 236 2668 2599 819 2565
is_linear=0
shrinkage=0.0540709


Tree=27
num_leaves=26
num_cat=0
split_feature=99 83 24 106 5 34 84 95 16 7 107 103 98 16 43 16 8 106 55 95 95 104 95 95 72
split_gain=339.323 55.0089 19.3034 15.2592 10.5452 10.5265 6.07551 5.88767 5.39884 4.43318 4.56957 4.70612 4.32424 4.30733 3.75191 3.72099 3.90481 4.19757 2.65897 3.64353 1.19424 0.953659 0.910268 0.85528 0.730216
threshold=1.0000000180025095e-35 3.5000000000000004 189.00000000000003 0.75000000000000011 605.50000000000011 1.0000000180025095e-35 0.92567167614850876 198.50000000000003 40.500000000000007 0.49999999999999961 1.0000000180025095e-35 -35.940999999999995 1.0112316859598143 40.500000000000007 653.50000000000011 39.500000000000007 165.00000000000003 0.81666666666666676 14.500000000000002 1108.5000000000002 2278.0000000000005 -0.99887290646989524 275.50000000000006 2212.5000000000005 0.37458565349145057
decision_type=2 2 2 2 2 2 2 2 2 2 2 2 2 2 2 2 2 2 2 2 2 2 2 2 2
left_child=1 9 8 4 5 7 12 -3 -2 10 23 -12 14 15 -5 16 22 -18 -17 -20 21 -15 -4 24 -1
right_child=2 3 13 6 -6 -7 -8 -9 -10 -11 11 -13 -14 20 -16 18 17 -19 19 -21 -22 -23 -24 -25 -26
leaf_value=0.063160577748658506 0.014294695771339754 0.034658709028574826 -0.02403055318000508 0.05166619225972565 -0.051810664717460007 0.049514035264861554 0.059448243675399512 -0.0088257757272910305 -0.035955875900036328 0.022807145935524947 0.059358844053496645 0.013575613536847714 0 -0.0233918776836614 0.021762014192959096 0.0050696988590583948 -0.041713904912368753 0.013113469383162241 -0.0079245498974651642 -0.050183711032439432 -0.027909592269309121 -0.056351848356619869 -0.056738922872172227 0.04714398448487523 0.045969000717800204
leaf_weight=111.06830348074436 19.019234217703342 10.429880194365976 3.4708642624318591 15.434444703161715 11.021257087588308 12.873050250113009 14.504668161273001 69.987938057631254 9.2818402796983737 13.692145600914953 12.606112420558931 14.808717146515844 21.399294257164001 3.4012680500745764 72.139146342873573 6.6198981292545787 13.776014737784864 5.547620214521884 10.856081247329714 14.63525729998946 5.7829473987221709 154.75206049531698 50.49249704182148 18.637482956051826 11.389514699578283
leaf_count=675 93 60 65 70 101 56 66 450 109 71 73 76 98 63 319 85 232 45 161 231 111 3447 1074 108 66
internal_value=-0.000723367 0.0311683 -0.0446788 0.0134113 -0.00174848 0.00408764 0.0262778 -0.00309331 -0.00192622 0.0533272 0.0557629 0.0349007 0.0217937 -0.0491437 0.027118 -0.0403438 -0.0471806 -0.0255914 -0.024508 -0.0324788 -0.0547556 -0.0556901 -0.0547732 0.0597634 0.0616228
internal_weight=707.628 409.992 297.636 227.79 104.312 93.2909 123.478 80.4178 28.3011 182.202 168.51 27.4148 108.973 269.335 87.5736 105.398 73.287 19.3236 32.1112 25.4913 163.936 158.153 53.9634 141.095 122.458
internal_count=8005 2289 5716 1220 667 566 553 510 202 1069 998 149 487 5514 389 1893 1416 277 477 392 3621 3510 1139 849 741
is_linear=0
shrinkage=0.0540709


Tree=28
num_leaves=29
num_cat=0
split_feature=99 54 24 29 7 27 66 94 16 2 108 7 73 36 57 65 107 108 93 16 8 17 92 91 106 35 61 97
split_gain=313.875 52.375 18.808 14.7453 9.03646 9.26997 6.16432 5.1129 4.42559 4.23012 4.19713 4.1848 3.72823 7.61741 7.73163 3.70947 3.66593 3.20715 3.0299 2.65379 2.62461 2.57875 0.956771 0.83632 1.4157 0.406817 0.686807 0.365313
threshold=1.0000000180025095e-35 5.5000000000000009 189.00000000000003 1.0000000180025095e-35 1.0000000180025095e-35 1.0000000180025095e-35 213.50000000000003 5.5000000000000009 40.500000000000007 3.5000000000000004 0.94475480432389136 0.49999999999999961 8.5000000000000018 81.500000000000014 6488.8420431818204 3873.9509815660449 1.0000000180025095e-35 -0.75183269696405275 1.5000000000000002 39.500000000000007 165.00000000000003 25.500000000000004 32.500000000000007 2.0000000000000004 0.71666666666666667 109.50000000000001 0.83309030861847766 3.8636363636363642
decision_type=2 2 2 2 2 2 2 2 2 2 2 2 2 2 2 2 2 2 2 2 2 2 2 2 2 2 2 2
left_child=1 3 7 12 5 6 -5 -2 10 -6 19 16 15 14 -14 -1 23 -18 -9 20 -4 -21 25 27 -25 -10 -27 -3
right_child=2 11 8 4 9 -7 -8 18 22 -11 -12 -13 13 -15 -16 -17 17 -19 -20 21 -22 -23 -24 24 -26 26 -28 -29
leaf_value=0.02501048554935411 0.022705108205824165 0.057720232111687232 -0.054435969761279991 -0.037319627141353666 -0.0017374632457946642 0.035856712795308339 0.00384810512831271 0 -0.056550627226693802 -0.055976579877355735 0.017055934314099817 0.02247078963835307 0.025674312825278808 0.048056533770068389 -0.019162134445455174 0.060277926973217988 0.053962555818284852 0.015998999661941283 -0.047662690567375446 -0.034757655089022101 -0.029308898404288925 0.0070387841407244097 -0.03163526310295612 0.034055096649939283 0.056914385068408006 -0.050511441655881201 -0.015866430708872805 0.068404019524735724
leaf_weight=19.731425017118454 13.02813681215048 36.907755479216576 49.635205868631601 12.563280038535593 7.2347826212644604 23.816269814968109 68.267809383571148 7.549691364169119 136.56314023211598 11.089663583785294 3.5031553953886023 13.769724309444426 28.300312250852585 19.812084510922432 18.495675295591354 17.291873782873154 14.124752447009088 13.384165793657301 7.5619110614061356 25.576275400817398 18.128508165478706 4.8522273264825335 6.6298448517918578 11.430825993418692 53.856582641601562 9.9793180823326093 2.8323824629187575 33.541555166244507
leaf_count=89 71 234 1101 80 52 101 410 48 3200 130 62 71 119 87 76 81 84 65 83 390 266 74 128 65 337 228 65 208
internal_value=-0.00071343 0.0299774 -0.044076 0.0127188 0 0.00619041 -0.00245984 -0.001829 -0.0486605 -0.0349682 -0.039613 0.0520286 0.0277436 0.0198827 0.00779512 0.0416845 0.0544762 0.0357632 -0.0234698 -0.0417103 -0.0478241 -0.0278497 -0.0545103 0.0582135 0.0530265 -0.0554757 -0.043433 0.0629137
internal_weight=689.458 403.619 285.84 226.603 122.972 104.647 80.8311 28.1397 257.7 18.3244 101.695 177.015 103.631 66.6081 46.796 37.0233 163.246 27.5089 15.1116 98.1922 67.7637 30.4285 156.005 135.737 65.2874 149.375 12.8117 70.4493
internal_count=8005 2289 5716 1225 773 591 490 202 5514 182 1893 1064 452 282 195 170 993 149 131 1831 1367 464 3621 844 402 3493 293 442
is_linear=0
shrinkage=0.0540709


Tree=29
num_leaves=26
num_cat=0
split_feature=99 54 24 17 5 34 24 94 16 92 95 7 62 108 107 103 42 92 85 16 98 95 104 53 95
split_gain=290.4 49.6566 18.3156 13.5448 7.81542 8.36952 4.79366 4.60236 4.55962 4.48479 4.72121 4.45934 4.35375 3.9892 3.51769 3.33694 2.86923 2.73216 4.64768 2.0813 1.81043 1.2954 1.04182 0.865488 0.547014
threshold=1.0000000180025095e-35 5.5000000000000009 189.00000000000003 32.500000000000007 605.50000000000011 1.0000000180025095e-35 358.50000000000006 5.5000000000000009 40.500000000000007 29.500000000000004 1580.5000000000002 13.48921734180206 18.500000000000004 0.94475480432389136 1.0000000180025095e-35 -35.940999999999995 214.46400000000003 22.500000000000004 5606.36599999999 39.500000000000007 1.0482967511424397 2278.0000000000005 -0.99887290646989524 0.15439174262661695 2212.5000000000005
decision_type=2 2 2 2 2 2 2 2 2 2 2 2 2 2 2 2 2 2 2 2 2 2 2 2 2
left_child=1 3 7 4 5 6 -1 -2 13 10 12 14 -5 17 20 -16 -9 18 -4 -19 24 22 -10 -22 -3
right_child=2 11 8 9 -6 -7 -8 16 21 -11 -12 -13 -14 -15 15 -17 -18 19 -20 -21 23 -23 -24 -25 -26
leaf_value=-0.0069473930513305202 0.021292642026882677 0.061441590666377055 -0.044517324514376538 0.05242521473758386 -0.042067897207711431 0.048528399485083779 0.016375796595684829 -0.00037774810075406494 -0.020741876839434067 0.049751511927704939 -0.0045446323570727028 0.015681418390859063 0.017726388024014932 0.015891425947142067 0.056170771723590952 0.01690515307306201 -0.049126703393845735 -0.049806026474320926 0.039227789236336637 -0.030975974046267292 0.03075246208047426 -0.025575577540374459 -0.056029398153292109 0.053723659440430671 0.046643752037563616
leaf_weight=76.401606682687998 13.138160631060602 97.437499061226845 4.6922749727964392 16.457290649414062 11.019574992358683 11.911533392965792 38.816320564597845 8.2350928485393506 3.1760475896298876 22.68756864964962 15.227401956915854 10.539191991090773 32.57926532626152 3.5552154742181292 11.909308925271036 15.098304212093351 6.6146981269121161 58.612081587314606 3.2372736558318138 28.104561552405357 12.419830143451692 5.3961082808673373 139.88858653977513 11.522264584898947 12.872827708721159
leaf_count=453 71 635 91 74 105 52 231 71 63 106 66 54 138 62 72 77 60 1242 58 440 74 111 3447 71 81
internal_value=-0.000701555 0.0288655 -0.043456 0.0121137 0.00153438 0.00537262 0.00084608 -0.00172862 -0.0481606 0.0288368 0.0213367 0.050771 0.0295243 -0.0388515 0.0530182 0.0344965 -0.0225942 -0.0409862 -0.00939477 -0.0437894 0.0566886 -0.0542679 -0.055298 0.04212 0.0597827
internal_weight=671.55 396.9 274.65 225.101 138.149 127.129 115.218 27.988 246.662 86.9515 64.264 171.799 49.0366 98.2014 161.26 27.0076 14.8498 94.6462 7.92955 86.7166 134.252 148.461 143.065 23.9421 110.31
internal_count=8005 2289 5716 1225 841 736 684 202 5514 384 278 1064 212 1893 1010 149 131 1831 149 1682 861 3621 3510 145 716
is_linear=0
shrinkage=0.0540709


Tree=30
num_leaves=29
num_cat=0
split_feature=99 73 24 29 5 31 24 16 17 108 73 73 65 56 20 91 16 85 53 9 98 69 20 42 92 20 35 65
split_gain=268.52 47.2417 17.8288 13.7417 10.6815 9.72928 5.95246 4.69708 4.38751 4.23535 3.98449 7.08829 3.56917 3.34764 3.25999 3.08022 2.67425 2.65396 2.22412 2.16629 1.79754 2.13689 1.63658 1.38503 1.04798 0.690985 0.469637 0.710006
threshold=1.0000000180025095e-35 1.5000000000000002 189.00000000000003 1.0000000180025095e-35 605.50000000000011 1.0000000180025095e-35 358.50000000000006 40.500000000000007 32.500000000000007 0.99005843054082721 8.5000000000000018 12.500000000000002 3009.2579974479363 217444.41900000005 13.500000000000002 12.500000000000002 39.500000000000007 -1856.6444999999726 0.13968091785186804 165.00000000000003 1.059403382797534 5.5000000000000009 4.5000000000000009 501.17700000000008 32.500000000000007 1.0000000180025095e-35 109.50000000000001 1.0000000180025095e-35
decision_type=2 2 2 2 2 2 2 2 2 2 2 2 2 2 2 2 2 2 2 2 2 2 2 2 2 2 2 2
left_child=1 14 8 10 5 6 -5 9 -2 16 12 13 -3 -12 20 -13 19 -18 -14 -4 23 -22 -10 25 26 -1 -9 -28
right_child=2 3 7 4 -6 -7 -8 24 22 -11 11 15 18 -15 -16 -17 17 -19 -20 -21 21 -23 -24 -25 -26 -27 27 -29
leaf_value=0.063138655773877103 0.023812740086791875 0.020836372832043266 -0.052904391111106584 -0.011307362401465654 -0.047541973395480677 0.038358037421817134 0.016779627739421279 -0.056280145533221915 -0.0041156367667880374 0.020061825884257353 0.016780159598899468 0.019417947902813548 0.064906237058319896 -0.018252538271534096 0.022351138798444133 0.052658277791969327 -0.0071495693235359894 -0.04086230229826239 0.033890671628431554 -0.028716509076997122 0.05540337210743327 0.021403514078004764 -0.039588931262337819 0.043088636234586412 -0.029493151075338835 0.04562709502111343 -0.013570092081188348 -0.049607358323907315
leaf_weight=78.709756329655647 11.415464237332346 21.640566349029541 46.288951780647039 61.453146148473024 11.857830718159674 22.399590291082859 34.357166200876236 123.37489109486341 9.4133347161114234 3.3624481968581668 16.106733232736591 18.930094465613365 15.81439293920994 15.770594716072081 10.45784532278776 15.811033174395559 12.89463182538748 16.127918016165495 14.397896260023115 16.221283599734306 13.249741867184641 10.709876641631125 7.0513368248939505 18.242539599537849 6.1703693196177474 10.876158803701399 2.6919478923082343 9.034673795104025
leaf_count=547 57 104 1115 390 109 108 208 3200 97 58 68 82 84 65 51 70 208 257 71 255 83 63 48 123 128 63 66 227
internal_value=-0.000688584 0.0277615 -0.042822 0.0134986 0.00130459 0.00626778 -0.00115819 -0.0476507 -0.00165361 -0.0380778 0.0268236 0.0178643 0.0381903 -0.000319697 0.0526297 0.034761 -0.0402947 -0.0261401 0.0503737 -0.0467471 0.0549759 0.0405173 -0.0197599 0.0581192 -0.054028 0.0610963 -0.0550934 -0.0419689
internal_weight=654.832 390.785 264.047 248.539 130.068 118.21 95.8103 236.167 27.8801 94.8952 118.471 66.6185 51.8529 31.8773 142.246 34.7411 91.5328 29.0225 30.2123 62.5102 131.788 23.9596 16.4647 107.828 141.272 89.5859 135.102 11.7266
internal_count=8005 2289 5716 1359 815 706 598 5514 202 1893 544 285 259 133 930 152 1835 465 155 1370 879 146 145 733 3621 610 3493 293
is_linear=0
shrinkage=0.0540709


Tree=31
num_leaves=27
num_cat=0
split_feature=99 83 24 16 17 20 20 107 105 87 17 16 73 94 108 42 92 80 17 75 98 98 95 42 104 95
split_gain=248.353 45.3045 17.368 11.2555 10.2406 9.29294 7.46935 6.81324 6.52008 5.81192 5.70005 4.8261 4.60612 4.08598 4.00633 2.8283 2.78215 4.86779 2.10724 2.01679 2.75272 1.98457 1.3973 1.16905 1.13161 0.50806
threshold=1.0000000180025095e-35 3.5000000000000004 189.00000000000003 40.500000000000007 19.500000000000004 8.5000000000000018 5.5000000000000009 1.0000000180025095e-35 0.91111605186816946 4756.7817500000028 7.5000000000000009 40.500000000000007 9.5000000000000018 5.5000000000000009 0.99005843054082721 212.04900000000004 22.500000000000004 46476.816000000006 6.5000000000000009 1042.7201000000002 0.80720924582111853 1.059403382797534 2278.0000000000005 147.54750000000004 -0.99887290646989524 2239.5000000000005
decision_type=2 2 2 2 2 2 2 2 2 2 2 2 2 2 2 2 2 2 2 2 2 2 2 2 2 2
left_child=1 6 13 4 8 7 19 -6 9 -3 -5 14 -10 -2 16 -15 17 -4 -18 21 -21 25 24 -23 -13 -1
right_child=2 3 11 10 5 -7 -8 -9 12 -11 -12 22 -14 15 -16 -17 18 -19 -20 20 -22 23 -24 -25 -26 -27
leaf_value=0.0616193751419854 0.019889726858444017 0.003142038142035489 -0.043739868153611694 0.0048443484885121856 0.028185135866502165 0.061355942262686126 0.0177681457641331 -3.4562073505525111e-05 -0.00056179504338287815 -0.032757651431082779 -0.054222531310240858 -0.01806361772259547 0.046324001642815388 0 0.018643888334884531 -0.048185263181830876 -0.056453447972598048 0.044079835096610384 -0.036430412882303767 0.017391093864543447 0.054488013802430464 0.026032034254340544 -0.023228763488977414 0.05294326437641942 -0.055733492130030662 0.045998328121283287
leaf_weight=82.11493457108736 13.229641847312452 32.658605087548494 4.5003482624888411 8.0897105894982833 70.460463412106037 17.143245376646519 20.82845413684845 37.971176981925964 11.826469890773298 21.75128686055541 10.954899460077284 2.9742835275828829 12.060228444635866 8.0972147546708566 3.421002682298421 6.4796566963195792 24.186769381165504 3.0834539532661438 56.554287515580654 11.281630888581278 14.057398378849028 10.470274627208711 5.0514007471501818 11.806645303964613 126.41323569789529 11.051339745521544
leaf_count=598 71 202 95 61 323 89 105 172 69 131 98 63 75 70 58 61 561 54 1125 65 83 66 111 76 3447 76
internal_value=-0.000675672 0.0267193 -0.0421789 0.0108735 0.0146111 0.0241816 0.0485299 0.018235 -0.000644278 -0.0110744 -0.0287465 -0.0471377 0.0228032 -0.00157664 -0.037309 -0.0215661 -0.0395603 -0.00705704 -0.0425214 0.0530282 0.038266 0.0562035 -0.0537894 0.0406304 -0.054925 0.0598469
internal_weight=638.518 384.527 253.991 222.916 203.871 125.575 161.611 108.432 78.2966 54.4099 19.0446 226.185 23.8867 27.8065 91.7459 14.5769 88.3249 7.5838 80.7411 140.782 25.339 115.443 134.439 22.2769 129.388 93.1663
internal_count=8005 2289 5716 1220 1061 584 1069 495 477 333 159 5514 144 202 1893 131 1835 149 1686 964 148 816 3621 142 3510 674
is_linear=0
shrinkage=0.0540709


Tree=32
num_leaves=27
num_cat=0
split_feature=99 73 24 97 37 86 92 16 42 96 16 8 17 20 86 92 83 77 9 92 41 44 35 65 21 109
split_gain=229.465 43.1947 16.886 12.9894 13.9719 8.73966 8.40147 4.95751 4.15505 3.9948 3.86966 4.4304 4.35646 3.15771 3.14908 3.54303 2.10332 1.6287 1.3826 1.14182 0.915596 2.33361 0.537317 0.748473 0.247525 0.15755
threshold=1.0000000180025095e-35 1.5000000000000002 189.00000000000003 18.571572580645164 22.500000000000004 1761.0530855000036 24.500000000000004 40.500000000000007 53.504000000000012 255.69519616977229 39.500000000000007 165.00000000000003 24.500000000000004 1.0000000180025095e-35 -5047.2778904999968 30.500000000000004 33.500000000000007 3.5000000000000004 119.50000000000001 32.500000000000007 25514.366500000004 33.785440613026829 109.50000000000001 1.0000000180025095e-35 1.5000000000000002 3.1541514350226048
decision_type=2 2 2 2 2 2 2 2 2 2 2 2 2 2 2 2 2 2 2 2 2 2 2 2 2 2
left_child=1 13 9 4 -3 6 -6 10 -7 16 11 25 -13 17 -12 -16 -2 20 -15 22 24 -22 -9 -24 -1 -4
right_child=2 3 7 -5 5 8 -8 19 -10 -11 14 12 -14 18 15 -17 -18 -19 -20 -21 21 -23 23 -25 -26 -27
leaf_value=0.055133863286648932 0.032152944562173734 0.070550793621905999 -0.054809279101616752 -0.038134431772521869 0.00086593112186669925 -0.021330827673993275 0.031894341744925142 -0.056038556453275871 0.0058835968747873663 -0.028972835559161504 -0.055664634076583987 -0.038471299795568042 0.020532895599469331 0.017567048010072129 0.0078859547979177481 -0.034944471329590492 -0.0045412552876222152 0.030772421883455997 0.045132799632525741 -0.027301942651734371 0.023469786801804414 0.063692173943127248 -0.010797971258847322 -0.04869037676221355 0.064029104924509056 -0.031653850511635134
leaf_weight=44.839300759136677 8.9792575202882343 12.684755533933638 40.86417705193162 14.058428023010491 38.107746865600348 20.629512283951044 80.363797388970852 111.42973957583308 79.887795548886061 10.036745868623255 5.7462575174868133 11.831573631614448 5.113963544368743 11.744186230003834 12.964375566691162 9.7427597567439062 8.68027840182185 9.1733304709196073 12.008245497941971 5.7553571276366702 9.2417272478342074 9.2327415198087674 2.5366629995405665 8.2085457108914834 37.101190887391567 2.488437980413436
leaf_count=328 68 64 1075 84 204 120 444 3200 443 72 120 232 45 67 197 160 62 53 63 128 66 69 66 227 284 64
internal_value=-0.00066376 0.0256626 -0.0415307 0.0121776 0.0152628 0.0120259 0.0219763 -0.0466134 0.000224416 -0.00149849 -0.0365275 -0.0443828 -0.0202281 0.0504581 -0.0196187 -0.010167 0.0136996 0.0544303 0.0318172 -0.053552 0.0565172 0.0439764 -0.0547276 -0.0404367 0.0592533 -0.0536523
internal_weight=623.451 379.073 244.378 245.732 231.674 218.989 118.472 216.682 100.517 27.6963 88.7515 60.2982 16.9455 133.341 28.4534 22.7071 17.6595 109.588 23.7524 127.93 100.415 18.4745 122.175 10.7452 81.9405 43.3526
internal_count=8005 2289 5716 1359 1275 1211 648 5514 563 202 1893 1416 277 930 477 357 130 800 130 3621 747 135 3493 293 612 1139
is_linear=0
shrinkage=0.0540709


Tree=33
num_leaves=27
num_cat=0
split_feature=99 83 24 7 84 106 16 20 61 97 16 17 16 8 17 86 85 75 98 98 95 95 16 104 67 95
split_gain=211.909 41.3413 16.4573 10.4343 8.75557 8.02005 7.73706 7.29477 5.86693 5.47651 5.06382 3.99897 3.81452 4.4347 7.29961 3.05262 3.54159 1.97541 2.66728 2.10109 1.50063 1.33846 1.27124 1.22338 0.858547 0.566311
threshold=1.0000000180025095e-35 3.5000000000000004 189.00000000000003 4.8256893455928527 0.93119877049180333 0.81666666666666676 40.500000000000007 5.5000000000000009 0.60435890239426593 6.0643201100664994 40.500000000000007 32.500000000000007 39.500000000000007 165.00000000000003 25.500000000000004 -5047.2778904999968 -1856.6444999999726 1042.7201000000002 0.80720924582111853 1.059403382797534 2278.0000000000005 259.50000000000006 40.500000000000007 -0.99887290646989524 7.9705882352941186 2239.5000000000005
decision_type=2 2 2 2 2 2 2 2 2 2 2 2 2 2 2 2 2 2 2 2 2 2 2 2 2 2
left_child=1 7 11 4 5 8 -5 17 -3 -7 12 -2 13 21 -15 -14 -17 19 -19 25 23 -4 -13 -12 -21 -1
right_child=2 3 10 6 -6 9 -8 -9 -10 -11 20 22 15 14 -16 16 -18 18 -20 24 -22 -23 -24 -25 -26 -27
leaf_value=0.060154513881216676 0.022754159698799542 0.016607405271506663 -0.011938033835231354 0 0.046427518149541415 0.012493024644072382 -0.064067082426197297 0.015789635174487192 -0.013021921525929408 0.042237382496306437 -0.0153455083405584 -0.0020262212981712034 -0.055440607123731743 -0.039966046166582551 0.04328804840524373 0.014827089946884036 -0.028276504349454522 0.015548430409036629 0.052626327796049976 0.049950738508411856 -0.020852337097184131 -0.055981823789545873 -0.033435733825168547 -0.055460166868955704 0.025810158362683047 0.043505400519130488
leaf_weight=75.820427142083645 11.444819644093515 30.57041198015213 2.5869389809668055 15.012243006378412 21.528187155723572 66.800793528556824 8.8506932519376278 20.494453318417072 53.845656432211399 25.47891279309988 2.7922479659318915 7.7253740429878244 5.4652103967964676 12.629088506102564 3.9963341355323783 9.5270439609885269 12.976202756166453 11.032225877046587 13.451701655983923 10.329905755817892 4.7409545592963687 38.679833877831697 8.5011797621846199 114.21452488005161 10.761165618896483 10.343278899788855
leaf_count=598 57 182 61 97 110 299 102 105 316 114 63 38 120 243 34 148 209 65 83 71 111 1078 107 3447 71 76
internal_value=-0.000651977 0.0246104 -0.0408746 0.0096907 0.0137809 0.00976098 -0.0239742 0.0463272 -0.00220426 0.0207865 -0.0460967 -0.0014276 -0.0357748 -0.0437957 -0.0195063 -0.0189058 -0.00969994 0.0510214 0.0362241 0.0543296 -0.0533146 -0.0534007 -0.0189396 -0.0545663 0.037988 0.0582428
internal_weight=609.6 374.32 235.28 222.087 198.224 176.696 23.8629 152.233 84.4161 92.2797 207.608 27.6714 85.8607 57.8922 16.6254 27.9685 22.5032 131.739 24.4839 107.255 121.748 41.2668 16.2266 117.007 21.0911 86.1637
internal_count=8005 2289 5716 1220 1021 911 199 1069 498 413 5514 202 1893 1416 277 477 357 964 148 816 3621 1139 145 3510 142 674
is_linear=0
shrinkage=0.0540709


Tree=34
num_leaves=26
num_cat=0
split_feature=99 73 24 97 36 86 92 16 16 8 17 42 96 20 86 53 83 77 95 95 104 41 44 2 41
split_gain=195.844 39.4135 15.9625 11.7138 12.714 7.64076 7.55925 5.16312 3.75722 4.42902 6.65192 3.74944 3.66906 3.20955 2.95678 3.44524 2.64921 1.66732 1.52463 1.34667 1.23836 0.963343 2.37517 0.299568 0.0164899
threshold=1.0000000180025095e-35 1.5000000000000002 189.00000000000003 18.571572580645164 22.500000000000004 1761.0530855000036 24.500000000000004 40.500000000000007 39.500000000000007 165.00000000000003 25.500000000000004 53.504000000000012 255.69519616977229 1.0000000180025095e-35 -5047.2778904999968 0.1782488636395598 25.500000000000004 3.5000000000000004 2278.0000000000005 259.50000000000006 -0.99887290646989524 25514.366500000004 33.785440613026829 1.5000000000000002 102.79950000000001
decision_type=2 2 2 2 2 2 2 2 2 2 2 2 2 2 2 2 2 2 2 2 2 2 2 2 2
left_child=1 13 12 4 -3 6 -6 8 9 19 -11 -7 16 17 -10 -16 -2 21 20 -4 -9 23 -23 -1 -15
right_child=2 3 7 -5 5 11 -8 18 14 10 -12 -13 -14 24 15 -17 -18 -19 -20 -21 -22 22 -24 -25 -26
leaf_value=0.053242308769761063 0.03459905295275105 0.067648668921242938 -0.011419978184361697 -0.037122479156029231 0.00010921060175971216 -0.020785395457610347 0.02963026006155893 -0.014725493302081394 -0.055222070559420244 -0.039194809879539404 0.039671795437958228 0.0051569577494406677 -0.028023293950234503 0.024452592606498041 -0.026150692350522284 0.01728329615941579 -0.0067451203659110474 0.02834617051211746 -0.020114028764837668 -0.055856927264382294 -0.055327530572072216 0.020683061743022417 0.062478799944066181 0.062859608655489438 0.033584324809784294
leaf_weight=41.40915485471487 8.6575429998338276 12.225801989436148 2.5589596815407267 13.890852957963942 37.926728539168835 20.461618471890688 79.731136385351419 2.7536594718694678 5.1974894218146828 12.19340141117573 4.1213544011116019 79.770971804857254 9.8632904104888421 11.360208347439768 13.799682497978212 8.5117010846734029 9.0107002742588502 8.8577557504177076 4.6518044583499423 36.723622303456068 108.45517353154719 8.8093303516507167 8.50333174318075 34.298282407224178 11.79744256287813
leaf_count=326 63 64 61 84 204 120 444 63 120 243 34 443 72 65 221 136 67 53 111 1078 3447 66 69 286 65
internal_value=-0.000641873 0.0236372 -0.0402331 0.0109486 0.0138828 0.0108314 0.0201772 -0.0455739 -0.0350236 -0.0432098 -0.0188163 -6.55458e-05 -0.00136697 0.0483392 -0.0182078 -0.00924949 0.0130972 0.052565 -0.053077 -0.0531511 -0.0543889 0.054791 0.0416437 0.0576986 0.0294265
internal_weight=595.541 369.043 226.498 244.007 230.116 217.89 117.658 198.967 83.1062 55.5973 16.3148 100.233 27.5315 125.036 27.5089 22.3114 17.6682 101.878 115.861 39.2826 111.209 93.0201 17.3127 75.7074 23.1577
internal_count=8005 2289 5716 1359 1275 1211 648 5514 1893 1416 277 563 202 930 477 357 130 800 3621 1139 3510 747 135 612 130
is_linear=0
shrinkage=0.0540709


Tree=35
num_leaves=25
num_cat=0
split_feature=99 120 9 5 17 91 98 105 29 20 39 105 17 94 48 60 64 104 69 86 84 87 58 103
split_gain=180.812 37.6435 15.0904 11.525 9.84467 6.62895 5.57803 6.0647 5.80558 5.14596 5.0442 6.045 4.92394 4.00132 3.47353 4.21231 5.93545 3.11091 2.90704 2.46401 1.32786 1.21266 1.1025 0.960709
threshold=1.0000000180025095e-35 5.5000000000000009 1.0000000180025095e-35 139.00000000000003 32.500000000000007 3.5000000000000004 0.89437247802640807 0.80474390968703335 165.00000000000003 12.500000000000002 3679.6440044014089 0.92075292332063252 28.500000000000004 3.5000000000000004 25.500000000000004 2659.5000000000005 6262.0778494623664 0.015490650112480627 26.500000000000004 50394.176710499989 0.99970963995354245 -4659.3292500000116 361.50000000000006 -109.04699999999998
decision_type=2 2 2 2 2 2 2 2 2 2 2 2 2 2 2 2 2 2 2 2 2 2 2 2
left_child=1 4 -2 -4 6 20 7 13 -9 17 -8 -12 19 -1 -6 16 -16 21 -19 -7 23 -3 -23 -5
right_child=2 9 3 5 14 12 10 8 -10 -11 11 -13 -14 -15 15 -17 -18 18 -20 -21 -22 22 -24 -25
leaf_value=-0.024047128415508792 0.040482571939197132 0.028897908962422579 0.065585382247254076 -0.016599065713496706 0.049677231723993423 -0.039264465711379828 0.010432468165287869 0.0023319315234246597 0.055081181927709597 0.010032788381119911 -0.054353363786791661 -0.0083816458032704971 0.0024677346073519761 0.0076250165786111313 0.02326249674692419 0.044735988141736939 -0.014668772914554993 0.0080091433261801244 0.04844846195278478 0 -0.0097919923455486915 0.048520416711302035 0.062062705332473905 -0.054332594033859156
leaf_weight=16.092729728668928 6.5819367356598368 8.1097410097718221 2.8110415637493125 2.5912896431982508 12.662391141057013 81.922708090394735 16.792889509350061 11.783908251672985 13.362731624394653 12.333970591425894 13.289423953741787 23.867938693612814 9.8981496356427652 42.134854651987553 39.182567030191422 14.358929648995398 17.174101620912552 11.251064978539945 10.56306082755327 4.5905023682862511 2.4941529836505643 69.71907477080822 31.853663116693497 107.35792448371649
leaf_count=97 39 50 18 70 66 2009 102 73 76 60 91 146 59 256 176 65 77 70 67 96 77 562 255 3348
internal_value=-0.000629221 0.0226619 -0.0395654 -0.0420899 0.0085932 -0.0435752 -0.000252092 0.0084591 0.0306587 0.0441979 -0.0138511 -0.0250247 -0.0329638 -0.00100205 0.0232498 0.0184118 0.0115721 0.047346 0.0279328 -0.0371029 -0.052607 0.051139 0.0528413 -0.0535109
internal_weight=582.781 364.533 218.248 211.666 220.702 208.855 137.324 83.3742 25.1466 143.831 53.9503 37.1574 96.4114 58.2276 83.378 70.7156 56.3567 131.497 21.8141 86.5132 112.443 109.682 101.573 109.949
internal_count=8005 2289 5716 5677 1225 5659 841 502 149 1064 339 237 2164 353 384 318 253 1004 137 2105 3495 867 817 3418
is_linear=0
shrinkage=0.0540709


Tree=36
num_leaves=24
num_cat=0
split_feature=99 73 24 5 108 7 107 16 7 108 17 94 92 83 104 108 98 4 107 95 61 78 57
split_gain=166.966 35.9487 15.0191 10.8483 7.52709 6.9411 6.59075 5.41646 4.65199 4.23811 3.45839 4.24918 3.04901 5.24172 2.60486 2.52389 2.04959 2.06106 1.65569 1.65196 4.41309 0.932384 0.426061
threshold=1.0000000180025095e-35 1.5000000000000002 189.00000000000003 605.50000000000011 -0.57766527955612457 4.8256893455928527 1.0000000180025095e-35 40.500000000000007 0.49999999999999961 0.99005843054082721 32.500000000000007 5.5000000000000009 22.500000000000004 251.50000000000003 0.05877934910839732 -0.80788451970914654 0.9989394006637593 0.22500000000000003 1.0000000180025095e-35 1660.5000000000002 0.88709897340710975 0.27113789302703334 2442.0732826086964
decision_type=2 2 2 2 2 2 2 2 2 2 2 2 2 2 2 2 2 2 2 2 2 2 2
left_child=1 8 10 4 -3 6 -6 9 16 12 -2 -12 13 -4 -7 -14 18 -18 22 -9 21 -21 -1
right_child=2 3 7 -5 5 14 -8 19 -10 -11 11 -13 15 -15 -16 -17 17 -19 -20 20 -22 -23 -24
leaf_value=0.052120515656416989 0.021060519636697056 0.045781799405557426 -0.041455258960903123 -0.039827693362001412 0.022484153571976136 -0.0014048541093834865 0.0024082367486141869 -0.055643090612803363 0.0092507741449283851 0.027402956342795558 0.01254500947976148 -0.043280148992832425 0.0037806615864975496 0.055810551355330647 -0.042844621826972983 -0.041833483545551144 0.022920066663343751 0.054845335444124156 0.029950768871416084 -0.016757365459931339 0.02995570699467108 -0.055237699801174794 0.063011202380127571
leaf_weight=41.404962241649628 11.504097886383535 18.366473879665136 3.898467205464839 12.149595078080891 97.687360230833292 9.5102814920246619 95.421252124011517 89.023282326757908 9.5731282010674459 3.0792892053723326 7.0463672280311576 8.7317614853382093 3.4393793512135735 2.7657702527940273 8.990416541695593 64.67071445658803 16.295846030116081 10.62327339500189 8.7351172715425474 2.9496627766639021 2.4279531445354214 10.74142682366073 30.737303420901299
leaf_count=345 57 111 96 112 480 75 524 3110 60 58 44 101 85 53 57 1601 115 79 65 94 74 343 266
internal_value=-0.000611271 0.0217616 -0.0388952 0.00981798 0.0124732 0.00954688 0.0126024 -0.044476 0.0463367 -0.0334012 -0.00119011 -0.0178825 -0.0360048 0 -0.0219446 -0.0394215 0.0495614 0.0357969 0.0540503 -0.0526054 -0.0353646 -0.0474911 0.0568649
internal_weight=569.773 359.495 210.278 242.125 229.976 211.609 193.109 182.996 117.37 77.8536 27.2822 15.7781 74.7743 6.66424 18.5007 68.1101 107.797 26.9191 80.8774 105.142 16.119 13.6911 72.1423
internal_count=8005 2289 5716 1359 1247 1136 1004 5514 930 1893 202 145 1835 149 132 1686 870 194 676 3621 511 437 611
is_linear=0
shrinkage=0.0540709


Tree=37
num_leaves=27
num_cat=0
split_feature=99 73 24 97 36 75 65 91 20 68 96 2 98 5 95 43 36 82 35 95 54 43 85 93 104 25
split_gain=154.095 34.0968 14.5193 10.4323 9.64862 7.69201 9.47685 5.39699 3.47792 3.47297 3.36447 3.00308 2.95622 2.56031 2.51323 4.49413 3.48082 2.16525 1.27415 2.86987 0.809371 0.742142 0.221643 0.169582 0.166195 0.0389839
threshold=1.0000000180025095e-35 1.5000000000000002 189.00000000000003 18.571572580645164 23.500000000000004 2201.2929166666668 2486.3800179475779 3.5000000000000004 1.0000000180025095e-35 96.500000000000014 255.69519616977229 2.5000000000000004 0.96736122817027437 149.50000000000003 414.50000000000006 1276.5000000000002 34.500000000000007 21.500000000000004 109.50000000000001 1660.5000000000002 12.500000000000002 290.00000000000006 -58887.077249999988 1.0000000180025095e-35 -0.12446222107125475 132.50000000000003
decision_type=2 2 2 2 2 2 2 2 2 2 2 2 2 2 2 2 2 2 2 2 2 2 2 2 2 2
left_child=1 8 10 4 -3 9 -7 18 12 -6 17 -9 20 -14 15 -13 -16 -2 22 24 -1 -15 -4 -22 -20 -10
right_child=2 3 7 -5 5 6 -8 11 25 -11 -12 14 13 21 16 -17 -18 -19 19 -21 23 -23 -24 -25 -26 -27
leaf_value=0.036342522973817619 0.031911326337924976 0.058075309490631874 -0.030355879908320397 -0.036349502604660182 0.012978803087750127 -0.029349518690296485 0.0097489658459340711 0.012548648981732882 0.020203182548468843 0.053976827728331969 -0.027044136366954408 -0.044143839157915782 0.0091370330218200485 0.032265730598000017 -0.020230930599915833 0.032550101793452482 -0.047455621979898499 -0.0055399193166116066 -0.026019920305020851 0.024368254581405589 0.050168858004350246 0.057550764369849378 -0.055638396905779035 0.061431714121513173 -0.054357903170704408 0.029610129487595956
leaf_weight=7.1645292714238158 8.7294152975082451 12.669068798422812 2.3588360939174882 13.705117758363484 11.024473063647749 20.241833064705133 168.37334668263793 3.7252198085188857 10.868626222014427 15.060506153851746 9.623140271753071 4.7557973749935609 8.7741172313690203 8.4791641533374804 20.880159888416529 4.1373850591480732 47.622441047802567 8.7760636247694475 2.0387297943234444 1.9292730726301668 14.376241222023962 9.4007303118705732 82.827020764350891 43.522562548518181 5.3415284976363164 11.138714753091335
leaf_count=50 64 69 76 84 62 113 939 83 68 92 72 118 66 66 530 95 1286 66 66 64 131 75 3012 412 184 62
internal_value=-0.000596263 0.0208786 -0.038213 0.00932695 0.012113 0.00936587 0.00551351 -0.0439013 0.0453001 0.0369354 -0.0011169 -0.0334188 0.0500172 0.0341299 -0.0357271 -0.00763328 -0.0392661 0.0127153 -0.0528209 -0.0318428 0.0564106 0.0459786 -0.0550259 0.0587648 -0.0475409 0.0253027
internal_weight=557.544 354.799 202.745 241.074 227.369 214.7 188.615 175.616 113.725 26.085 27.1286 81.121 91.7173 26.654 77.3958 8.89318 68.5026 17.5055 94.4954 9.30953 65.0633 17.8799 85.1859 57.8988 7.38026 22.0073
internal_count=8005 2289 5716 1359 1275 1206 1052 5514 930 154 202 2112 800 207 2029 213 1816 130 3402 314 593 141 3088 543 250 130
is_linear=0
shrinkage=0.0540709


Tree=38
num_leaves=26
num_cat=0
split_feature=99 54 24 7 84 16 106 16 78 20 97 16 8 17 97 94 86 92 109 95 64 78 92 92 95
split_gain=142.086 32.5498 14.063 8.5801 8.11516 6.58322 6.2307 5.67642 5.09621 5.0064 4.54335 4.09993 4.92374 6.48616 3.25715 4.36425 3.14476 3.47542 2.37727 1.78478 3.45048 1.79108 1.59402 1.79189 1.49929
threshold=1.0000000180025095e-35 5.5000000000000009 189.00000000000003 4.8256893455928527 0.93119877049180333 40.500000000000007 0.81666666666666676 40.500000000000007 0.59273156834132446 13.500000000000002 6.0643201100664994 39.500000000000007 165.00000000000003 25.500000000000004 5.7166934189406104 5.5000000000000009 -5047.2778904999968 30.500000000000004 1.0264157455099856 1660.5000000000002 1306.9646339285716 0.92863671977017515 37.500000000000007 24.500000000000004 259.50000000000006
decision_type=2 2 2 2 2 2 2 2 2 2 2 2 2 2 2 2 2 2 2 2 2 2 2 2 2
left_child=1 3 14 4 6 -5 8 11 -1 18 -8 12 24 -14 15 -2 -13 -18 22 -9 -21 -22 23 -3 -4
right_child=2 9 7 5 -6 -7 10 19 -10 -11 -12 16 13 -15 -16 -17 17 -19 -20 20 21 -23 -24 -25 -26
leaf_value=0.013528575552390601 0.040061844664013635 0.034341452597459611 -0.006758944429576347 -0.0018108673224023083 0.041400067474900555 -0.062536434449719416 0.009389904800267565 -0.055467329237562465 -0.013753887969475126 0.0054781720503240001 0.03744214362634294 -0.054590586918064343 -0.036304034402150243 0.044176451958331406 -0.025924920238270522 -0.014075427007670534 0.014562074939132683 -0.030750588339285387 0.025565691613320389 0.01849639349493519 -0.05504794567521705 0 0.021964062929239948 0.0537024044124845 -0.055527391534000964
leaf_weight=31.804847203195095 8.689115367829805 20.262491062283516 2.3291142396628848 14.835212159901857 22.613788098096848 8.2791152223944664 64.431590788066387 80.441876636818051 53.494256116449833 10.976740866899489 23.458315454423428 4.4568528160452869 10.742102559655903 3.9606251120567313 9.9483454637229425 8.4592498466372472 11.837030589580538 8.414400562644003 18.32013414055109 2.8064516205340615 10.357259321957825 1.8338818736374367 7.5566813722252837 74.844060353934765 31.455184297636151
leaf_count=188 50 168 61 97 120 102 295 3110 315 55 108 120 243 34 70 82 197 160 119 92 360 59 60 662 1078
internal_value=-0.000579541 0.0199966 -0.0375029 0.00716935 0.0108733 -0.0238852 0.00684416 -0.0433138 -0.00349454 0.0412201 0.016962 -0.031724 -0.0409347 -0.0141182 -0.00106556 0.0129267 -0.0133479 -0.00390152 0.0444017 -0.052124 -0.0336932 -0.0463148 0.0476903 0.0496561 -0.0523847
internal_weight=546.609 350.877 195.731 218.917 195.803 23.1143 173.189 168.635 85.2991 131.96 87.8899 73.1953 48.487 14.7027 27.0967 17.1484 24.7083 20.2514 120.983 95.4395 14.9976 12.1911 102.663 95.1066 33.7843
internal_count=8005 2289 5716 1225 1026 199 906 5514 503 1064 403 1893 1416 277 202 132 477 357 1009 3621 511 419 890 830 1139
is_linear=0
shrinkage=0.0540709


Tree=39
num_leaves=26
num_cat=0
split_feature=20 27 3 76 13 17 54 52 69 86 109 107 66 104 9 94 85 77 54 107 43 98 9 98 42
split_gain=100.787 32.9268 46.546 20.3543 15.5792 9.33258 8.93864 7.54989 6.62784 6.56724 5.48459 5.27098 7.2588 4.61685 4.16503 3.79165 3.52856 3.26849 3.89016 2.40361 7.90613 2.77011 2.32246 1.95351 0.43772
threshold=1.0000000180025095e-35 1.0000000180025095e-35 0.70833333333333337 74.500000000000014 33.525000000000006 25.500000000000004 1.0000000180025095e-35 0.86583274594924575 83.500000000000014 50394.176710499989 1.1407643361870463 1.0000000180025095e-35 428.50000000000006 0.015490650112480627 119.50000000000001 3.5000000000000004 3823.5957499999972 364.50000000000006 1.0000000180025095e-35 1.0000000180025095e-35 585.50000000000011 0.96736122817027437 119.50000000000001 1.0996620491491211 250.08300000000003
decision_type=2 2 2 2 2 2 2 2 2 2 2 2 2 2 2 2 2 2 2 2 2 2 2 2 2
left_child=3 2 5 13 9 7 -3 8 -2 14 -11 15 -13 19 -4 -5 -15 18 -17 21 -21 24 -8 -23 -1
right_child=1 6 4 11 -6 -7 22 -9 -10 10 -12 12 -14 16 -16 17 -18 -19 -20 20 -22 23 -24 -25 -26
leaf_value=0.062229967869083379 -0.032663567817304048 -0.013492014840004798 -0.057483945449609011 -0.00270223532576088 0.042528402597971103 0.044792260801556155 0.026360593015407965 0.033982221825680815 0.0030721957427354736 0.05021368799185312 -0.04248509257446087 -0.042655170227424571 0.01253022486163087 -0.0036611220423484266 -0.039902845064525877 -0.0059124251026236854 0.039262279675577993 0.041731587880879384 0.033750375072970955 -0.0076144281388557623 0.059058238382271082 0.012596395279573241 0.059718726908107644 0.047749088222684359 0.048870061635819126
leaf_weight=40.069970369338989 24.159903544932604 10.899291925132273 69.345331653952599 19.250159993767738 6.0830236170440903 14.479536339640616 12.761636108160019 13.63758400082588 39.935115594416857 3.8094812948256722 3.6239082105457783 11.8818396627903 16.554079070687294 9.9515985175967234 104.32134969905019 14.715016588568689 12.004937089979647 20.787594944238663 13.741385854780672 8.8792719859629887 11.970543246716259 8.2537530809640902 14.056952707469463 12.891638956964014 17.205568708479404
leaf_count=382 159 70 2596 89 41 68 86 75 259 71 89 77 99 65 2868 68 82 98 72 81 99 69 78 100 164
internal_value=-0.000569792 -0.0200439 -0.0264591 0.0277038 -0.0419533 0.00491295 0.0272792 -0.00242147 -0.0102833 -0.0448323 0.00402815 0.00913576 -0.0102704 0.042489 -0.0469662 0.0173003 0.0194726 0.0252695 0.0129818 0.0475047 0.0303122 0.0519804 0.0441242 0.03438 0.0583477
internal_weight=535.27 317.113 279.395 218.157 187.183 92.2121 37.7179 77.7326 64.095 181.1 7.43339 96.9301 28.4359 121.227 173.667 68.4942 21.9565 49.244 28.4564 99.2707 20.8498 78.4209 26.8186 21.1454 57.2755
internal_count=8005 6460 6226 1545 5665 561 234 493 418 5624 160 503 176 1042 5464 327 147 238 140 895 180 715 164 169 546
is_linear=0
shrinkage=0.0540709


Tree=40
num_leaves=25
num_cat=0
split_feature=99 73 24 97 36 84 81 16 108 20 42 98 98 17 94 5 85 95 61 49 64 78 53 107
split_gain=120.935 29.4452 13.0403 9.33558 10.5362 5.86746 6.11032 5.86407 4.22722 3.50323 3.18237 4.86708 3.09869 3.02927 3.47747 2.57955 2.33416 1.93457 4.4791 1.73568 1.17352 1.0086 0.170425 0.0888936
threshold=1.0000000180025095e-35 1.5000000000000002 189.00000000000003 18.571572580645164 22.500000000000004 0.95529051172707891 2163.6604000000002 40.500000000000007 0.99005843054082721 1.0000000180025095e-35 191.09550000000004 1.0891597072005699 0.96736122817027437 32.500000000000007 5.5000000000000009 149.50000000000003 -24123.473249999985 1660.5000000000002 0.88709897340710975 12.500000000000002 1306.9646339285716 0.17798321800542158 0.0097841972110000019 1.0000000180025095e-35
decision_type=2 2 2 2 2 2 2 2 2 2 2 2 2 2 2 2 2 2 2 2 2 2 2 2
left_child=1 9 13 4 -3 6 -6 8 10 12 16 -12 21 -2 -15 -14 -4 -9 20 -17 -19 23 -11 -1
right_child=2 3 7 -5 5 -7 -8 17 -10 22 11 -13 15 14 -16 19 -18 18 -20 -21 -22 -23 -24 -25
leaf_value=0.05903265311726931 0.01963735713826556 0.061925383660795419 -0.0082040604506595765 -0.035786899706906412 0.023855763610415099 0.041520401238679436 0.0004813896317872211 -0.05530653121261192 0.032335044769921863 0.015758619043045562 -0.027993865987947321 0.040730919414655363 0.0052906704979669081 0.0096606978905706773 -0.041255089517460979 0.024993357978168172 -0.052093925600751954 -0.0087842330655410993 0.035602319212621733 0.062293279638307004 -0.054789909067020942 0.032084956839654455 0.028283916402954398 0.045137962589852192
leaf_weight=44.582809954881668 11.502888627350332 11.128768570721148 4.5702442098408964 13.416070947423576 41.48887400329113 14.169901687651871 157.56448303535581 72.636646037921309 2.9150286614894858 10.950589038431646 31.87226708047092 3.2433516606688491 8.3103150799870509 7.1662418395280829 8.1925470530986768 8.560515299439432 26.328521594405174 2.4575800579041234 2.2810248769819728 7.8956734910607329 9.1837743800133449 6.6385601088404647 10.080809161067007 6.6269550621509543
leaf_count=482 57 64 124 84 252 79 880 3110 58 69 844 85 66 44 101 72 782 85 74 69 352 52 61 59
internal_value=-0.000553214 0.0184206 -0.0361183 0.00789819 0.0105438 0.00782676 0.00539067 -0.0421296 -0.0301016 0.0424875 -0.0329716 -0.0214337 0.0475833 -0.00104641 -0.0170192 0.0308759 -0.0458424 -0.0516214 -0.0318586 0.0433448 -0.045716 0.0546071 0.022116 0.0573809
internal_weight=523.764 341.414 182.35 237.768 224.352 213.223 199.053 155.488 68.9294 103.646 66.0144 35.1156 82.6148 26.8617 15.3588 24.7665 30.8988 86.559 13.9224 16.4562 11.6414 57.8483 21.0314 51.2098
internal_count=8005 2289 5716 1359 1275 1211 1132 5514 1893 930 1835 929 800 202 145 207 906 3621 511 141 437 593 130 541
is_linear=0
shrinkage=0.0540709


Tree=41
num_leaves=25
num_cat=0
split_feature=20 16 31 76 17 26 18 108 17 98 104 63 92 91 85 4 107 43 98 95 20 98 7 96
split_gain=85.2137 24.1096 28.5675 18.4193 10.7181 11.6068 10.9776 7.07623 6.67433 5.07632 4.57149 4.53721 4.04508 5.04063 3.26646 3.1078 2.38505 7.51121 2.77544 2.27934 1.92264 1.80363 1.56324 0.673354
threshold=1.0000000180025095e-35 40.500000000000007 1.0000000180025095e-35 74.500000000000014 1.0000000180025095e-35 1.5000000000000002 1.0000000180025095e-35 0.57736885755753675 25.500000000000004 1.0374869394913546 0.015490650112480627 55466.22800000001 30.500000000000004 6.5000000000000009 3823.5957499999972 0.2678571428571429 1.0000000180025095e-35 576.00000000000011 0.96736122817027437 2278.0000000000005 29.500000000000004 1.1043112252282909 0.47360679774997855 301.90419287774273
decision_type=2 2 2 2 2 2 2 2 2 2 2 2 2 2 2 2 2 2 2 2 2 2 2 2
left_child=3 4 15 10 20 6 8 -8 -6 11 16 -5 13 -13 -12 19 18 -18 23 22 -2 -20 -3 -1
right_child=1 2 -4 9 5 -7 7 -9 -10 -11 14 12 -14 -15 -16 -17 17 -19 21 -21 -22 -23 -24 -25
leaf_value=0.05977205352050708 -0.0033941598848667093 -0.050142342700203547 0.029927606589629951 -0.01778601198724563 -0.0009882442349033961 0.040971201193428126 -0.029228398364515764 0.023551187820156673 0.040405639772268846 -0.020871770530719695 -0.0048980863739344497 0.027142506473675224 0.044802695564240019 -0.0051978364336624939 0.036960507651814273 0.013076366042575279 -0.0092013504739586489 0.057190138400409929 0.011667165157600771 -0.010360515830248067 -0.058379948929529843 0.046003816216431716 -0.077326109705516538 0.037550979006014604
leaf_weight=46.285806871950626 2.5053522661328289 84.020709373056889 15.263926904648541 11.321028400212525 72.463309831917286 15.795573592185972 64.199087366461754 8.2396807651966792 13.443659797310827 14.559934012591837 9.786848187446596 30.190957508981228 14.185075363144277 25.820524707436562 11.566541135311125 2.0962822437286368 8.5548847336322087 11.391345743089913 8.1511591896414775 4.360029185190796 13.086237562820315 12.158312834799288 7.9250562638044348 6.5123398751020423
leaf_count=484 44 3540 101 59 439 82 1413 135 63 79 65 162 79 124 82 13 79 101 70 118 397 99 115 62
internal_value=-0.000533703 -0.0188873 -0.0385945 0.0258865 -0.00704182 -0.00315077 -0.00759928 -0.0231223 0.00540434 0.00833483 0.0405612 0.0136425 0.0188169 0.0121025 0.0174309 -0.049299 0.045789 0.0283466 0.0504458 -0.0507337 -0.0500202 0.0325895 -0.0525675 0.0571729
internal_weight=513.884 303.399 113.666 210.485 189.733 174.141 158.346 72.4388 85.907 96.0775 114.407 81.5176 70.1966 56.0115 21.3534 98.4021 93.0538 19.9462 73.1076 96.3058 15.5916 20.3095 91.9458 52.7981
internal_count=8005 6460 3887 1545 2573 2132 2050 1548 502 503 1042 424 365 286 147 3786 895 180 715 3773 441 169 3655 546
is_linear=0
shrinkage=0.0540709


Tree=42
num_leaves=24
num_cat=0
split_feature=99 73 16 20 97 36 25 86 84 65 41 7 103 95 85 93 97 22 104 55 17 97 106
split_gain=103.249 26.6635 12.7445 12.6277 8.33663 9.68949 7.55435 5.47389 6.7712 5.07177 9.7059 4.82676 3.71503 3.24632 2.85618 2.20327 3.37667 4.55769 1.72003 1.09093 0.599152 0.307387 0.501242
threshold=1.0000000180025095e-35 1.5000000000000002 40.500000000000007 -1.0000000180025095e-35 18.571572580645164 22.500000000000004 124.25000000000001 1761.0530855000036 0.92567167614850876 6754.7341007220648 34307.839000000007 0.49999999999999961 33.409999999999997 2278.0000000000005 -12248.169999999998 1.5000000000000002 11.425824175824177 1.0000000180025095e-35 -0.99887290646989524 14.500000000000002 45.500000000000007 4.1458333333333348 1.7500000000000002
decision_type=2 2 2 2 2 2 2 2 2 2 2 2 2 2 2 2 2 2 2 2 2 2 2
left_child=1 11 3 -2 5 -3 -5 8 -7 14 -11 15 -9 18 -8 16 19 -18 -4 -1 -20 22 -17
right_child=2 4 13 6 -6 7 9 12 -10 10 -12 -13 -14 -15 -16 21 17 -19 20 -21 -22 -23 -24
leaf_value=0.031636631749884375 0.085867735450006241 0.059803525955886415 0 0.028095315596026984 -0.034490730763450626 0.010449039043256206 -0.016737199073169 -0.017035874379978937 0.053261681866237566 0.041790435894352385 -0.034638819192452763 0.0011005474318522559 0.0051478370588099089 0 -0.045795959889867413 0.039241633771131025 -0.0071163217713933954 0.04491280392742579 -0.054481637070347907 0.057377695842845362 -0.034192967330430812 0.059555070001055713 0.059600607834462541
leaf_weight=9.1379477456212062 3.1613956391811362 10.735302016139029 2.0133448764681807 7.3106718789786092 13.222652817144988 100.66700414381921 14.547608505934475 33.095791136845946 12.250149708241223 7.6878318842500475 13.073937380686401 8.5718681365251523 65.639321189373732 3.9242540169507256 38.45663071423769 14.036868646740915 9.8977719396352768 9.406921811401844 73.829631289467216 16.64994752407074 6.7276614718139163 21.677495382726192 8.3146324902772886
leaf_count=91 14 64 64 56 84 580 382 187 68 172 314 60 376 114 1048 139 79 85 3458 167 94 215 94
internal_value=-0.000518208 0.016982 -0.0347251 -0.0196089 0.00709611 0.00960231 -0.023815 0.00702053 0.0151601 -0.0290606 -0.00598061 0.0407479 -0.00221345 -0.0493606 -0.0379609 0.0444782 0.0355729 0.0178562 -0.051645 0.0485464 -0.05288 0.0534285 0.0471508
internal_weight=504.037 333.304 170.733 84.2381 235.61 222.388 81.0767 211.652 112.917 73.766 20.7618 97.6935 98.7351 86.4949 53.0042 89.1216 45.0926 19.3047 82.5706 25.7879 80.5573 44.029 22.3515
internal_count=8005 2289 5716 1986 1359 1275 1972 1211 648 1916 486 930 563 3730 1430 870 422 164 3616 258 3552 448 233
is_linear=0
shrinkage=0.0540709


Tree=43
num_leaves=24
num_cat=0
split_feature=99 73 24 5 84 91 83 98 51 7 97 17 95 20 5 98 48 20 96 65 43 32 20
split_gain=95.1485 25.1582 11.6845 8.57968 6.21067 6.09809 5.17192 6.25693 5.67915 4.61379 2.99951 2.93164 3.70674 3.60199 3.1538 2.26095 2.16429 1.72152 1.68749 0.974067 0.766492 0.562443 2.45572
threshold=1.0000000180025095e-35 1.5000000000000002 189.00000000000003 605.50000000000011 0.9334388185654009 3.5000000000000004 20.500000000000004 1.0207554997724151 591.50000000000011 0.49999999999999961 5.7166934189406104 6.5000000000000009 398.50000000000006 22.500000000000004 538.00000000000011 0.9989394006637593 26.500000000000004 13.500000000000002 218.03639284115937 10741.664412449745 275.50000000000006 131.50000000000003 26.500000000000004
decision_type=2 2 2 2 2 2 2 2 2 2 2 2 2 2 2 2 2 2 2 2 2 2 2
left_child=1 9 10 4 6 19 8 -8 -3 15 18 12 -7 14 -13 17 -17 20 -2 21 -1 -4 -23
right_child=2 3 5 -5 -6 11 7 -9 -10 -11 -12 13 -14 -15 -16 16 -18 -19 -20 -21 -22 22 -24
leaf_value=0.045600517179261106 0.030925453452110455 -0.0042151557074897568 -0.055211278227784127 -0.03861288557646337 0.035848186493730838 0.019242280660085112 0.0069805729558455962 -0.020594561496151527 0.04301413090766263 0.0010416755738709559 -0.024980297916998136 -0.031021230733975495 -0.055402043283808822 0.037099688910767412 0.0071675430676022408 0.041397675162644462 0.0062102597803962833 0.019574938625185289 -0.0028207110366463028 -0.017446475584269917 0.060290758499469715 -0.054351200264085603 0.0047271428859946623
leaf_weight=32.772023528814316 7.9763418026268544 11.25877543538809 58.301281694322824 11.53639594838023 22.898804657161236 2.0408453084528473 139.85728171095252 28.990411840379238 20.518670048564672 8.5668973103165609 9.6397104635834676 38.827733673155308 16.750289173796773 2.8197954315692177 7.1929906848818055 14.256663180887701 8.813476122915743 6.062615454196929 8.701219938695429 3.0050533283501855 24.341696232557297 7.2671350408345443 2.5602584108710289
leaf_count=368 59 66 2840 112 126 63 752 165 138 60 70 1214 607 95 133 120 74 34 73 124 274 327 111
internal_value=-0.000502076 0.0162537 -0.0340286 0.00673208 0.00910582 -0.0402944 0.00601632 0.00220206 0.026049 0.039781 -0.000709274 -0.0284223 -0.0469006 -0.0211598 -0.0248917 0.0435432 0.0282772 0.0489997 0.0128778 -0.0514768 0.0519929 -0.0528687 -0.0382104
internal_weight=494.956 329.874 165.083 235.06 223.524 138.765 200.625 168.848 31.7774 94.8134 26.3173 67.6317 18.7911 48.8405 46.0207 86.2465 23.0701 63.1763 16.6776 71.1337 57.1137 68.1287 9.82739
internal_count=8005 2289 5716 1359 1247 5514 1121 917 204 930 202 2112 670 1442 1347 870 194 676 132 3402 642 3278 438
is_linear=0
shrinkage=0.0540709


Tree=44
num_leaves=24
num_cat=0
split_feature=20 27 3 76 13 54 17 9 86 20 17 104 98 65 95 65 76 9 47 47 20 4 77
split_gain=66.7975 23.758 36.0007 16.204 13.5784 7.71085 7.66404 6.99124 6.93296 4.99122 7.27221 4.41502 4.30304 4.02043 3.0071 2.91508 3.34827 2.17404 1.75663 3.69926 1.51954 1.2535 0.0639379
threshold=1.0000000180025095e-35 1.0000000180025095e-35 0.70833333333333337 74.500000000000014 33.525000000000006 1.0000000180025095e-35 25.500000000000004 119.50000000000001 50394.176710499989 8.5000000000000018 17.500000000000004 0.015490650112480627 1.0419263971336232 2416.2067718186031 721.50000000000011 7654.5401513412044 142.50000000000003 119.50000000000001 226.50000000000003 160.50000000000003 -12.499999999999998 0.18333333333333332 3.5000000000000004
decision_type=2 2 2 2 2 2 2 2 2 2 2 2 2 2 2 2 2 2 2 2 2 2 2
left_child=3 2 6 11 7 -3 9 21 -9 -2 -11 18 13 -5 -13 16 -15 -7 19 20 -1 -4 -20
right_child=1 5 4 12 -6 17 -8 8 -10 10 -12 14 -14 15 -16 -17 -18 -19 22 -21 -22 -23 -24
leaf_value=0.034113378291851508 -0.038097441852218791 -0.013994414438386456 -0.053994529445262118 -0.018162561632553857 0.039291293415818808 0.022462193751449352 0.040220431534475451 -0.036697503178606962 0.024305513050236097 -0.0069592645985434741 0.036052807490195071 0.035314367289657249 -0.02043929399805388 0 -0.0056212086664143507 -0.0027492561291299544 0.030842363354433716 0.055786381008188633 0.053624647757649184 0.00069540839283986275 0.052228066415817793 -0.081812802540223065 0.070562351165655693
leaf_weight=30.109361741691828 10.287630051374434 10.781852845102547 49.719982620328665 10.976510895416139 6.1412750035524359 11.928957875818014 14.157744862139223 89.668832786381245 5.6490808147937051 52.860430272296071 14.652601314708589 10.431279547512533 13.940188424661754 13.837647031992672 10.027935206890104 16.456963572651148 39.826439291238785 13.170409973710775 10.136050738394262 6.8893814757466307 31.987509083002806 6.6151671241968861 6.0237576067447653
leaf_count=324 62 70 2564 58 41 86 68 2868 119 343 88 78 76 76 69 92 201 78 122 62 340 73 47
internal_value=-0.000486496 -0.0172975 -0.0232232 0.0234086 -0.0388986 0.0237417 0.00359472 -0.0421142 -0.0330041 -0.00297617 0.00226719 0.0380016 0.00711459 0.0119425 0.0148904 0.0167609 0.0228816 0.0402462 0.0434675 0.0393912 0.0435652 -0.0573953 0.0604043
internal_weight=486.277 285.634 249.753 200.643 157.794 35.8812 91.9584 151.653 95.3179 77.8007 67.513 105.605 95.0377 81.0976 20.4592 70.121 53.6641 25.0994 85.1461 68.9863 62.0969 56.3351 16.1598
internal_count=8005 6460 6226 1545 5665 234 561 5624 2987 493 431 1042 503 427 147 369 277 164 895 726 664 2637 169
is_linear=0
shrinkage=0.0540709


Tree=45
num_leaves=21
num_cat=0
split_feature=99 76 16 20 5 108 25 97 48 65 65 20 95 85 69 104 95 40 53 106
split_gain=80.9725 22.8383 12.5985 10.4716 7.73187 6.8151 6.40648 5.91461 6.6364 4.88164 8.46563 4.3015 3.46061 2.97143 2.72869 1.8783 1.64487 1.59376 0.92894 0.579083
threshold=1.0000000180025095e-35 2.5000000000000004 40.500000000000007 -1.0000000180025095e-35 605.50000000000011 -0.56624937567665101 124.25000000000001 18.571572580645164 56.500000000000007 6754.7341007220648 7654.5401513412044 4.5000000000000009 2278.0000000000005 -12248.169999999998 43.500000000000007 -0.99887290646989524 2239.5000000000005 6472.8208714289285 0.38348807001105945 1.5166666666666668
decision_type=2 2 2 2 2 2 2 2 2 2 2 2 2 2 2 2 2 2 2 2
left_child=1 11 3 -2 5 14 -5 8 -7 13 -11 16 15 -8 -3 -4 17 18 -1 -17
right_child=2 4 12 6 -6 7 9 -9 -10 10 -12 -13 -14 -15 -16 19 -18 -19 -20 -21
leaf_value=0.057136265196054734 0.078186012054015971 0.017016545497313844 0 0.025980122903669339 -0.036383663901641418 0.021038811686104143 -0.013649972966815221 -0.02906369204069735 0.00051872833248510389 0.059018774811726231 -0.023722551427321461 0.011998598355392845 0.0011126530180879061 -0.044336831101525601 0.05729080030081328 -0.054185575080718536 0.022098054945767408 0.029106438231222623 0.030614888670909279 -0.033922598595268659
leaf_weight=40.47450514882803 3.1843124330043784 10.156550575047733 1.8367421645671118 7.3582747913897029 11.524822428822516 74.356813114136457 13.589318394660948 13.156555280089377 123.18488628044724 4.7298226971179274 15.168696621432899 13.752855971455572 3.6399829071015111 35.011961944401264 10.937587376683949 63.845959294587374 8.4198198169469816 10.705062128603457 5.7074417918920508 6.6468423232436171
leaf_count=488 14 72 64 56 115 424 382 77 669 105 381 87 114 1048 78 3458 89 125 65 94
internal_value=-0.000472413 0.0149536 -0.0326013 -0.0173421 0.00671338 0.00888839 -0.0214517 0.00591306 0.00828027 -0.0266554 -0.00367947 0.0402198 -0.0483794 -0.0359096 0.0382534 -0.0509722 0.0460491 0.0494631 0.0540202 -0.0523809
internal_weight=477.389 322.377 155.012 79.0424 243.317 231.792 75.8581 210.698 197.542 68.4998 19.8985 79.0597 75.9695 48.6013 21.0941 72.3295 65.3068 56.887 46.1819 70.4928
internal_count=8005 2289 5716 1986 1435 1320 1972 1170 1093 1916 486 854 3730 1430 150 3616 767 678 553 3552
is_linear=0
shrinkage=0.0540709


Tree=46
num_leaves=29
num_cat=0
split_feature=99 76 16 20 97 81 42 16 8 17 92 42 42 92 55 20 98 92 95 48 95 84 97 35 95 95 38 92
split_gain=74.5243 21.5538 12.3524 9.42375 6.58073 7.48295 6.45498 6.19276 7.63778 10.4815 5.98987 5.3132 5.16761 4.54521 8.39353 4.19943 3.61952 3.46589 4.37734 3.43477 3.41288 1.91141 1.47249 0.563675 1.96242 0.497687 0.386948 0.315397
threshold=1.0000000180025095e-35 2.5000000000000004 40.500000000000007 -1.0000000180025095e-35 18.571572580645164 2423.8641666666667 53.504000000000012 39.500000000000007 165.00000000000003 27.500000000000004 24.500000000000004 109.52250000000002 9.9455000000000009 33.500000000000007 14.500000000000002 4.5000000000000009 1.059403382797534 32.500000000000007 1866.5000000000002 48.500000000000007 365.50000000000006 0.99970963995354245 6.4579905992949476 131.50000000000003 1430.5000000000002 2239.5000000000005 409380.91900000005 27.500000000000004
decision_type=2 2 2 2 2 2 2 2 2 2 2 2 2 2 2 2 2 2 2 2 2 2 2 2 2 2 2 2
left_child=1 15 3 -2 5 10 12 8 20 -10 -3 -8 -7 14 -9 16 25 21 -19 -12 -5 23 -15 27 -25 26 -1 -4
right_child=2 4 17 7 -6 6 11 13 9 -11 19 -13 -14 22 -16 -17 -18 18 -20 -21 -22 -23 -24 24 -26 -27 -28 -29
leaf_value=0.056394481116559383 0.073554937939793341 0 -0.054521979957971693 -0.0043705368331015543 -0.02573085216508697 0.0056531331551197992 0.042179937397853369 0.085888944295204425 -0.033069760037411855 0.055292240496601697 0.05138144307038113 0.0046411435830013698 -0.038242854731122503 -0.0064836648477145618 -0.0033168964211593975 0.011421212636945833 0.018497985895365898 -0.051627982745412949 0.067214820563234634 0.018812550088371023 -0.056818532177569075 0.00034936260953039706 -0.058846738862309261 -0.052858374563174541 0.022776823871272736 0.034190020491049661 0.035179078431843265 -0.024692362237160578
leaf_weight=39.109448861330748 3.2013901174068442 18.896684072911739 60.583055881783366 4.5940180886536863 17.226069198921323 13.513480268418791 12.213631149381397 3.8028355836868348 12.023658672347667 5.8071518689393988 22.474170701578259 122.53242687508464 17.859887264668941 3.175945693626999 15.569725928828118 13.669371999800203 12.663324989378451 1.9409794732928269 1.686181843280792 17.966458121314645 25.404316857457161 1.800172597169875 3.9711845628917217 3.2521755304187527 1.288764690980315 6.3417489826679221 4.8364291116595259 1.9959073215723027
leaf_count=509 14 116 3194 131 110 78 72 53 268 37 153 682 103 67 299 87 122 81 50 121 1030 84 87 169 60 72 64 92
internal_value=-0.000455712 0.0142998 -0.0318943 -0.016744 0.00636971 0.00885536 0.00291752 -0.0207337 -0.0323537 -0.00387426 0.0253535 0.00809921 -0.0191008 0 0.0138204 0.0393199 0.04526 -0.0479865 0.00158986 0.0370967 -0.0490338 -0.0507028 -0.0366212 -0.0521821 -0.0297648 0.051851 0.0542297 -0.0536896
internal_weight=469.401 319.303 150.097 77.5502 242.683 225.457 166.119 74.3488 47.8291 17.8308 59.3373 134.746 31.3734 26.5197 19.3726 76.6203 62.951 72.5472 3.62716 40.4406 29.9983 68.9201 7.14713 67.1199 4.54094 50.2876 43.9459 62.579
internal_count=8005 2289 5716 1986 1435 1325 935 1972 1466 305 390 754 181 506 352 854 767 3730 131 274 1161 3599 154 3515 229 645 573 3286
is_linear=0
shrinkage=0.0540709


Tree=47
num_leaves=27
num_cat=0
split_feature=20 27 16 76 18 7 54 17 0 107 94 48 93 92 84 65 95 95 92 20 98 107 9 48 1 95
split_gain=51.9315 19.9524 29.3007 14.3753 8.89694 8.17352 6.73274 6.69599 5.57024 5.1525 5.1968 5.01202 4.64262 4.62055 5.2027 7.12728 4.40275 3.68595 5.01096 4.80221 3.34158 2.63951 2.14676 2.08835 0.41128 0.380356
threshold=1.0000000180025095e-35 1.0000000180025095e-35 40.500000000000007 2.5000000000000004 1.0000000180025095e-35 56.700098766926715 1.0000000180025095e-35 24.500000000000004 3.5000000000000004 1.0000000180025095e-35 3.5000000000000004 92.500000000000014 1.0000000180025095e-35 29.500000000000004 0.532164297880658 3104.5468894572955 732.50000000000011 1506.5000000000002 27.500000000000004 25.500000000000004 1.059403382797534 1.0000000180025095e-35 119.50000000000001 46.500000000000007 1.0000000180025095e-35 2200.5000000000005
decision_type=2 2 2 2 2 2 2 2 2 2 2 2 2 2 2 2 2 2 2 2 2 2 2 2 2 2
left_child=3 2 4 20 7 8 -3 12 -6 13 -11 -12 -2 14 15 -5 -16 24 19 -19 21 25 -8 -15 -4 -1
right_child=1 6 17 9 5 -7 22 -9 -10 10 11 -13 -14 23 16 -17 -18 18 -20 -21 -22 -23 -24 -25 -26 -27
leaf_value=0.057019473786796768 -0.023541340562122721 -0.012995526725021436 -0.054912903475651781 -0.00063574141972841847 -0.020443465471365337 0.03650769895124429 0.020193932087741617 0.032342672405644701 -0.060495935299713838 0.022861760146995654 -0.039369946991592852 0.0095809579767427832 0.0052174212636963355 0.055722931879878035 0.020128572742208667 0.05936065706114408 -0.014297441389883776 -0.059052818065021551 0.02558294415335367 0.038229599759625567 0.016243146083724552 0.022403427530263982 0.053813307858441205 0.021720006739222763 -0.076285185235745484 0.035972725036333024
leaf_weight=35.850263562053442 24.99573440104723 10.662690762430428 51.02503515407443 10.513682492077352 55.09861166216433 6.1497075445950022 11.549310341477394 17.796330198645592 12.834931166842578 11.960368845611809 15.573290979489686 9.7305952385067922 47.072389476001263 11.203858956694605 18.226249381899834 12.25616332888603 26.848776370286942 9.7656629262492043 3.9181618615984908 1.6515242839232076 12.536875143647192 10.122995955869554 12.71130695939064 11.909582279622553 4.9186086673289529 4.9430454075336447
leaf_count=491 159 70 3059 66 1506 36 86 85 425 70 124 59 282 74 89 84 126 428 109 76 121 116 78 63 61 62
internal_value=-0.000444087 -0.0157326 -0.0214107 0.0210651 -0.00877272 -0.0226556 0.0222997 0.00259022 -0.0281212 0.0105709 -0.00621709 -0.0202546 -0.00465497 0.01753 0.0102672 0.0313361 -0.00021289 -0.0503743 -0.0259835 -0.0443288 0.0421535 0.0483872 0.0381166 0.0385258 -0.056927 0.0546524
internal_weight=461.826 270.15 235.227 191.676 163.948 74.0833 34.9233 89.8645 67.9335 128.223 37.2643 25.3039 72.0681 90.9583 67.8449 22.7698 45.075 71.279 15.3353 11.4172 63.4532 50.9163 24.2606 23.1134 55.9436 40.7933
internal_count=8005 6460 6226 1545 2493 1967 234 526 1931 755 253 183 441 502 365 150 215 3733 613 504 790 669 164 137 3120 553
is_linear=0
shrinkage=0.0540709


Tree=48
num_leaves=28
num_cat=0
split_feature=99 76 24 91 32 31 106 29 84 96 7 95 43 36 80 105 96 106 35 95 93 59 66 78 86 108 48
split_gain=63.4277 19.143 9.12525 6.41015 6.239 5.68413 5.49886 5.99309 4.55101 4.35092 4.21525 3.19468 15.2192 4.33929 9.55544 3.5139 2.47695 2.20764 2.02746 3.39064 1.57941 2.86801 3.06447 1.35626 0.817969 0.533058 0.352845
threshold=1.0000000180025095e-35 2.5000000000000004 189.00000000000003 3.5000000000000004 149.50000000000003 1.0000000180025095e-35 0.75000000000000011 149.50000000000003 0.93271386685063817 232.84839432103749 0.49999999999999961 568.50000000000011 2491.0000000000005 34.500000000000007 22662.722000000005 0.92075292332063252 255.69519616977229 1.5166666666666668 109.50000000000001 1660.5000000000002 1.5000000000000002 275.50000000000006 7.5000000000000009 0.72947059586332108 -31663.000517 0.17319993301302775 33.500000000000007
decision_type=2 2 2 2 2 2 2 2 2 2 2 2 2 2 2 2 2 2 2 2 2 2 2 2 2 2 2
left_child=1 10 16 18 5 6 7 -3 -8 -6 20 12 15 14 -13 -5 17 -2 24 25 21 22 -1 -15 -4 -20 -22
right_child=2 4 3 11 9 -7 8 -9 -10 -11 -12 13 -14 23 -16 -17 -18 -19 19 -21 26 -23 -24 -25 -26 -27 -28
leaf_value=0.037597203274462532 0.030803486592747297 -0.015877978046883571 -0.0010265551233162185 -0.055269424083432682 0.0049230182068668695 0.042443155111043594 0.0097495941713665654 0.020648252947422074 0.044241106828809829 -0.036263166986287496 -0.0010694545321005716 -0.022755714788563773 0.1240024289061657 -0.05543439443024966 0.10555225718644902 0.01593593828958664 -0.02423104502244874 -0.0080949189165125755 -0.052994365288646622 0.050805350669641695 0.054034110715238226 0.054543647129021329 -0.0044875389060293038 -0.031475597754229964 -0.054947665171553792 -0.0030856878834791997 0.035835037384122491
leaf_weight=11.755954973399644 8.3693517111241871 48.515236649662256 1.1213148040696967 5.8671899344772083 13.431662734597923 14.013604149222372 117.86472663655877 17.881098438054323 12.55410126596689 16.213452564552426 7.0521685555577269 13.176262905821202 2.3469812944531432 13.373099662363527 1.9384588915854681 2.8849321380257607 8.9166354108601791 8.2502796873450261 3.5244508078321806 1.4556911420077083 26.577317889779806 11.478825215250252 8.3782895356416685 19.760875718668103 48.959488999098539 1.1581845358014105 6.748732265084981
leaf_count=140 45 336 58 196 90 78 630 123 71 107 54 467 63 523 50 97 72 85 194 64 340 147 87 716 3030 56 86
internal_value=-0.000426362 0.0131449 -0.0305313 -0.0369969 0.00578569 0.00907464 0.00666074 -0.00592948 0.0131271 -0.0173542 0.0376235 -0.0243578 0.00116321 -0.0303817 -0.00579852 -0.0309558 -0.000980594 0.0110504 -0.0502064 -0.0189568 0.0419391 0.0326007 0.0197192 -0.0413716 -0.053888 -0.042235 0.050573
internal_weight=453.568 312.465 141.103 115.567 240.474 210.829 196.815 66.3963 130.419 29.6451 71.9913 59.3478 11.0991 48.2487 15.1147 8.75212 25.5363 16.6196 56.2191 6.13833 64.9391 31.6131 20.1342 33.134 50.0808 4.68264 33.3261
internal_count=8005 2289 5716 5514 1435 1238 1160 459 701 197 854 2112 356 1756 517 293 202 130 3402 314 800 374 227 1239 3088 250 426
is_linear=0
shrinkage=0.0540709


Tree=49
num_leaves=24
num_cat=0
split_feature=99 76 16 20 5 108 62 34 16 8 119 67 44 20 49 98 95 95 69 61 52 95 38
split_gain=58.3361 17.9629 11.7196 7.94008 6.48403 6.02348 5.90945 6.87848 5.78797 7.45123 9.20653 5.3029 6.95323 4.20539 3.93917 3.62069 3.54876 3.47219 3.10557 1.11451 10.4558 0.537929 0.456568
threshold=1.0000000180025095e-35 2.5000000000000004 40.500000000000007 -1.0000000180025095e-35 605.50000000000011 -0.57766527955612457 27.500000000000004 1.0000000180025095e-35 39.500000000000007 165.00000000000003 0.91666666666666685 8.4115384615384645 19.158004158004164 4.5000000000000009 148.50000000000003 1.059403382797534 2278.0000000000005 365.50000000000006 43.500000000000007 0.86496402639900405 0.856572108999898 2239.5000000000005 409380.91900000005
decision_type=2 2 2 2 2 2 2 2 2 2 2 2 2 2 2 2 2 2 2 2 2 2 2
left_child=1 13 3 -2 5 18 7 -7 9 17 -11 -10 -13 15 -8 21 19 -5 -3 -4 -21 22 -1
right_child=2 4 16 8 -6 6 14 -9 11 10 -12 12 -14 -15 -16 -17 -18 -19 -20 20 -22 -23 -24
leaf_value=0.055334082954162034 0.067982476288498364 0.013073032065027893 -0.053152020073103351 -0.0024578189589857156 -0.034768918142416116 -0.0038586247426822488 0.028662861274426344 0.039482353134174759 0.060884268076714126 -0.031298578673526693 0.051987969126747871 -0.049328861749408641 0.013817623310798928 0.0083467701861786748 -0.0045322162995732312 0.015907759059287593 0.0048125523915267384 -0.056679673629271933 0.057408097884245994 0.11425734627402717 -0.054305977273854444 0.031558795294466875 0.03189067387754127
leaf_weight=34.543399661779404 3.1897215694189063 9.5230421423912066 51.342753706499934 4.4060471747070578 11.081163410097359 143.14656662195921 40.396306570619345 11.563642241060732 3.7605445645749596 11.284815344959499 5.8988575115799895 7.9033723175525692 14.101946862414477 13.064528837800024 13.609210792928932 12.061276815831659 3.4196675568819037 22.883075516670942 10.0537728741765 1.2278736587613801 7.666858802549541 5.8554896786808959 4.3437386117875567
leaf_count=509 14 71 3121 131 115 818 219 61 63 268 37 159 284 87 75 122 114 1030 76 62 433 72 64
internal_value=-0.000419641 0.0125788 -0.0297956 -0.0149265 0.00550179 0.00748919 0.0047583 -0.000570869 -0.0187988 -0.0306203 -0.00227471 0.00131962 -0.00852868 0.0367184 0.0201611 0.043113 -0.0468299 -0.0481968 0.0362229 -0.0498844 -0.0301837 0.0502804 0.0529074
internal_weight=446.328 309.242 137.086 73.4284 239.374 228.293 208.716 154.71 70.2387 44.4728 17.1837 25.7659 22.0053 69.8684 54.0055 56.8039 63.6572 27.2891 19.5768 60.2375 8.89473 44.7426 38.8871
internal_count=8005 2289 5716 1986 1435 1320 1173 879 1972 1466 305 506 443 854 294 767 3730 1161 147 3616 495 645 573
is_linear=0
shrinkage=0.0540709


Tree=50
num_leaves=28
num_cat=0
split_feature=20 16 31 83 108 17 20 29 82 57 98 107 49 35 44 57 71 5 72 95 95 61 27 92 40 95 4
split_gain=40.2315 17.7658 19.2668 12.6664 9.30196 8.84598 10.0052 9.78199 8.33863 6.27409 5.6616 5.14862 6.9636 4.61298 4.519 5.56085 4.41929 4.01215 3.18464 4.46133 3.08152 4.63634 2.89504 1.84409 1.7325 1.25544 0.348389
threshold=1.0000000180025095e-35 40.500000000000007 1.0000000180025095e-35 3.5000000000000004 0.56934619325000724 3.5000000000000004 22.500000000000004 149.50000000000003 116.50000000000001 2709.0988870320862 1.0112316859598143 1.0000000180025095e-35 9.5000000000000018 99.500000000000014 15.705698005698009 4117.7968652173922 0.7549785543888764 391.50000000000006 0.40148853674479973 2212.5000000000005 1506.5000000000002 0.86496402639900405 1.0000000180025095e-35 33.500000000000007 8184.8662974767376 531.50000000000011 0.18333333333333332
decision_type=2 2 2 2 2 2 2 2 2 2 2 2 2 2 2 2 2 2 2 2 2 2 2 2 2 2 2
left_child=3 4 20 11 5 17 7 -7 9 -6 14 18 -13 -8 -5 -16 -17 -2 19 24 22 23 26 -22 -1 -19 -3
right_child=1 2 -4 10 8 6 13 -9 -10 -11 -12 12 -14 -15 15 16 -18 25 -20 -21 21 -23 -24 -25 -26 -27 -28
leaf_value=0.057339868696319338 0.011601681711944024 -0.05475583883330571 0.023236654160849326 0.041544260979927694 0.052824861749882442 -0.021698878182362567 0.062088111602122929 0.010499829591009672 0.07942123515921308 -0.035342183775689609 -0.018864062062986502 -0.030702540634475289 0.035292116163367963 0.0078133973133468742 -0.027397448495293849 0.029078027061110134 -0.00048129545872987669 -0.019299879722164549 0.00097497593785836453 0.0098766227739702315 -0.048618726419482818 0.036644760939285287 -0.0088356247319482939 0.0033925012183244289 0.02184450604487416 -0.057492622484938624 -0.075758836276254474
leaf_weight=41.120886236429214 3.4553636368364122 43.953126955777407 13.639444153755901 13.395729420706628 4.0547001073136943 71.770461956039071 8.6840498335659522 44.453862596303225 6.8953005801886311 5.625550308264792 20.665706364437938 7.3107510171830681 12.673426838591693 10.445935586467384 11.347487615421413 28.466732336208224 29.768435200676322 3.791927661746743 5.1762609966099253 8.5555235072970373 10.258865174837409 2.8279712414368978 4.357062652707099 2.1506746243685475 5.2429621145129195 14.95387968700379 4.6784652266651383
leaf_count=564 27 3059 101 84 55 1164 119 419 75 93 112 71 126 109 60 143 169 72 57 94 464 110 40 52 65 440 61
internal_value=-0.000407171 -0.0142791 -0.0350664 0.0188814 -0.00446352 -0.00855465 -0.00330597 -0.00931985 0.0339741 0.000827937 0.00631458 0.0350533 0.010779 0.032842 0.0126747 0.00700953 0.0138416 -0.040218 0.0430018 0.0468281 -0.0468307 -0.024481 -0.0531169 -0.0390102 0.0534866 -0.0501643 -0.0569316
internal_weight=439.721 255.997 81.8656 183.724 174.131 157.555 135.354 116.224 16.5756 9.68025 103.644 80.0798 19.9842 19.13 82.9784 69.5827 58.2352 22.2012 60.0956 54.9194 68.2262 15.2375 52.9887 12.4095 46.3638 18.7458 48.6316
internal_count=8005 6460 3887 1545 2573 2350 1811 1583 223 148 568 977 197 228 456 372 312 539 780 723 3786 626 3160 516 629 512 3120
is_linear=0
shrinkage=0.0540709


Tree=51
num_leaves=28
num_cat=0
split_feature=20 27 3 76 25 86 24 32 80 79 20 82 9 98 98 74 107 76 50 80 105 84 70 65 9 63 53
split_gain=36.6251 14.8363 25.3726 12.3272 11.7545 7.18615 6.05979 9.92271 6.04213 5.37667 8.07297 4.7574 4.41238 4.25711 4.9478 13.3541 5.9715 3.9433 4.55756 3.52444 4.97066 5.69846 3.17333 8.91107 3.07287 0.530814 0.0993524
threshold=1.0000000180025095e-35 1.0000000180025095e-35 0.70833333333333337 74.500000000000014 80.500000000000014 50394.176710499989 358.50000000000006 165.00000000000003 21826.490000000002 3.5000000000000004 20.500000000000004 518.50000000000011 119.50000000000001 0.9989394006637593 0.75208466607510693 662.93750000000011 1.0000000180025095e-35 142.50000000000003 30.500000000000004 24698.219000000001 0.64745687665735663 0.72246482290150416 107.50000000000001 809.00944844981166 119.50000000000001 3480.6305000000007 0.13609574351236822
decision_type=2 2 2 2 2 2 2 2 2 2 2 2 2 2 2 2 2 2 2 2 2 2 2 2 2 2 2
left_child=3 2 6 13 -4 12 9 -8 24 -2 -11 -7 -6 14 15 16 -1 18 -5 -19 -21 -22 23 -15 -3 -16 -27
right_child=1 8 4 17 5 11 7 -9 -10 10 -12 -13 -14 22 25 -17 -18 19 -20 20 21 -23 -24 -25 -26 26 -28
leaf_value=0.056781544392157747 -0.041526925693093408 0.011212431690707009 0.032779872558240823 0.0091181287587890573 -0.055966068931219803 0.058864493172568332 0.046449710622820883 -0.01432823524860288 -0.018088011635348601 -0.015576346640566082 0.031249345999269734 -0.036620677627539448 -0.033321396458398225 0.035988067533986284 0.039883277581876236 -0.03659880375300191 -0.005550093670576078 0.031291619612781492 -0.03513021357372257 0.03051538478407562 0.020126464186721246 -0.025812886182695536 0.036971085121497514 -0.044050541788323953 0.050587802516993123 0.052567485138348108 0.068669438891656234
leaf_weight=22.188219524919987 10.988864297047256 10.990041017532349 7.0553685314953318 13.19077665731311 41.272509977221489 3.5675896303728214 19.250730810686946 13.015675155445932 8.9052581265568715 31.507542638108134 16.342573795467615 2.5731398276984692 72.963511673733592 8.8692361898720318 5.6491666585207012 7.4971722550690165 5.3704665303230312 18.760933510959148 13.635715601965783 13.96001593582332 12.749934434890745 20.339894074946642 10.900936119258402 7.5034181252121916 13.771013043820858 7.4099753648042705 13.218896493315695
leaf_count=352 67 88 37 82 2612 98 108 86 59 195 105 61 2857 95 81 55 68 102 70 75 64 110 95 59 87 90 147
internal_value=-0.000393735 -0.0137346 -0.0188992 0.0181293 -0.0344816 -0.0384857 0.00281556 0.0217046 0.0195698 -0.00741773 0.000262581 0.0176515 -0.0415683 0.0325603 0.0405312 0.0268394 0.0443671 0.00424594 -0.0130985 0.0114286 0.0033501 -0.00788835 0.0143622 -0.000242397 0.0334123 0.0585116 0.06325
internal_weight=433.449 252.204 218.538 181.245 127.432 120.377 91.1054 32.2664 33.6663 58.839 47.8501 6.14073 114.236 88.6075 61.3339 35.0559 27.5587 92.6373 26.8265 65.8108 47.0498 33.0898 27.2736 16.3727 24.7611 26.278 20.6289
internal_count=8005 6460 6226 1545 5665 5628 561 194 234 367 300 159 5469 1042 793 475 420 503 152 351 249 174 249 154 175 318 237
is_linear=0
shrinkage=0.0540709


Tree=52
num_leaves=26
num_cat=0
split_feature=99 76 16 20 5 16 8 17 84 108 67 82 62 7 95 72 92 95 98 86 67 109 20 84 93
split_gain=46.0721 15.0921 10.8037 6.5241 5.67245 5.56948 7.03447 8.18546 5.23505 5.44281 4.6929 6.72622 4.25045 3.88123 3.71573 4.31439 4.02512 3.45435 2.94474 2.64354 2.13813 1.6779 1.45435 0.809284 0.751615
threshold=1.0000000180025095e-35 2.5000000000000004 40.500000000000007 -1.0000000180025095e-35 605.50000000000011 39.500000000000007 165.00000000000003 27.500000000000004 0.93271386685063817 -0.56624937567665101 8.4115384615384645 92.500000000000014 27.500000000000004 0.49999999999999961 1506.5000000000002 0.0042448750436247006 27.500000000000004 365.50000000000006 1.0482967511424397 1017.9749884999928 7.9705882352941186 0.687722463425254 6.5000000000000009 0.99970963995354245 1.0000000180025095e-35
decision_type=2 2 2 2 2 2 2 2 2 2 2 2 2 2 2 2 2 2 2 2 2 2 2 2 2
left_child=1 13 3 -2 8 6 17 -8 9 21 -7 -12 -11 18 23 -16 -17 -5 22 -10 -20 -3 24 -4 -1
right_child=2 4 14 5 -6 10 7 -9 19 12 11 -13 -14 -15 15 16 -18 -19 20 -21 -22 -23 -24 -25 -26
leaf_value=0.035236991016815301 0.062188029925793795 0.01522979454491652 -0.05387785837789405 -0.0012919954612568047 -0.033491888322098651 0.058100558931628361 -0.030192598542038828 0.048408656334457019 0.051710920077728185 -0.0036800156811751827 -0.041104554452099186 0.019920846780489311 0.014823635233506815 -0.0035221221778352074 0.056894219107628381 -0.054198139381435986 0.022505442941129591 -0.056526034214829123 0.03668739262930288 0.013372008757621673 -0.0065134885222679264 0.051143786009497566 0.02308962024756318 0 0.05563555997308272
leaf_weight=9.6269259266555292 3.1346681565046302 8.4773063808679598 43.490217420272529 4.2652252353727844 10.745142161846159 3.8180109132081297 10.874784458428623 6.0022438764572135 10.388312567025425 137.36226716637611 9.4621373210102337 11.800792666152118 49.23268074169755 6.7018922343850127 1.8557096058502782 6.9330119844526035 2.6503939051181078 20.802347532473505 6.7149911746382696 12.024685187265275 6.2038619890809059 8.2630365081131441 8.0401854142546636 1.1046381928026665 26.783196769654751
leaf_count=148 14 67 3067 131 115 63 268 37 62 787 190 253 270 54 88 411 97 1030 75 68 61 66 58 67 458
internal_value=-0.00037673 0.0111175 -0.0278115 -0.0135219 0.00477451 -0.0171749 -0.0292428 -0.00179787 0.00662895 0.0038536 0.00271312 -0.00688969 0.00116264 0.0344138 -0.0455704 -0.017104 -0.0322136 -0.0474238 0.0389743 0.0314749 0.0153719 0.0334027 0.0456667 -0.0527055 0.0504475
internal_weight=426.759 300.564 126.194 70.1602 236.493 67.0255 41.9446 16.877 225.748 203.335 25.0809 21.2629 186.595 64.0711 56.034 11.4391 9.58341 25.0676 57.3692 22.413 12.9189 16.7403 44.4503 44.5949 36.4101
internal_count=8005 2289 5716 1986 1435 1972 1466 305 1320 1190 506 443 1057 854 3730 596 508 1161 800 130 136 133 664 3134 606
is_linear=0
shrinkage=0.0540709


Tree=53
num_leaves=29
num_cat=0
split_feature=107 16 7 16 74 17 92 108 43 97 70 67 98 45 98 41 41 105 78 61 52 32 8 41 61 92 35 75
split_gain=31.3643 24.3389 15.9162 17.5726 15.3812 6.83506 5.12056 7.80091 6.57416 4.74549 4.58296 6.12014 3.53549 3.26541 3.25498 3.90988 4.20713 3.31685 7.69222 2.90005 10.6252 2.06286 1.42322 1.20386 0.846597 0.776351 0.0825113 0.0797636
threshold=1.0000000180025095e-35 40.500000000000007 1.0000000180025095e-35 40.500000000000007 27986.773000000005 1.0000000180025095e-35 39.500000000000007 0.56934619325000724 2462.5000000000005 11.009259259259261 877.50000000000011 18.017857142857146 0.7643723744612182 24.42254225957592 0.99645910790277814 25371.402000000006 17212.140000000003 0.72582287989197203 0.33239700374531839 0.86496402639900405 0.84569230805807682 124.50000000000001 165.00000000000003 15240.192000000001 0.75007436049970266 39.500000000000007 131.50000000000003 2241.1232500000006
decision_type=2 2 2 2 2 2 2 2 2 2 2 2 2 2 2 2 2 2 2 2 2 2 2 2 2 2 2 2
left_child=2 5 4 -4 14 22 7 8 -7 -9 11 -6 -8 -12 17 16 -16 18 -1 25 -21 -22 -2 -5 -13 26 -3 -19
right_child=1 19 3 23 10 6 12 9 -10 -11 13 24 -14 -15 15 -17 -18 27 -20 20 21 -23 -24 -25 -26 -27 -28 -29
leaf_value=0.047002725300754673 -0.056658229475860973 -0.053666538249149083 0.030004063986182224 -0.093202650610540685 0.019417295924463777 -0.0090016409521845846 -0.00087119582058548851 0.0063667521820044331 0.017105433538638287 0.073854870714178872 0.040802105673646956 -0.014043275767059176 -0.064668214746068819 0.0044870096065552376 0.013484881015243044 -0.011532591231199008 0.064970467611659408 0.0551979065571035 -0.0075635266719794427 0.14498883298079057 -0.053852552152179885 0.01498096013335296 0 -0.053366732814604093 -0.035477966584450418 0 -0.034609544447001976 0.070106094382232462
leaf_weight=31.660384994000196 8.3452531052753294 40.161641287617385 8.4827657826244831 5.2176981307566166 13.612239636480806 115.28126020450145 4.7457694662734848 6.2164930980652553 37.231176651082933 6.5083540324121714 11.871622897684576 11.91613829880953 6.1267501628026366 19.945609301328659 12.80142049863935 7.5920257344841948 7.7422086969017974 14.548369392752649 9.6281074807047826 1.0380743220448474 5.7857476240023971 1.4327522497624157 1.6550548616796739 6.4759877678006887 12.946588050574062 1.0834588855504979 3.0242033898830405 7.8886506818234912
leaf_count=476 410 2960 74 42 71 1466 103 60 435 99 62 60 112 104 109 64 67 166 71 50 383 79 20 92 70 43 201 56
internal_value=-0.000365572 -0.0132836 0.0165011 -0.0286264 0.0221621 -0.00406599 -0.00155306 0.000768403 -0.00257979 0.0414722 0.00300976 -0.00941891 -0.0375067 0.018271 0.0367367 0.0209053 0.0332526 0.0436095 0.0340996 -0.0458012 -0.015086 -0.0391662 -0.0475709 -0.0717874 -0.0255042 -0.0513618 -0.052505 0.0607752
internal_weight=420.966 238.636 182.33 20.1765 162.153 186.11 176.11 165.237 152.512 12.7248 70.2922 38.475 10.8725 31.8172 91.8612 28.1357 20.5436 63.7255 41.2885 52.5259 8.25657 7.2185 10.0003 11.6937 24.8627 44.2693 43.1858 22.437
internal_count=8005 6421 1584 208 1376 2705 2275 2060 1901 159 367 201 215 166 1009 240 176 769 547 3716 512 462 430 134 130 3204 3161 222
is_linear=0
shrinkage=0.0540709


Tree=54
num_leaves=25
num_cat=0
split_feature=99 73 16 25 16 97 36 75 65 97 20 103 68 23 20 95 61 6 17 68 95 64 92 109
split_gain=39.6539 13.2757 9.96112 6.22604 6.28121 5.78329 6.35834 5.3623 6.99152 5.17492 6.12585 3.89715 5.71309 5.7459 4.33629 3.8381 4.53175 3.74252 8.5729 3.66558 3.32819 2.22742 1.5796 0.831488
threshold=1.0000000180025095e-35 1.5000000000000002 40.500000000000007 124.25000000000001 39.500000000000007 18.571572580645164 23.500000000000004 2201.2929166666668 2486.3800179475779 4.9722222222222232 15.500000000000002 -34.706999999999994 4.5000000000000009 0.58333333333333337 1.0000000180025095e-35 1506.5000000000002 0.86496402639900405 173.02500000000003 27.500000000000004 96.500000000000014 259.50000000000006 2102.7276000000002 30.500000000000004 5.0652493157051524
decision_type=2 2 2 2 2 2 2 2 2 2 2 2 2 2 2 2 2 2 2 2 2 2 2 2
left_child=1 11 3 -2 17 6 -3 19 -9 -6 -11 -1 14 -14 22 23 21 20 -19 -8 -5 -17 -13 -4
right_child=2 5 15 4 9 -7 7 8 -10 10 -12 12 13 -15 -16 16 -18 18 -20 -21 -22 -23 -24 -25
leaf_value=0.055154740845858044 0.029303786272769167 0.047083429452197692 -0.053642987219277918 0.017293737467253528 0.057971185851062486 -0.032214415814942693 0.0031287966411279755 -0.030091765956706148 0.0043279178614957711 -0.036143735849151842 0.027721553920261145 0.055502590356858159 -0.022715115988816086 0.038920408335361763 0.007981246278977042 0.0041542075418532247 0.046369081978179086 -0.044851407470514248 0.038359516265429404 0.047397046788794236 -0.052940754599370136 -0.053904103900611899 0.015142756446165353 0
leaf_weight=15.456866718828676 8.7578073414042574 10.471645601093767 39.469824052415788 2.0080605968832996 4.1570531129837063 12.238061435520647 10.112952709198 19.325354997068644 160.1610747743398 10.360627034679057 7.5190992932766667 20.591677851974968 12.061302259564401 6.9787094034254542 11.262603282928465 2.5718284873291832 2.5698236264288417 8.9486288633197528 6.0089017227292052 12.962480491027234 20.896440975368023 5.7382778767496347 3.9063367173075667 1.0839151805266727
leaf_count=230 63 69 3051 53 53 84 62 113 939 251 188 353 121 78 86 128 108 252 36 92 1090 360 62 83
internal_value=-0.000355876 0.0102727 -0.026573 -0.0129416 -0.0192426 0.00383503 0.00594095 0.00377708 0.000580442 0.00340607 -0.00887253 0.0308085 0.0238047 0 0.0365432 -0.0446239 -0.0151347 -0.0326194 -0.0109282 0.0283186 -0.0464595 -0.0350505 0.0493706 -0.0523519
internal_weight=415.619 295.529 120.09 68.6566 59.8988 225.272 213.034 202.562 179.486 22.0368 17.8797 70.2575 54.8006 19.04 35.7606 51.4337 10.8799 37.862 14.9575 23.0754 22.9045 8.31011 24.498 40.5537
internal_count=8005 2289 5716 1986 1923 1359 1275 1206 1052 492 439 930 700 199 501 3730 596 1431 288 154 1143 488 415 3134
is_linear=0
shrinkage=0.0540709


Tree=55
num_leaves=24
num_cat=0
split_feature=99 76 16 101 16 32 87 84 31 6 17 91 109 95 61 119 20 98 95 65 84 96 44
split_gain=36.4069 12.5121 9.63277 5.71531 5.32992 5.07343 5.49508 4.62869 4.68004 4.20051 8.74462 4.08199 4.38408 3.83867 4.07937 3.69157 3.63833 4.3708 3.29198 2.19297 0.871472 0.684318 1.11222
threshold=1.0000000180025095e-35 2.5000000000000004 40.500000000000007 4.2500000000000009 39.500000000000007 149.50000000000003 1432.896500000001 0.93271386685063817 1.0000000180025095e-35 173.02500000000003 27.500000000000004 15.500000000000002 0.97946310528763936 1506.5000000000002 0.86496402639900405 0.81666666666666676 1.0000000180025095e-35 1.059403382797534 259.50000000000006 1340.7388872644985 0.99970963995354245 253.95725737700062 20.47521419828642
decision_type=2 2 2 2 2 2 2 2 2 2 2 2 2 2 2 2 2 2 2 2 2 2 2
left_child=1 16 3 -2 9 7 -7 8 15 18 -11 12 -6 20 19 -3 17 21 -5 -15 -4 -1 -23
right_child=2 5 13 4 11 6 -8 -9 -10 10 -12 -13 -14 14 -16 -17 -18 -19 -20 -21 -22 22 -24
leaf_value=0.054994626833262145 0.02940005419909375 -0.0077596307646558855 -0.053498967418881729 0.01723846299468371 0.014701042050672446 0.0037265612828286626 -0.043310518310859823 0.033082453375346647 0.037641345880903482 -0.044192578181139759 0.039217496794668565 0.061021204119214113 -0.037458298204735445 0.0044034761623266677 0.041954942281983057 0.008429264946329668 0.0083245184401302529 0.0086669054486591887 -0.052728609589511033 -0.053753852573354667 0 0.016390702295683027 0.055896206439658327
leaf_weight=23.912316963076591 8.2325519714504463 65.685121463611722 37.541316772811115 2.0082123670727041 11.238765047863131 16.052548576146368 12.880850018933414 18.439187876880169 11.755944050848482 8.6006000917404872 6.3581643775105467 3.0065593030303708 7.999763121828436 2.5580113558098656 2.683481420390307 109.44381649792194 14.909910820424555 10.550115428864954 20.087416682392359 5.4726654971018434 1.0290123065933574 5.3102256692945939 4.422879945486784
leaf_count=455 64 457 3067 53 230 105 92 114 70 252 37 60 199 125 108 597 115 119 1091 363 67 84 81
internal_value=-0.000340444 0.00980655 -0.0258857 -0.0124677 -0.0184057 0.00416105 -0.0169601 0.0071735 0.00457726 -0.0309794 -0.00824487 0.00220751 -0.00660548 -0.0441204 -0.0145163 0.00231512 0.0320558 0.0398938 -0.0460339 -0.0343127 -0.052151 0.0494647 0.0351103
internal_weight=410.179 293.363 116.817 67.532 59.2995 234.257 28.9334 205.324 186.885 37.0544 14.9588 22.2451 19.2385 49.2845 10.7142 175.129 59.1054 44.1955 22.0956 8.03068 38.5703 33.6454 9.73311
internal_count=8005 2289 5716 1986 1922 1435 197 1238 1124 1433 289 489 429 3730 596 1054 854 739 1144 488 3134 620 165
is_linear=0
shrinkage=0.0540709


Tree=56
num_leaves=30
num_cat=0
split_feature=20 16 31 76 108 17 20 29 82 57 92 95 98 64 104 95 98 95 92 20 7 107 108 21 97 87 92 105 42
split_gain=24.1585 13.6342 15.232 10.0938 7.7803 7.61947 8.85598 7.98002 6.60453 5.45482 3.80347 4.09721 4.006 5.66408 4.13638 3.75601 3.54589 3.41447 4.19028 4.71522 2.75004 1.66388 1.61502 2.30495 1.45943 1.0896 0.641586 0.456476 0.0703542
threshold=1.0000000180025095e-35 40.500000000000007 1.0000000180025095e-35 2.5000000000000004 0.56934619325000724 3.5000000000000004 22.500000000000004 149.50000000000003 116.50000000000001 2709.0988870320862 32.500000000000007 1558.5000000000002 0.74425219940599729 7098.2343388888903 -0.06971937829022741 773.50000000000011 1.059403382797534 1506.5000000000002 27.500000000000004 25.500000000000004 4.8256893455928527 1.0000000180025095e-35 -0.91121915522501895 2.5000000000000004 5.5235449735449746 -1239.6624999999997 32.500000000000007 1.204826453511967 501.17700000000008
decision_type=2 2 2 2 2 2 2 2 2 2 2 2 2 2 2 2 2 2 2 2 2 2 2 2 2 2 2 2 2
left_child=3 4 17 16 5 20 7 -7 9 -6 11 12 13 -5 -14 -8 21 22 19 -19 24 26 23 -3 -2 -13 28 -24 -1
right_child=1 2 -4 10 8 6 15 -9 -10 -11 -12 25 14 -15 -16 -17 -18 18 -20 -21 -22 -23 27 -25 -26 -27 -28 -29 -30
leaf_value=0.05652134170990062 -0.013379622696327642 -0.05883463103875522 0.020675418414696996 -0.031798301725874917 0.049016231247200892 -0.019719090184527801 0.0042866342127241483 0.0097951578275598961 0.071104340250449968 -0.034431920592844924 0.028808217058048622 -0.0050529286408084011 0.033966097627419201 0.017980326192978825 0.0035829362888851746 0.053890477813973811 0.0083544646597548521 -0.056219129591271129 0.026412374119669384 0.044741874429349356 0.0099329473870282473 0.021354364142406088 -0.057361977009144437 0.034607634158794587 -0.054705083460125183 -0.030600382860662023 0.02496634192486737 -0.02581708833640391 0.03930597723295217
leaf_weight=21.041603174060587 3.6847560759633842 1.5497199455276123 12.733017295598982 14.513000193983318 4.0495997173711675 68.465684205293655 8.4769846275448817 43.616971330717206 7.1367015941068521 5.2485296688973904 19.464125001803041 10.367235766723754 23.234567685052752 12.201858082786201 31.463456494733691 10.3161328677088 10.916566941887138 8.1640458973124606 3.8434841204434624 1.5369289452210058 2.7340675815939894 8.263457443565132 35.632161255925894 1.4524461096152663 13.590612218715249 10.821880921721457 3.5486267879605284 2.3118910547345868 4.0574627220630637
leaf_count=410 99 124 101 81 55 1164 77 419 75 93 127 67 155 70 188 151 121 438 111 77 23 116 2829 37 417 67 65 170 78
internal_value=-0.00032631 -0.0115915 -0.0321711 0.0151821 -0.00327881 -0.0071671 -0.00235554 -0.00816771 0.0319654 0.00112035 0.00685722 0.00262044 0.00819586 -0.00878594 0.016625 0.0319121 0.036273 -0.0446559 -0.0202176 -0.0394557 -0.038265 0.0443288 -0.0525577 -0.0111748 -0.0463211 -0.0184513 0.0506956 -0.0556363 0.0540364
internal_weight=404.438 234.544 67.2237 169.894 167.32 150.885 130.876 112.083 16.4348 9.29813 122.066 102.602 81.4129 26.7149 54.698 18.7931 47.8277 54.4907 13.5445 9.70097 20.0094 36.9112 40.9462 3.00217 17.2754 21.1891 28.6477 37.9441 25.0991
internal_count=8005 6460 3887 1545 2573 2350 1811 1583 223 148 755 628 494 151 343 228 790 3786 626 515 539 669 3160 161 516 134 553 2999 488
is_linear=0
shrinkage=0.0540709


Tree=57
num_leaves=28
num_cat=0
split_feature=29 27 3 32 24 84 73 73 103 16 72 5 87 93 55 56 85 44 75 98 41 63 95 61 41 9 107
split_gain=22.3269 26.2687 18.9236 12.5382 7.84342 5.74101 6.59727 7.11055 5.78815 5.73123 5.55833 5.10683 5.01777 4.87711 5.03794 4.73134 4.37974 4.12909 5.3936 3.41509 3.40887 2.83866 2.70852 4.4978 1.62316 1.10666 0.286101
threshold=1.0000000180025095e-35 1.0000000180025095e-35 0.70833333333333337 198.50000000000003 189.00000000000003 0.93271386685063817 7.5000000000000009 12.500000000000002 -35.940999999999995 40.500000000000007 0.053958543001924507 595.50000000000011 2788.2702500000019 1.0000000180025095e-35 43.500000000000007 227175.37900000004 -1322.3359999999809 33.473059360730602 3426.5812500000006 0.99645910790277814 26420.553000000004 96739.080500000011 1660.5000000000002 0.88709897340710975 11824.015500000003 109.50000000000001 1.0000000180025095e-35
decision_type=2 2 2 2 2 2 2 2 2 2 2 2 2 2 2 2 2 2 2 2 2 2 2 2 2 2 2
left_child=4 2 13 12 5 6 8 15 21 11 -10 16 19 14 -2 -8 -4 18 -15 25 -9 -1 26 -24 -6 -3 -11
right_child=1 3 9 -5 24 -7 7 20 10 22 -12 -13 -14 17 -16 -17 -18 -19 -20 -21 -22 -23 23 -25 -26 -27 -28
leaf_value=0.057184171645770464 -0.043151573489426338 0.036389905232546642 0.00039927416365666301 -0.043655020378041927 0.025945687382042577 0.050769631684340094 -0.0028983423710763458 0.033973361963113159 0.034212979470736517 -0.075292625598900945 -0.0045382078164331796 -0.061019587811976202 -0.0076217400286784885 0.025600556643287194 0.0018645665356189502 -0.044393127880446623 -0.031594877602990859 0.031175988590626629 -0.015671091135589447 0.012575217288754281 -0.0024030554946542541 0.013054122385660307 -0.043098566759850257 0.045998969447131818 0.064429033619017875 0.060056351637914847 -0.054401801491670794
leaf_weight=14.453144114464523 13.645961888134481 12.334040390327575 22.31100610550493 7.0901733674108973 5.7550088018178966 10.113624298945068 18.586375489830971 14.254209931939842 16.693577533587813 4.4122393587604156 30.03589597158134 9.4005439057946187 7.1396656334400168 14.239474615082143 14.911866918206213 14.727373398840426 27.223345790989697 16.103856384754181 26.373246606439352 10.00238775461912 15.229449031874536 6.7291268669068804 7.5804248526692373 2.045710670761764 10.490937553346155 16.78199459426105 31.173009947873652
leaf_count=192 93 148 700 51 101 75 100 77 240 63 238 417 39 87 93 67 834 94 165 81 80 62 454 77 90 177 3110
internal_value=-0.000311453 -0.010607 -0.0200669 0.0228427 0.0155544 0.0113824 0.00827744 -0.00425836 0.0199778 -0.0355336 0.009148 -0.0241788 0.0331965 -0.00109015 -0.0193886 -0.0214659 -0.0170356 0.00799354 -0.00101801 0.0408353 0.0149341 0.0435167 -0.0501697 -0.0233901 0.0512568 0.0502881 -0.0572042
internal_weight=399.838 242.769 189.421 53.3483 157.069 140.823 130.709 62.7974 67.9117 104.146 46.7295 58.9349 46.2581 85.2744 28.5578 33.3137 49.5344 56.7166 40.6127 39.1184 29.4837 21.1823 45.2114 9.62614 16.2459 29.116 35.5852
internal_count=8005 6683 6187 496 1322 1131 1056 324 732 5655 478 1951 445 532 186 167 1534 346 252 406 157 254 3704 531 191 325 3173
is_linear=0
shrinkage=0.0540709


Tree=58
num_leaves=28
num_cat=0
split_feature=99 76 16 97 80 62 65 108 101 16 86 85 72 86 65 95 72 66 20 98 84 17 93 40 109 95 46
split_gain=28.7717 10.2959 8.71239 5.19972 5.5807 7.10658 6.797 6.21526 4.83905 5.06351 4.89607 4.90406 4.81091 4.43309 4.09357 3.92892 3.67502 3.5536 3.25539 3.57789 3.0435 2.98926 2.52379 4.82766 0.949024 0.703172 0.756786
threshold=1.0000000180025095e-35 2.5000000000000004 40.500000000000007 18.571572580645164 23355.974000000006 27.500000000000004 4626.0730812958136 -0.12343095303435479 4.2500000000000009 39.500000000000007 -5047.2778904999968 -1856.6444999999726 0.16641617307879722 29966.666638499988 6933.171237867894 1506.5000000000002 0.0042448750436247006 1024.0000000000002 4.5000000000000009 1.059403382797534 0.87260991353062978 27.500000000000004 1.5000000000000002 4033.0566300468477 5.0652493157051524 2239.5000000000005 1521.5000000000002
decision_type=2 2 2 2 2 2 2 2 2 2 2 2 2 2 2 2 2 2 2 2 2 2 2 2 2 2 2
left_child=1 18 8 4 6 7 12 -6 -2 13 -11 -12 -3 21 -8 24 -17 -15 19 25 -7 -10 23 -18 -4 26 -1
right_child=2 3 15 -5 5 20 14 -9 9 10 11 -13 -14 17 -16 16 22 -19 -20 -21 -22 -23 -24 -25 -26 -27 -28
leaf_value=0.052716868718766983 0.027181124241064964 -0.011532014454539156 -0.053237369824477757 -0.026073672194278238 -0.053452751295822575 0.0047853068884156445 0.058799882057371897 -0.0068872515182010685 -0.052593426553458673 -0.055670840061058921 0.044864085108338836 -0.010684233061638378 0.016975841885011774 0.064870731403723889 0.015311155688832173 0.05431476008265896 0.077332057138619514 -0.030062129450599172 0.0041183059101898472 0.0086209761909261402 0.035654043714803733 -0.017553408467326663 -0.053571975642435786 -0.051637376325515086 0 0.022862391163978053 0.019997051418398977
leaf_weight=24.563075430691246 8.2086778851225954 26.789086958393455 32.618392762728035 15.907430646941064 10.112457204610108 37.982288919389248 14.115070637315513 52.438057435676455 16.900274669751528 3.4299633037298944 8.495578164234761 9.9139634482562506 47.928128024563193 2.4190792441368094 12.50186926871538 1.8944275137037028 1.5566683243960127 2.0813973248004913 11.915669851005076 10.561021085828541 12.726994974538682 13.696211191825567 4.8575871139764786 1.8325772378593681 0.95182298682629962 4.5478899031877509 3.0955078788101664
leaf_count=511 64 180 3051 110 55 222 96 308 889 121 154 214 306 69 84 88 65 68 87 122 74 407 360 83 83 72 62
internal_value=-0.000300353 0.00870758 -0.0239671 0.0036668 0.00590609 -0.00228514 0.0151341 -0.0145352 -0.0112815 -0.0169574 0.00317948 0.0145509 0.00665569 -0.0296979 0.038654 -0.0427024 -0.012238 0.019331 0.0298194 0.0368067 0.0126797 -0.037152 -0.0284325 0.00543 -0.0516838 0.0458186 0.049324
internal_weight=394.041 285.185 108.857 230.501 214.594 113.26 101.334 62.5505 65.1451 56.9365 21.8395 18.4095 74.7172 35.097 26.6169 43.7115 10.1413 4.50048 54.6832 42.7675 50.7093 30.5965 8.24683 3.38925 33.5702 32.2065 27.6586
internal_count=8005 2289 5716 1435 1325 659 666 363 1986 1922 489 368 486 1433 180 3730 596 137 854 767 296 1296 508 148 3134 645 573
is_linear=0
shrinkage=0.0540709


Tree=59
num_leaves=26
num_cat=0
split_feature=99 54 16 16 86 84 20 108 39 65 67 95 87 91 20 20 16 76 8 22 97 8 24 84 52
split_gain=26.3659 9.62143 8.39693 5.71171 5.0784 4.85392 4.4855 4.24102 4.12853 8.4515 4.30134 3.89864 3.79474 5.74124 4.61985 3.74478 3.49699 4.73214 4.55128 2.96103 4.96372 3.38583 2.89459 0.961815 0.525903
threshold=1.0000000180025095e-35 4.5000000000000009 40.500000000000007 40.500000000000007 -3207.4236925000037 0.9334388185654009 -1.0000000180025095e-35 0.83275112126962225 3551.5445679156915 2486.3800179475779 11.648351648351648 1506.5000000000002 678.14274999999986 10.500000000000002 24.500000000000004 17.500000000000004 39.500000000000007 401.50000000000006 165.00000000000003 1.0000000180025095e-35 19.820000000000004 149.50000000000003 299.50000000000006 0.99970963995354245 0.86765122532565864
decision_type=2 2 2 2 2 2 2 2 2 2 2 2 2 2 2 2 2 2 2 2 2 2 2 2 2
left_child=1 3 6 5 -5 8 -2 16 10 -10 -1 23 13 14 -13 19 18 -18 -8 20 21 -3 24 -4 -21
right_child=2 15 11 4 -6 -7 7 -9 9 -11 -12 12 -14 -15 -16 -17 17 -19 -20 22 -22 -23 -24 -25 -26
leaf_value=-0.0025612922596159929 0.052743459406111824 0.014267890435991581 -0.053078510131274875 0.0054372335881444763 -0.060780041115099687 0.031454652571893532 -0.046973499471482709 0.035126174692050628 -0.044379282319951072 0.0016656232411956929 0.038415985277311222 -0.039327790286120934 -0.053331358722489661 0.12304009393297853 0.086080148848309918 -0.013592015912890694 -0.015892131969413109 0.041350884589381687 -0.0064336206403903451 0.054767608462119269 -0.029354057202070113 0.049062041791808293 0.014481095649525979 0 0.02692021864316765
leaf_weight=13.333564564585688 3.038833111524581 29.693136483430862 31.016655298881236 5.6651179101318121 7.7668679980561119 17.313370756804943 18.929387788288295 4.6223566848784676 12.83990168571472 123.92886869609356 16.203342892229557 3.8201943123713118 3.9579454930499196 1.1546838395297525 1.0888463612645862 7.094838608056306 17.192270426079634 5.5808421541005364 14.969180403277276 18.58699714019895 5.5983511321246615 11.856305267661808 10.041299927979706 0.92194993793964286 3.5082347467541686
leaf_count=82 14 401 3067 51 97 100 1108 88 70 689 92 240 263 41 52 42 374 112 290 325 62 124 101 67 53
internal_value=-0.000291667 0.00830177 -0.0232753 0.00166534 -0.0323055 0.00419096 -0.0108459 -0.0141208 0.00130784 -0.00260368 0.019669 -0.0421541 -0.0117597 0.014166 -0.00998104 0.023355 -0.0182692 -0.00153687 -0.0292912 0.0267548 0.0178387 0.0243765 0.0396036 -0.0514584 0.0506836
internal_weight=389.723 283.43 106.293 197.051 13.432 183.619 64.3329 61.294 166.306 136.769 29.5369 41.9603 10.0217 6.06372 4.90904 86.3792 56.6717 22.7731 33.8986 79.2843 47.1478 41.5494 32.1365 31.9386 22.0952
internal_count=8005 2289 5716 1181 148 1033 1986 1972 933 759 174 3730 596 333 292 1108 1884 486 1398 1066 587 525 479 3134 378
is_linear=0
shrinkage=0.0540709


Tree=60
num_leaves=27
num_cat=0
split_feature=29 27 16 32 24 17 87 84 76 55 79 91 69 82 108 67 98 48 91 40 35 40 20 53 98 107
split_gain=18.329 21.8061 16.5577 10.8979 7.2015 6.63037 5.19447 5.08474 5.80559 5.30822 4.65874 5.16669 4.59421 8.17572 5.22004 4.49709 3.40891 2.98397 2.02414 3.68803 2.26182 1.70751 1.62721 1.26535 0.577928 0.41735
threshold=1.0000000180025095e-35 1.0000000180025095e-35 40.500000000000007 198.50000000000003 189.00000000000003 1.0000000180025095e-35 2859.3147500000009 0.93271386685063817 76.500000000000014 26.500000000000004 5.5000000000000009 12.500000000000002 43.500000000000007 211.50000000000003 0.52698632199041096 6.0178571428571432 0.99645910790277814 52.500000000000007 11.500000000000002 3268.6389543698861 109.50000000000001 2811.4707264566541 25.500000000000004 0.029293853581081403 0.90606283102699081 1.0000000180025095e-35
decision_type=2 2 2 2 2 2 2 2 2 2 2 2 2 2 2 2 2 2 2 2 2 2 2 2 2 2
left_child=4 2 5 6 7 -2 16 8 9 15 17 -12 13 -7 -14 -1 23 -10 20 -20 25 -6 -22 -3 -11 -4
right_child=1 3 18 -5 21 12 -8 -9 10 24 11 -13 14 -15 -16 -17 -18 -19 19 -21 22 -23 -24 -25 -26 -27
leaf_value=0.032753402460921809 -0.057509836641891451 0.031777936857006188 -0.077119591193254164 -0.040968905623949184 0.021939910795145783 -0.030299908383613967 -0.01117830369795113 0.047956268375108489 0.002170117876084812 0.040358807652105526 -0.0062236782750061462 0.031479957738809468 -0.0039842726524724308 0.058270020523532313 0.045981657563079648 -0.0032476265361444673 0.010873920170228178 -0.031634854462732703 0.061570225699781586 -0.052108832540781989 -0.05075690353218193 0.063055022683816381 0.017684673917224274 0.058270954852907585 0.06980238670502785 -0.054367750385649852
leaf_weight=17.240130290389061 8.0989322783425433 9.7904766313731688 4.6918647987768045 6.9919078946113578 5.1028266176581374 35.514702768996358 6.8350490219891062 9.8009696789085847 12.067532632499935 6.8479746058583242 25.734523221850395 17.823382418602705 88.187258469872177 3.2798609584569922 6.5627984115853897 23.8654825091362 9.7687074840068799 19.100632894784212 1.3118881722912186 2.2104189321398735 1.8024904392659657 10.080055847764013 2.1195248886942863 17.739552272483706 4.9055812191218138 28.008138664532453
leaf_count=252 434 138 67 51 97 705 38 75 69 103 141 89 1208 53 82 248 81 100 66 154 146 94 152 188 54 3120
internal_value=-0.000282234 -0.0098436 -0.0186392 0.0212858 0.0142657 -0.009886 0.0313175 0.0102921 0.00734013 0.0210675 -0.00227169 0.00903533 -0.00694158 -0.0226185 -0.000444436 0.0116727 0.0393033 -0.0183101 -0.0493372 -0.00765994 -0.0531432 0.0497285 -0.0118971 0.049121 0.053287 -0.0578632
internal_weight=385.483 232.914 181.788 51.1257 152.569 141.644 44.1338 137.386 127.585 52.8592 74.7261 43.5579 133.545 38.7946 94.7501 41.1056 37.2987 31.1682 40.1443 3.52231 36.622 15.1829 3.92202 27.53 11.7536 32.7
internal_count=8005 6683 6187 496 1322 2482 445 1131 1056 657 399 230 2048 758 1290 500 407 169 3705 220 3485 191 298 326 157 3187
is_linear=0
shrinkage=0.0540709


Tree=61
num_leaves=27
num_cat=0
split_feature=99 73 8 97 48 48 83 41 96 76 5 66 68 4 108 58 20 98 36 95 95 92 17 98 109 36
split_gain=22.4618 8.61957 6.89936 4.62906 5.00282 6.73219 4.40484 8.19521 4.42106 4.36408 4.17485 4.07816 5.98823 4.18402 4.03142 7.19035 3.88653 3.46076 3.38776 9.12374 3.58734 1.88396 1.57088 1.309 0.596027 0.0848643
threshold=1.0000000180025095e-35 1.5000000000000002 99.500000000000014 18.571572580645164 56.500000000000007 79.500000000000014 64.500000000000014 20285.292000000005 248.37262358329457 208.50000000000003 139.00000000000003 73.500000000000014 4.5000000000000009 0.22500000000000003 0.80224227291841876 165.50000000000003 1.0000000180025095e-35 0.81938476340886712 66.500000000000014 1195.5000000000002 1180.5000000000002 30.500000000000004 24.500000000000004 0.85509271227025618 0.27648229036115796 1.0000000180025095e-35
decision_type=2 2 2 2 2 2 2 2 2 2 2 2 2 2 2 2 2 2 2 2 2 2 2 2 2 2
left_child=1 11 22 4 6 17 7 -3 -8 -7 -4 12 16 -14 18 -16 21 -6 20 -20 -12 -1 -2 25 -13 -24
right_child=2 3 10 -5 5 9 8 -9 -10 -11 14 24 13 -15 15 -17 -18 -19 19 -21 -22 -23 23 -25 -26 -27
leaf_value=0.053935646466600956 -0.054814549923238684 0.011118128599589435 0.061459382450694669 -0.030363422122498721 -0.0029649624946203631 0.020746408580167131 -0.015983811170697484 0.067219160413619486 0.019302746432400673 -0.0031533279541790496 -0.045594266992386751 0.030207363694334476 -0.030288269613024912 0.027280195395375052 -0.040459872700785229 0.081397396826525456 0.0046770355655346395 -0.04435898707347536 0.03377836274294474 -0.031505425702518075 -0.013784326764471595 0.0063000395510720156 -0.024701935679920926 0.012390302235300731 0.059372654331825779 -0.051969061856250373
leaf_weight=16.196564685553319 18.833279151935134 23.911373624578118 2.0537789538502684 11.70668256562203 10.668011568486692 31.989860059693456 18.683770285919309 11.467150619253514 23.147936711087823 72.86429931782186 20.341040834784508 4.1568264104425898 10.041637621819971 5.7324551213532677 2.4444649019278577 3.2053048317320645 10.524832986295221 14.450069023296235 10.784818316344174 14.831355577800421 22.96486448450014 3.2807805389165869 2.4723813985474399 1.9685957483015952 10.070108538493512 1.9241088763810692
leaf_count=353 2230 162 13 84 69 197 106 85 144 420 887 80 111 74 76 76 86 92 411 648 1060 62 94 108 164 113
internal_value=-0.000270324 0.00764585 -0.0220247 0.00263117 0.00453148 -0.00189396 0.0154433 0.0295139 0.00336562 0.00406801 -0.0138154 0.0258153 0.0177075 -0.00889796 -0.0159894 0.0273708 0.0319417 -0.0270744 -0.0196517 -0.00373086 -0.0288978 0.0462929 -0.046692 -0.0214872 0.0513765 -0.0383354
internal_weight=380.716 278.892 101.824 218.889 207.182 129.972 77.2102 35.3785 41.8317 104.854 76.6256 60.0032 45.7763 15.7741 74.5718 5.64977 30.0022 25.1181 68.9221 25.6162 43.3059 19.4773 25.1984 6.36509 14.2269 4.39649
internal_count=8005 2289 5716 1359 1275 778 497 247 250 617 3171 930 686 185 3158 152 501 161 3006 1059 1947 415 2545 315 244 207
is_linear=0
shrinkage=0.0540709


Tree=62
num_leaves=26
num_cat=0
split_feature=99 73 8 32 24 82 56 53 5 87 25 66 68 20 4 86 41 46 92 82 17 45 44 57 109
split_gain=20.5197 7.9965 6.70325 4.27593 4.31553 4.64971 5.7457 4.50749 4.28398 4.12011 4.05037 3.93903 5.55423 3.75349 3.72085 3.68569 4.16341 9.24775 2.24291 1.89143 1.59796 1.23598 1.00722 0.643889 0.60708
threshold=1.0000000180025095e-35 1.5000000000000002 99.500000000000014 149.50000000000003 358.50000000000006 52.500000000000007 294426.19800000003 0.36182795698924736 358.50000000000006 1432.896500000001 124.25000000000001 73.500000000000014 4.5000000000000009 1.0000000180025095e-35 0.22500000000000003 50394.176710499989 34307.839000000007 2398.5000000000005 32.500000000000007 18.500000000000004 24.500000000000004 12.630827159545008 1.974576271186441 7244.3376444444457 0.27648229036115796
decision_type=2 2 2 2 2 2 2 2 2 2 2 2 2 2 2 2 2 2 2 2 2 2 2 2 2
left_child=1 11 20 4 7 -6 -7 8 -3 -5 19 12 13 18 -14 16 17 -12 -1 -4 -2 22 -22 -18 -13
right_child=2 3 10 9 5 6 -8 -9 -10 -11 15 24 14 -15 -16 -17 23 -19 -20 -21 21 -23 -24 -25 -26
leaf_value=0.053648695808580601 -0.05476186226302053 0.012504735530309112 0.048227234515923201 0.00085425607144764279 0.050875733052890566 -0.021809939650139259 0.033778517011052243 -0.023020532287994618 -0.0070247360035963378 -0.040821797496960632 -0.022015373570270877 0.029287798585036405 -0.028106713549783523 0.0044365713946175056 0.026313210942368468 0.023686930153817374 -0.011726819942810699 0.065100776898685181 0 0 -0.023917923002456223 -0.052465930514745213 0.031869255491480245 -0.059096937755784701 0.059046389931571484
leaf_weight=15.835366828367119 17.858692443463955 85.952773869037628 3.9477004725486022 15.283205933868887 11.584271004423497 9.9708458231762069 11.76267168112099 19.002084193751216 52.628852931782603 12.203730277717112 46.809472457040101 4.058344764634966 10.230610132217405 10.496281269937752 5.6248691547662011 5.5187876988202325 1.3731292714364816 3.8189230305142692 2.8731131330132476 5.3097835965454578 2.4327808883972462 2.2865878618322313 1.5268548298627136 8.9264935785904509 9.5913546551018936
leaf_count=362 2230 488 63 102 78 66 78 111 345 91 2289 80 111 86 74 126 75 149 53 78 95 138 82 391 164
internal_value=-0.000258961 0.007293 -0.0212991 0.00249275 0.00539331 0.02309 0.00793611 0.00160455 0.00503474 -0.0173821 -0.0132541 0.0250223 0.0170639 0.0311051 -0.00833371 -0.0179812 -0.0218774 -0.0152957 0.0456701 0.019873 -0.0462552 -0.02074 -0.000534812 -0.0535029 0.050746
internal_weight=376.908 277.098 99.8092 218.388 190.901 33.3178 21.7335 157.584 138.582 27.4869 75.7043 58.7099 45.0602 29.2048 15.8555 66.4468 60.928 50.6284 18.7085 9.25748 24.1049 6.24622 3.95964 10.2996 13.6497
internal_count=8005 2289 5716 1359 1166 222 144 944 833 193 3171 930 686 501 185 3030 2904 2438 415 141 2545 315 177 466 244
is_linear=0
shrinkage=0.0540709


Tree=63
num_leaves=26
num_cat=0
split_feature=99 76 8 7 24 29 104 98 40 84 82 98 60 86 88 78 7 98 67 17 20 20 98 96 94
split_gain=18.749 7.47142 6.49905 4.3257 4.34175 3.92847 3.91353 5.74823 5.92716 3.87968 3.80101 9.78957 4.12055 3.74294 4.95698 4.69976 3.2529 2.88 2.03238 1.6187 1.49789 1.25966 1.22822 1.04635 0.253101
threshold=1.0000000180025095e-35 2.5000000000000004 99.500000000000014 11.897227048854207 298.50000000000006 99.500000000000014 -0.37877538800519228 0.7597289048767194 2768.7443209728835 0.93119877049180333 92.500000000000014 1.0891597072005699 1693.0000000000002 14653.846241999929 0.91666666666666674 0.81042356336473997 0.49999999999999961 1.0482967511424397 7.9705882352941186 24.500000000000004 6.5000000000000009 16.500000000000004 0.85509271227025618 253.95725737700062 5.5000000000000009
decision_type=2 2 2 2 2 2 2 2 2 2 2 2 2 2 2 2 2 2 2 2 2 2 2 2 2
left_child=1 16 19 9 -5 -4 7 -7 -9 13 12 -12 -8 14 -3 -15 17 20 -19 -2 23 -6 24 -1 -21
right_child=2 3 5 4 21 6 10 8 -10 -11 11 -13 -14 15 -16 -17 -18 18 -20 22 -22 -23 -24 -25 -26
leaf_value=0.053353796105331731 -0.054708588670536219 0.0015710248910415104 0.014553244745197709 0.0037512963463966153 -0.024068545115952539 0.082642535638544415 -0.044093695913185085 0.068870132296533479 -0.053696310469609522 0.02716376288642117 -0.020519652767144136 0.083972006593519999 0.045322887563336793 0.00051207254209813919 0.026617691242647262 -0.040128035976932153 -0.011125263557731089 0.030377225233211028 -0.015842504358310708 -0.017197406893229943 0.015842837517853432 -0.064252969363324003 0.012655411567425763 0.026434920607342004 -0.052165012464783604
leaf_weight=17.829708607867364 16.934731187298897 117.72245232202113 12.543348547071217 10.471055574715139 5.4506876021623594 2.6136238262988618 24.52094981586561 1.6449357056990264 3.6863103406503797 21.18739826977253 25.296890405938033 2.9060355634428552 1.5226828041486431 25.088487792760134 28.979083932936192 12.192272800952194 5.7424685321748248 5.4458877667784673 5.486621581017971 2.0198688721284261 7.057500332593917 5.299831292591989 1.9492775071412323 7.2600233517587176 2.1588625023141503
leaf_count=448 2230 737 87 70 69 102 1373 72 208 129 1143 112 74 137 161 68 54 75 61 61 58 64 108 158 146
internal_value=-0.000248655 0.00695767 -0.0206034 0.00278377 -0.0203839 -0.0127222 -0.0183425 0.0165539 -0.0144804 0.00521632 -0.0235901 -0.00948512 -0.0385787 0.00264839 0.00656939 -0.0125822 0.0261599 0.0313018 0.00650677 -0.0458182 0.0395031 -0.0445752 -0.0200333 0.045862 -0.0370483
internal_weight=373.011 275.213 97.7975 226.391 21.2216 74.7348 62.1914 7.94487 5.33125 205.17 54.2466 28.2029 26.0436 183.982 146.702 37.2808 48.8222 43.0797 10.9325 23.0627 32.1472 10.7505 6.12801 25.0897 4.17873
internal_count=8005 2289 5716 1435 203 3171 3084 382 280 1232 2702 1255 1447 1103 898 205 854 800 136 2545 664 133 315 606 207
is_linear=0
shrinkage=0.0540709


Tree=64
num_leaves=26
num_cat=0
split_feature=99 76 8 97 36 75 65 43 97 5 50 49 108 92 104 104 42 7 98 67 17 20 45 93 44
split_gain=17.1131 6.92575 6.28951 4.15068 5.17215 3.9114 5.32922 4.05827 3.73395 4.88567 4.44333 8.22967 4.00705 7.98663 3.29218 5.10349 4.84207 3.03817 2.76821 1.85306 1.63946 1.48645 1.21704 1.1614 1.07078
threshold=1.0000000180025095e-35 2.5000000000000004 99.500000000000014 18.571572580645164 22.500000000000004 2201.2929166666668 2486.3800179475779 617.50000000000011 5.6642787592154695 299.50000000000006 105.50000000000001 92.500000000000014 0.80224227291841876 25.500000000000004 -0.37877538800519228 -0.47228299125285983 191.09550000000004 0.49999999999999961 1.0482967511424397 7.9705882352941186 24.500000000000004 6.5000000000000009 12.630827159545008 1.0000000180025095e-35 2.5530303030303032
decision_type=2 2 2 2 2 2 2 2 2 2 2 2 2 2 2 2 2 2 2 2 2 2 2 2 2
left_child=1 17 20 4 -3 7 -7 -6 9 -4 11 -11 14 -14 15 -10 -16 18 21 -20 -2 23 24 -1 -22
right_child=2 3 8 -5 5 6 -8 -9 12 10 -12 -13 13 -15 16 -17 -18 -19 19 -21 22 -23 -24 -25 -26
leaf_value=0.024165822853737352 -0.05465460907715694 0.040660416554447264 0.032966179589906434 -0.024324108872178684 -0.0013630784561305112 -0.027142526354130291 0.0031147460794615982 0.042933055277286546 -0.019178087629252393 -0.014313547306915057 -0.056304062353393795 0.12911682435418212 0.089105837349690478 -0.042144337339356748 -0.055208034304494898 0.08375589719388335 -0.014771228598759643 -0.01046549040535623 0.029452693837932874 -0.014801522613331083 -0.023291552106919938 0.015140672989377612 -0.052105161454534511 0.053084951143314574 0.035235780246845122
leaf_weight=6.7589504066854778 16.058789762668315 11.075360104441641 10.463609386235476 15.462220821529625 10.468370053917171 19.089378831908107 156.55443078838289 13.367088943719862 5.6288346792571247 7.8805852895602566 5.0751920132897803 1.3647546293213961 2.6890487815253428 2.6491610510274768 16.263054721057415 1.8610572461038817 19.937080537434667 5.7736542560160151 5.3168074004352075 5.5531904026865959 2.4210664560087021 6.9875763580203047 2.1365359020419419 17.319441553205252 1.4604995013214646
leaf_count=148 2230 82 111 110 69 116 950 108 242 524 235 44 82 68 886 93 886 54 75 61 102 58 138 458 75
internal_value=-0.000240716 0.00662525 -0.0199172 0.00263704 0.00465228 0.00261559 -0.000131899 0.0231701 -0.0122057 0.00465629 -0.0155148 0.00608506 -0.0208801 0.0225964 -0.0263623 0.00542883 -0.033144 0.0253629 0.0304722 0.00616613 -0.0453614 0.038738 -0.0193248 0.045277 0
internal_weight=369.616 273.726 95.8893 226.017 210.555 199.479 175.644 23.8355 73.8124 24.7841 14.3205 9.24534 49.0282 5.33821 43.69 7.48989 36.2001 47.7096 41.936 10.87 22.0769 31.066 6.0181 24.0784 3.88157
internal_count=8005 2289 5716 1435 1325 1243 1066 177 3171 914 803 568 2257 150 2107 335 1772 854 800 136 2545 664 315 606 177
is_linear=0
shrinkage=0.0540709


Tree=65
num_leaves=31
num_cat=0
split_feature=99 16 73 95 16 24 8 105 106 103 85 66 68 87 92 20 97 48 47 65 56 83 20 1 95 72 48 92 109 109
split_gain=15.6519 7.15101 6.44276 4.25393 4.09016 5.59195 6.42084 4.79105 4.47222 4.30906 4.28263 4.02308 4.99325 3.87564 4.7965 6.99808 3.71673 4.43187 6.22821 4.57445 4.11237 6.29148 3.58359 3.35507 3.30138 2.93043 2.66414 2.34436 1.11645 0.656953
threshold=1.0000000180025095e-35 40.500000000000007 1.5000000000000002 1506.5000000000002 39.500000000000007 139.00000000000003 165.00000000000003 0.60007488053518854 0.91666666666666685 72.524500000000003 2200.4302500000008 73.500000000000014 4.5000000000000009 678.14274999999986 27.500000000000004 25.500000000000004 18.571572580645164 56.500000000000007 243.50000000000003 2541.4847960556649 294426.19800000003 97.500000000000014 1.0000000180025095e-35 1.0000000180025095e-35 259.50000000000006 0.070078576105720561 79.500000000000014 32.500000000000007 5.0652493157051524 0.27648229036115796
decision_type=2 2 2 2 2 2 2 2 2 2 2 2 2 2 2 2 2 2 2 2 2 2 2 2 2 2 2 2 2 2
left_child=2 4 11 28 5 -2 24 25 -8 10 -9 12 22 14 15 -5 17 20 26 -20 21 -4 27 -14 -7 -6 -19 -1 -3 -13
right_child=1 3 16 13 7 6 8 9 -10 -11 -12 29 23 -15 -16 -17 -18 18 19 -21 -22 -23 -24 -25 -26 -27 -28 -29 -30 -31
leaf_value=0.052912735985213011 0.05994419557514967 -0.052507433047555285 0.020346812207761557 -0.052617992950192372 0.0089982287068577829 0.01339379634449589 -0.024210422594634479 0.00095641139051065192 0.035555015833721525 0.043060677842329143 -0.061414539195214349 0.027112503255586579 -0.028263300061071004 -0.052825174013966407 0.0974401943629052 0.12092189360890464 -0.027773884251127038 -0.043210767243635373 -0.029005501564103229 0.0074188626906935033 0.042040887944332375 -0.015775419551591865 0.0026920222578787913 0.023991122625998278 -0.056411634096155829 0.081107852780650261 -0.0066649052854221543 0 0.0058555380660255292 0.058735047118972025
leaf_weight=14.125856915488844 2.3425236493349066 24.48112737713382 42.418123034760356 2.9304175311699496 3.5336556844413307 2.078231310471895 8.986724775284527 8.804948861710729 6.1730708703398696 3.9604977015405884 4.8753879861906162 3.7971331011503926 10.090215057134627 3.2857941859401762 1.6854691049084065 0.87228079792112101 11.489668409340082 13.349041066132488 11.249735126271842 93.377929034642875 12.94405949115753 20.899877371266484 10.228644032031296 5.4502527397125951 15.640375757124273 3.5773173123598099 11.322356395423411 2.6971252076327792 0.76123343827202816 8.8497013263404352
leaf_count=362 12 3051 293 239 74 63 268 190 37 55 126 80 110 263 52 42 84 84 69 557 80 124 86 75 1095 66 68 53 83 164
internal_value=-0.000238355 -0.0192823 0.00630818 -0.0391406 -0.00789443 -0.0197963 -0.0257061 0.00874319 0 -0.00599173 -0.0207373 0.0228083 0.0146088 -0.00574497 0.0211057 -0.0108217 0.00207469 0.00377928 -0.00226894 0.00343129 0.0141305 0.0083068 0.028709 -0.00946063 -0.0478064 0.0463272 -0.0267405 0.044086 -0.0504542 0.0498312
internal_weight=366.279 93.9891 272.29 34.0163 59.9727 35.2209 32.8784 24.7518 15.1598 17.6408 13.6803 55.2389 42.5921 8.77396 5.48817 3.8027 217.051 205.561 129.299 104.628 76.2621 63.318 27.0516 15.5405 17.7186 7.11097 24.6714 16.823 25.2424 12.6468
internal_count=8005 5716 2289 3730 1986 1475 1463 511 305 371 316 930 686 596 333 281 1359 1275 778 626 497 417 501 185 1158 140 152 415 3134 244
is_linear=0
shrinkage=0.0540709


Tree=66
num_leaves=35
num_cat=0
split_feature=99 16 75 43 98 7 40 95 61 16 5 8 17 67 82 65 62 48 69 70 83 69 95 95 74 17 97 74 44 84 46 98 36 24
split_gain=14.3083 6.8196 5.97954 7.25807 5.36962 4.60736 4.33384 4.16231 3.81744 3.75511 5.50256 6.82079 4.52495 4.49995 6.33532 4.28143 3.61436 5.66706 4.20349 5.57833 4.04501 4.57135 3.2531 2.96796 3.83456 3.70331 2.40133 2.21646 2.1949 1.1071 0.966901 0.944629 0.674834 0.0175724
threshold=1.0000000180025095e-35 40.500000000000007 1975.2675378787881 957.50000000000011 1.4438057529829535 0.49999999999999961 6472.8208714289285 1506.5000000000002 0.86496402639900405 39.500000000000007 139.00000000000003 165.00000000000003 27.500000000000004 8.4115384615384645 92.500000000000014 9196.3362373691434 27.500000000000004 38.500000000000007 40.500000000000007 780.50000000000011 69.500000000000014 20.500000000000004 259.50000000000006 502.50000000000006 90127.541500000021 20.500000000000004 2.5127118644067807 49821.456000000013 20.37243150684932 0.99970963995354245 932.50000000000011 1.1633404056272265 59.500000000000007 99.500000000000014
decision_type=2 2 2 2 2 2 2 2 2 2 2 2 2 2 2 2 2 2 2 2 2 2 2 2 2 2 2 2 2 2 2 2 2 2
left_child=2 9 3 4 5 6 -1 29 26 10 -2 22 -13 -11 28 -16 17 20 -19 -20 21 -4 -12 -18 -25 -26 -9 -22 -15 33 -5 -28 -32 -3
right_child=1 7 16 30 -6 -7 -8 8 -10 13 11 12 -14 14 15 -17 23 18 19 -21 27 -23 -24 24 25 -27 31 -29 -30 -31 32 -33 -34 -35
leaf_value=0.027165959778793367 0.073408338291743744 -0.03630863066913969 0.002693321829933057 0.082089097112927875 -0.043828319882099592 -0.021181720350323976 -0.027654802970632778 0.046742031725691441 0.050482035931080152 0.060762230361492885 0.012528673106132076 -0.023370864769786021 0.035973963793972809 -0.06144775866865234 0.041481348975472766 -0.029176625602663087 0.032444328021096633 -0.038240493303713645 0.0051107936723164063 -0.023176944762888955 -0.021826783320050943 0.052418459743294607 -0.056521880243476805 0.030738028476012258 -0.028296902448830402 0.012114591786944752 -0.053395396473597333 0.013586233763275031 -0.002167821682597259 0.0061026723579325716 0.060290896543202868 0.0022686632716307242 0.023050001766728341 -0.054265723543275572
leaf_weight=46.587838258594275 1.738365277647971 2.9378580395132365 10.768008746206762 4.0262495018541795 4.662450283765792 8.1552435103803855 4.5018081385642281 0.94936597626656105 2.4553761444985867 4.0046203583478954 2.1010949201881912 8.8111891597509366 6.5238232165575019 4.9559770114719885 9.2658295631408674 3.3108488582074633 16.082713481970131 14.00534711498767 50.939375156536698 33.660609425976872 10.506959507241847 11.56426748074591 15.175296949222682 11.386528031900523 12.448349729180338 13.899552799761294 4.5107052521780133 9.9644143572077137 3.3148761568590999 0.75350524671375652 4.268336346372962 0.80031688231974829 3.4114737566560507 20.342698517255485
leaf_count=699 9 69 76 53 37 73 71 46 108 64 63 268 38 124 194 63 91 90 313 194 73 84 1097 68 85 71 383 63 66 67 89 59 59 2998
internal_value=-0.00022989 -0.0186784 0.00600629 0.018921 0.0116055 0.0160942 0.0221897 -0.0385317 -0.00555564 -0.00756986 -0.0192177 -0.0243864 0.00139522 0.00823228 -0.00150902 0.022291 0.000966262 -0.00353148 -0.0107041 -0.00605726 0.0128189 0.0287759 -0.0476959 0.0129214 0.00440338 -0.00669851 -0.0287242 -0.00422892 -0.0385892 -0.0501812 0.0582179 -0.0436188 0.0447213 -0.0523207
internal_weight=362.791 91.9517 270.84 75.6134 63.9073 59.2449 51.0896 32.7498 8.71576 59.2019 34.3498 32.6114 15.335 24.8522 20.8475 12.5767 195.226 141.409 98.6053 84.6 42.8037 22.3323 17.2764 53.8171 37.7344 26.3479 6.26039 20.4714 8.27085 24.0341 11.7061 5.31102 7.67981 23.2806
internal_count=8005 5716 2289 1081 880 843 770 3730 596 1986 1475 1466 306 511 447 257 1208 893 597 507 296 160 1160 315 224 156 488 136 190 3134 201 442 148 3067
is_linear=0
shrinkage=0.0540709


Tree=67
num_leaves=31
num_cat=0
split_feature=99 16 76 95 87 61 16 5 8 106 105 108 108 85 95 108 62 44 70 59 44 95 66 86 104 20 98 96 38 20
split_gain=13.0857 6.47559 5.66365 4.09547 3.54867 4.49884 3.43143 5.08157 6.5008 4.03779 3.88748 4.62446 4.14203 4.02425 3.17605 3.01642 4.19333 4.07884 7.42972 2.90386 4.28437 2.85006 6.03817 6.02918 2.67379 2.67239 2.72016 2.10236 0.926143 0.634273
threshold=1.0000000180025095e-35 40.500000000000007 2.5000000000000004 1506.5000000000002 678.14274999999986 0.86496402639900405 39.500000000000007 139.00000000000003 165.00000000000003 0.91666666666666685 0.62482595371238681 0.090134939171931619 0.24476385571630047 -21078.590749999985 259.50000000000006 -0.56624937567665101 27.500000000000004 42.688345700567446 774.50000000000011 270.50000000000006 19.158004158004164 973.50000000000011 997.00000000000011 1872.0439299999964 -0.22525275208076742 1.0000000180025095e-35 1.1563374544664506 209.26594246068461 420022.64000000007 1.0000000180025095e-35
decision_type=2 2 2 2 2 2 2 2 2 2 2 2 2 2 2 2 2 2 2 2 2 2 2 2 2 2 2 2 2 2
left_child=2 6 19 29 5 27 7 -2 14 -10 11 -8 13 -12 -9 24 17 18 -17 20 25 23 -23 -18 -4 26 -1 -5 -21 -3
right_child=1 3 15 4 -6 -7 10 8 9 -11 12 -13 -14 -15 -16 16 21 -19 -20 28 -22 22 -24 -25 -26 -27 -28 -29 -30 -31
leaf_value=0.048325129143118602 0.071722698216874145 -0.024405937433519206 0 0.02745401426161248 -0.052613232260436724 0.091236344032286296 0.071617186755161835 0.011728076158293216 -0.022545594438623719 0.033495310507033881 0.016810744263285337 -0.010137175133600211 0.027148389010842513 -0.052361897241885738 -0.056378037540376569 -0.0011277781370965111 0.056224438412716196 0.02337351514165938 -0.033722784149834761 0.057278741968586872 -0.023947946843978427 0.024683388975924959 -0.029331742575646962 0.0053048488702838771 0.042169443986685713 0.0022596586928623368 -0.0052611085679002204 -0.051636994829273197 0.017578144177053317 -0.054085576193560025
leaf_weight=13.737653132528072 1.6845491528511036 3.4707254786044421 7.3731066081672934 1.8232300607487544 3.0646874038502574 1.7681474508717654 4.9230414265766758 2.1226848904043463 8.6446106573566812 6.6249530538916579 3.6099188681691912 3.1906205788254738 6.3486780431121579 6.9065560800954691 14.412234211806206 114.11829510610551 11.075062867254021 14.115737067535518 25.051104888319969 8.2135438006371242 6.470009369775652 13.025069568306209 11.291725151240824 18.568407574668527 9.9384270235896093 10.436006668955086 3.1662791371345511 1.9888701126910744 2.9344208650290957 19.420005845371634
leaf_count=374 9 75 70 108 263 60 94 63 268 38 69 59 105 184 1097 734 65 81 146 178 100 79 64 108 88 90 40 165 72 3059
internal_value=-0.000221065 -0.0180916 0.00571941 -0.0378957 -0.00522088 0.0194934 -0.0072825 -0.01866 -0.0236841 0.001286 0.00767572 0.0385632 -0.00674881 -0.0279162 -0.0471875 0.00217577 0.000328248 -0.00419854 -0.00704857 0.0232539 0.0150393 0.0133241 -9.5479e-05 0.0245809 0.0238637 0.0245371 0.0378513 -0.0118779 0.0474969 -0.0499111
internal_weight=359.518 90.0035 269.515 31.5357 8.64494 5.58025 58.4678 33.489 31.8045 15.2696 24.9788 8.11366 16.8652 10.5165 16.5349 224.557 207.245 153.285 139.169 44.9579 33.8099 53.9603 24.3168 29.6435 17.3115 27.3399 16.9039 3.8121 11.148 22.8907
internal_count=8005 5716 2289 3730 596 333 1986 1475 1466 306 511 153 358 253 1160 1435 1277 961 880 854 604 316 143 173 158 504 414 273 250 3134
is_linear=0
shrinkage=0.0540709


Tree=68
num_leaves=27
num_cat=0
split_feature=29 27 16 32 24 2 84 69 83 69 87 76 55 67 89 41 98 95 104 78 84 40 9 71 55 4
split_gain=10.9331 14.8336 12.8705 8.80161 6.41287 6.17285 4.83128 4.14535 5.44459 4.73928 3.97234 3.82758 5.06717 3.88748 3.82927 4.91742 3.30714 3.1988 3.65088 2.89825 2.79846 2.1813 1.45218 1.24246 0.749612 0.143639
threshold=1.0000000180025095e-35 1.0000000180025095e-35 40.500000000000007 198.50000000000003 189.00000000000003 3.5000000000000004 0.93271386685063817 43.500000000000007 202.50000000000003 125.50000000000001 2859.3147500000009 76.500000000000014 26.500000000000004 6.0178571428571432 0.78571428571428581 18499.572500000006 0.99645910790277814 1660.5000000000002 -0.46197900497483574 0.95407486941381314 0.59334508774807293 2710.0541234818879 109.50000000000001 0.32371661535901491 35.500000000000007 0.18333333333333332
decision_type=2 2 2 2 2 2 2 2 2 2 2 2 2 2 2 2 2 2 2 2 2 2 2 2 2 2
left_child=4 2 5 10 6 7 11 8 -2 -9 16 12 13 -1 20 -16 22 25 -19 -20 -13 -6 -3 -7 -14 -4
right_child=1 3 17 -5 21 23 -8 9 -10 -11 -12 14 24 -15 15 -17 -18 18 19 -21 -22 -23 -24 -25 -26 -27
leaf_value=0.029065770195077282 -0.030567727640591322 0.029390284267292989 -0.05401875732682488 -0.038129489284805862 0.011424244952007627 0 0.045506867279254605 0.01305394018082948 0.025498596613794063 -0.011482446625118277 -0.0085155466439837506 -0.040123281679072219 0.064206107517361652 -0.0066575870905056737 0.03907098698764034 -0.0030563307375205645 0.0073655834094094388 0.065917851829801213 -0.048035372106205204 0.051723277395530336 -0.0053145559702756666 0.061739517901030751 0.058189539227282858 -0.063035652573821585 0.029632081006500673 -0.073684734187857232
leaf_weight=14.52943406999111 29.971905061975121 10.223655885085465 18.59876213315875 6.716386627405881 3.9919894728809586 0.82935247616842289 9.1758837923407537 45.274223209358752 5.9480233443900934 46.753011799417436 6.7873271983116856 10.639450527727606 5.9567585438489896 22.45047221519053 10.746505729854105 31.882800461724401 9.1839899979531747 1.2593522993847726 5.7909599267877629 0.92824997520074237 20.16681688092649 9.3064344432204944 14.22654155269265 6.8858900615014136 4.1876452807337046 4.0233509559184304
leaf_count=252 674 148 3110 51 95 82 75 666 91 626 38 62 99 248 60 170 81 62 431 38 107 96 178 343 58 64
internal_value=-0.000214418 -0.00798767 -0.0156025 0.0187138 0.0113312 -0.00839093 0.00759726 -0.00549401 -0.0210769 0.000508318 0.0283432 0.00464987 0.0167005 0.00717917 -0.00298276 0.0073917 0.0360011 -0.0473293 -0.0165663 -0.0331419 -0.0175782 0.0471957 0.0464533 -0.0554598 0.0506717 -0.0578498
internal_weight=356.435 213.401 166.263 47.1379 143.034 135.662 129.736 127.947 35.9199 92.0272 40.4215 120.56 47.1243 36.9799 73.4356 42.6293 33.6342 30.6007 7.97856 6.71921 30.8063 13.2984 24.4502 7.71524 10.1444 22.6221
internal_count=8005 6683 6187 496 1322 2482 1131 2057 765 1292 445 1056 657 500 399 230 407 3705 531 469 169 191 326 425 157 3174
is_linear=0
shrinkage=0.0540709


Tree=69
num_leaves=25
num_cat=0
split_feature=29 27 2 32 8 24 75 84 75 73 73 103 108 48 87 63 91 98 40 9 97 108 54 26
split_gain=9.90627 13.4896 11.8892 8.00655 7.00959 5.98206 4.47498 4.41103 4.26157 4.04104 5.19554 4.84454 4.3817 4.08313 3.67653 3.6273 3.32608 3.13069 1.95618 1.41173 1.24163 1.02953 0.27753 0.5501
threshold=1.0000000180025095e-35 1.0000000180025095e-35 3.5000000000000004 198.50000000000003 99.500000000000014 189.00000000000003 26498.952304487182 0.93271386685063817 22721.933400000005 7.5000000000000009 12.500000000000002 -40.917999999999992 -0.42071648032397219 79.500000000000014 2859.3147500000009 96739.080500000011 12.500000000000002 0.99645910790277814 2793.3154420881519 109.50000000000001 133.83333333333334 0.56934619325000724 9.5000000000000018 1.5000000000000002
decision_type=2 2 2 2 2 2 2 2 2 2 2 2 2 2 2 2 2 2 2 2 2 2 2 2
left_child=5 2 4 14 20 7 8 9 -6 11 13 15 -13 -11 17 -1 -12 19 -7 -3 -2 22 -4 -24
right_child=1 3 21 -5 6 18 -8 -9 -10 10 16 12 -14 -15 -16 -17 -18 -19 -20 -21 -22 -23 23 -25
leaf_value=0.060738170734739298 -0.053793919709704929 0.028305887784179019 -0.057938776629944837 -0.03634084818500611 -0.0068407236058355388 0.012740280433039066 0.053141022491076995 0.043761233968970761 -0.071122286466291346 -0.037954858290091667 -0.0042807465184425764 -0.020206058577920322 0.016792100133552465 0 -0.0080639900159472644 0.0050611150980888675 0.0327268424216626 0.0069889871649265831 0.060532191585400519 0.057058226788333839 0.013943805055924206 -0.005225841495908181 -0.10518719835451372 -0.049907553434268496
leaf_weight=9.7527636494487506 11.636085831560191 10.046415567398073 9.8007418815977854 6.6674163192510596 130.51566048990935 4.0991561580449334 3.5166065278463057 9.0301597490906698 3.115808156784623 17.3445775937289 16.007672281935815 13.506343802437177 29.875949976965792 15.556393541395662 6.7801717296242705 5.7402069289237252 12.354925040155647 9.1564195733517391 8.837975984439252 13.737688029184936 0.66591046983376223 1.1650015641935159 2.1684313863515845 1.6256120363250377
leaf_count=168 2072 148 557 51 3019 96 77 75 42 94 92 173 332 73 38 59 65 81 95 178 95 75 9 241
internal_value=-0.000203372 -0.00766766 -0.0149657 0.0180069 -0.0103334 0.0108065 -0.00676341 0.00722716 -0.00839598 0.00441884 -0.00521399 0.0145678 0.00510255 -0.0199164 0.0273171 0.0405902 0.0115807 0.034824 0.0459651 0.0452277 -0.0495247 -0.0613604 -0.0656257 -0.0834909
internal_weight=352.704 210.598 164.21 46.3881 149.45 142.106 137.148 129.169 133.631 120.139 61.2636 58.8753 43.3823 32.901 39.7207 15.493 28.3626 32.9405 12.9371 23.7841 12.302 14.7598 13.5948 3.79404
internal_count=8005 6683 6187 496 5305 1322 3138 1131 3061 1056 324 732 505 167 445 227 157 407 191 326 2167 882 807 250
is_linear=0
shrinkage=0.0540709


Tree=70
num_leaves=33
num_cat=0
split_feature=99 7 7 3 48 42 42 91 98 47 81 0 82 67 62 81 92 85 108 106 24 62 39 35 69 20 91 108 66 41 109 25
split_gain=10.4477 5.14862 7.02038 6.30818 5.74147 5.30499 5.65274 5.02913 4.98055 3.8114 5.54606 3.77665 3.75032 7.41177 6.88862 7.67465 10.1974 6.06512 3.286 2.96537 4.40446 4.27883 2.94623 2.83286 5.51153 2.82956 2.81614 1.94422 3.08003 1.4155 1.31696 0.908654
threshold=1.0000000180025095e-35 11.897227048854207 56.700098766926715 0.58333333333333337 25.500000000000004 51.702000000000005 112.53550000000001 3.5000000000000004 1.0055593506736367 426.50000000000006 2812.3605000000002 1.5000000000000002 92.500000000000014 8.7100000000000026 10.500000000000002 4066.2936833333338 22.500000000000004 -11034.000499999998 0.01606051597582037 1.5166666666666668 149.50000000000003 14.500000000000002 9390.0086958333359 109.50000000000001 6.5000000000000009 5.5000000000000009 12.500000000000002 -0.88779797149122797 97.500000000000014 15240.192000000001 5.0652493157051524 80.500000000000014
decision_type=2 2 2 2 2 2 2 2 2 2 2 2 2 2 2 2 2 2 2 2 2 2 2 2 2 2 2 2 2 2 2 2
left_child=1 4 3 -3 19 9 18 11 -8 10 -6 -2 13 17 -14 -16 -17 -9 -7 20 -1 -22 31 27 -25 -19 -21 28 -13 -5 -29 -15
right_child=7 2 -4 29 5 6 8 12 -10 -11 -12 23 14 22 15 16 -18 25 -20 26 21 -23 -24 24 -26 -27 -28 30 -30 -31 -32 -33
leaf_value=-0.021448730763802226 0.029213395632941848 0.0020227330965341224 0.022211191309711255 -0.089050781662534884 -0.00021947954425815102 0.011171618654835994 0.008120330727366936 0.11996620957803185 -0.020449557429011726 0.0058101620228737114 -0.055647715246043228 -0.045197420828647292 0.10870330654259172 -0.012270159772858511 0.081076820346318856 0.073668727557587729 -0.026267744900277865 0.062647502122396628 0.058396406267365517 0.059729887173485818 0.013451210554259739 0.061682153701507557 0.020895083828429497 0.086993763892767459 -0.05105698915079649 -0.018460439147103238 0.012433117397156388 -0.051756518296293436 0.12263208480519604 -0.043919825896829051 0.020610012426587002 -0.053902723126435022
leaf_weight=8.0760111454874259 2.4070383869111565 6.4330824799835709 8.1407613679766637 4.6394346645101923 10.140532968565823 8.9845889192074555 101.0980114415288 1.4501902535557745 21.578223103657365 13.694140648469327 11.651329953223465 0.80449007404969097 1.8229739973321581 2.261701896786696 3.0155844427645233 3.5033958423882749 19.403714224696159 1.601647923700513 9.1838642749935371 10.020488437265159 31.289170244708657 6.697751246392726 1.8477415698580433 1.4398285150527947 2.0176698649302125 5.8025080407969654 6.5311068724840871 23.223647284787148 0.50386154837906361 5.4555575307458639 0.60935319866984983 13.945968792773781
leaf_count=68 21 45 61 44 92 79 713 43 149 87 67 133 47 11 102 108 769 44 53 198 408 42 78 105 209 264 90 2963 22 93 66 731
internal_value=-0.000191618 0.00511784 -0.0183117 -0.0387184 0.0075678 0.0025256 0.00726943 -0.016617 0.00303449 -0.0160938 -0.0301967 -0.0340687 -0.00658041 -0.0210324 0.00717037 0 -0.0106554 0.0189186 0.0354539 0.0216487 0.0143472 0.0221528 -0.0410335 -0.0396552 0.00431449 0 0.0415176 -0.0459958 0.0138918 -0.0654077 -0.0495945 -0.0485515
internal_weight=349.275 263.614 24.6688 16.5281 238.945 176.331 140.845 85.6613 122.676 35.486 21.7919 31.0059 54.6554 26.9098 27.7457 25.9227 22.9071 8.85435 18.1685 62.6145 46.0629 37.9869 18.0554 28.5989 3.4575 7.40416 16.5516 25.1414 1.30835 10.095 23.833 16.2077
internal_count=8005 2289 243 182 2046 1240 994 5716 862 246 159 3519 2197 1171 1026 979 877 351 132 806 518 450 820 3498 314 308 288 3184 155 137 3029 742
is_linear=0
shrinkage=0.0540709


Tree=71
num_leaves=37
num_cat=0
split_feature=99 16 80 103 107 111 108 92 73 95 67 74 76 95 24 22 16 87 42 25 95 37 60 51 69 69 6 16 105 84 84 95 109 51 59 24
split_gain=9.52772 5.42338 4.81836 7.1057 6.93495 5.10395 5.04551 4.88225 4.89504 4.22714 4.50417 4.156 4.9346 4.08272 3.33526 5.15931 4.16588 3.2766 4.1513 3.57016 3.14275 6.31431 7.28941 6.08024 4.55624 4.49729 3.35644 3.35863 3.57296 2.60737 3.19593 2.37705 1.21006 1.00994 0.589617 0.0297404
threshold=1.0000000180025095e-35 40.500000000000007 23355.974000000006 -42.41050000000002 1.0000000180025095e-35 0.91666666666666685 -0.12343095303435479 23.500000000000004 6.5000000000000009 1544.5000000000002 33.74038461538462 43459.067500000005 48.500000000000007 1506.5000000000002 298.50000000000006 1.0000000180025095e-35 39.500000000000007 678.14274999999986 205.93150000000003 124.25000000000001 1399.5000000000002 66.500000000000014 365.50000000000006 253.50000000000003 208.50000000000003 94.500000000000014 173.02500000000003 39.500000000000007 0.5817424083693018 0.87260991353062978 0.70011441647597261 265.50000000000006 5.0652493157051524 1165.5000000000002 58.500000000000007 99.500000000000014
decision_type=2 2 2 2 2 2 2 2 2 2 2 2 2 2 2 2 2 2 2 2 2 2 2 2 2 2 2 2 2 2 2 2 2 2 2 2
left_child=2 20 3 11 14 6 -4 -6 -9 10 -8 12 33 32 15 -5 -16 18 19 -15 21 22 23 -2 25 -23 27 -22 -29 30 -7 -24 35 -1 -20 -3
right_child=1 13 5 4 7 29 9 8 -10 -11 -12 -13 -14 17 16 -17 -18 -19 34 -21 26 24 31 -25 -26 -27 -28 28 -30 -31 -32 -33 -34 -35 -36 -37
leaf_value=0.02929285443799836 -0.0054565858768801092 -0.035262737072228718 -0.049778668976242113 0.0082994734930285086 -0.04000799619717773 0.017309448221799788 -0.011157641886819242 -0.020901312676646699 0.02782197742230828 -0.034056086339306998 0.027756269427501614 0.072212889318206186 0.0042337728566505979 -0.0062858597473040151 0.017479819059345647 0.04360621582595578 -0.035259898315391905 -0.052208545753609004 0 0.10857430929222701 -0.056108067361309737 0.015242424589963074 0 0.087161481679925101 -0.018485493061537777 0.098875760624125869 0.017227871466888849 0.039151138186774619 -0.030061226789977646 0.030748753574737536 -0.014360425272983431 -0.056180932023130722 0.014343054521746626 0.060326888860790531 -0.050647051540825209 -0.054121367291304713
leaf_weight=7.1900946609675866 6.7538914605975204 2.8203546423465111 9.7758714929223043 36.002709221094847 13.919477991759775 19.282898498699069 26.346213832497597 14.00706133246422 10.580071367323397 12.885715520009397 12.944180862978099 6.1256241947412482 19.062976995483041 1.1515835453756136 9.4692034777253884 18.781780488789082 8.0232622129842621 2.6920487815514207 0.8690230245701972 1.9124246053397655 8.8079390907660162 3.8755888137966377 2.7809866284951559 2.9088596198707819 2.8422306389547876 4.1516959210857749 5.1092515932396045 2.9869618471711874 7.6443110192194581 12.39153730496764 17.912066009826958 8.5186686110682768 0.66584576433524389 7.9381056688725948 1.5471469359472392 16.100447427947074
leaf_count=114 149 70 55 406 90 114 160 110 59 85 73 36 122 78 87 357 83 263 44 105 778 113 59 76 88 109 106 61 181 74 108 266 83 156 106 2981
internal_value=-0.000186936 -0.016042 0.00486435 0.0111687 0.00401794 -0.00360984 -0.0140053 -0.0144219 0 -0.00715919 0.00147522 0.030633 0.0229634 -0.0356628 0.0139444 0.0205399 -0.00628917 -0.00259342 0.020442 0.0630206 -0.00624961 0.00477295 -0.0123021 0.0216736 0.0383789 0.059433 -0.0208427 -0.0312299 -0.00991621 0.0092289 0.00185946 -0.0420086 -0.0490813 0.0460719 -0.0305047 -0.0517052
internal_weight=346.778 84.1393 262.639 151.1 110.784 111.538 61.952 38.5066 24.5871 52.1761 39.2904 40.3168 34.1912 27.7589 72.277 54.7845 17.4925 8.17223 5.48018 3.06401 56.3804 31.8319 20.9624 9.66275 10.8695 8.02728 24.5485 19.4392 10.6313 49.5865 37.195 11.2997 19.5866 15.1282 2.41617 18.9208
internal_count=8005 5716 2289 1620 1192 669 373 259 169 318 233 428 392 3730 933 763 170 596 333 183 1986 860 550 225 310 222 1126 1020 242 296 222 325 3134 270 150 3051
is_linear=0
shrinkage=0.0540709


Tree=72
num_leaves=21
num_cat=0
split_feature=29 27 2 54 8 24 53 24 24 20 75 84 95 104 42 103 40 104 108 54
split_gain=8.36315 11.245 11.1057 6.654 6.088 5.40587 5.36589 4.31915 4.00911 6.00421 5.82051 3.95412 3.69903 3.24324 3.36458 2.14149 1.87002 1.52117 1.12023 0.127992
threshold=1.0000000180025095e-35 1.0000000180025095e-35 3.5000000000000004 1.0000000180025095e-35 99.500000000000014 189.00000000000003 0.20311049942391671 297.50000000000006 358.50000000000006 15.500000000000002 1975.2675378787881 0.93271386685063817 99.500000000000014 -0.75571939649443354 250.08300000000003 -16.475999999999996 2793.3154420881519 -0.99887290646989524 0.59046123793159888 8.5000000000000018
decision_type=2 2 2 2 2 2 2 2 2 2 2 2 2 2 2 2 2 2 2 2
left_child=5 2 4 -3 17 11 7 -5 9 -6 -10 12 -1 -14 -15 -9 -7 -2 19 -4
right_child=1 3 18 6 8 16 -8 15 10 -11 -12 -13 13 14 -16 -17 -18 -19 -20 -21
leaf_value=-0.032647721403530144 0.033335297800311949 -0.017961242368372571 -0.057492870957225994 0.048361380698661686 -0.025467873499294157 0.011083677417856277 0.064376622243927706 0.025363169480808492 0.059394113742392951 0.0012781085230078413 -7.1434771574074076e-05 0.041801817705302773 0.042145224213612387 0.011422496764248833 -0.0087780641571144208 -0.015698457065905537 0.058991039478871923 -0.053653454413157636 0 -0.07984375891958384
leaf_weight=7.4862882737070313 0.5152704487554719 11.674990829080341 8.9411856057122332 7.7499083243310478 49.102614787407219 3.9102687910199156 9.2636152617633325 5.8156522754579791 5.5877181994728735 48.055737813934684 32.844916977919638 8.7453329507261497 7.0350764635950318 66.023300195112824 37.603881737217307 10.225019078701735 8.3832919131964427 10.203349751885979 1.0178371770307411 3.8142812019214025
leaf_count=67 45 79 557 126 1479 96 109 60 77 1220 362 75 126 585 278 122 95 2122 71 254
internal_value=-0.000185035 -0.0071562 -0.0138786 0.0167371 -0.00944854 0.0100198 0.0292168 0.0152109 -0.00628439 -0.0121632 0.00838482 0.00663405 0.00396766 0.00651206 0.00402083 -0.000349153 0.0443587 -0.0487764 -0.0603922 -0.0647683
internal_weight=344 204.812 160.083 44.7292 146.31 139.187 33.0542 23.7906 135.591 97.1584 38.4326 126.894 118.149 110.662 103.627 16.0407 12.2936 10.7186 13.7733 12.7555
internal_count=8005 6683 6187 496 5305 1322 417 308 3138 2699 439 1131 1056 989 863 182 191 2167 882 811
is_linear=0
shrinkage=0.0540709


Tree=73
num_leaves=32
num_cat=0
split_feature=99 16 7 16 69 86 92 98 105 109 107 87 96 0 87 95 87 87 92 20 16 5 8 17 67 82 87 95 44 85 109
split_gain=8.03607 4.97871 4.34886 8.28357 5.69718 4.99893 6.69544 7.97554 7.90006 4.24966 6.38065 4.13821 7.06472 5.12818 4.84216 4.01438 3.8687 3.04362 3.56185 5.53857 3.02416 4.366 5.81454 3.64633 3.43863 5.13051 3.83349 2.9322 2.15751 1.93314 1.20567
threshold=1.0000000180025095e-35 40.500000000000007 11.897227048854207 40.500000000000007 65.500000000000014 6544.9932935000043 24.500000000000004 0.87194120691793386 0.73595713528645634 0.82227339912332342 1.0000000180025095e-35 2372.1450000000004 281.70764186769571 2.5000000000000004 -6694.6269999999995 1506.5000000000002 2788.2702500000019 678.14274999999986 27.500000000000004 25.500000000000004 39.500000000000007 139.00000000000003 165.00000000000003 27.500000000000004 8.4115384615384645 92.500000000000014 4756.7817500000028 259.50000000000006 20.37243150684932 9530.1795000000075 5.0652493157051524
decision_type=2 2 2 2 2 2 2 2 2 2 2 2 2 2 2 2 2 2 2 2 2 2 2 2 2 2 2 2 2 2 2
left_child=2 20 5 4 -4 6 9 8 -8 10 -1 14 13 -13 -7 30 -9 18 19 -17 21 -2 27 -24 -22 28 -27 -23 -26 -11 -3
right_child=1 15 3 -5 -6 11 7 16 -10 29 -12 12 -14 -15 -16 17 -18 -19 -20 -21 24 22 23 -25 25 26 -28 -29 -30 -31 -32
leaf_value=0.0050160174659719106 0.069606364149959229 -0.051428427727035111 0.037219246872611807 -0.065049701706186791 -0.026101348222622941 0.0039044722007758989 0.018128849853151646 0.011491132678065091 0.059311636464968218 0.029195857923112328 -0.047530073390084353 0.046643431763055881 -0.027202961014490244 0 -0.038627701360341313 -0.052443030932909085 -0.023573088608747763 -0.051944141672105038 0.080978785576988108 0.095844012125049644 0.053012688264949349 0.0098184710741228524 -0.021822845736032406 0.031666169700360888 -0.060615544784861995 0.05121699694801831 -0.0074896605998109956 -0.056209825604558401 0 -0.0021598844891351841 0.015004532605268454
leaf_weight=14.206891687586904 1.5771641731262231 17.465719091705985 7.8523614164441886 7.3887672647833815 8.7564020957797748 13.516658134758474 40.702117217704654 41.04100931994617 21.108013505116105 10.702699508517982 12.507012154906988 12.80513694137335 12.58933240547776 15.073420345783232 17.684548491612077 2.6398813398554908 11.783289715647696 2.5008436436764896 1.8662626296281812 1.005317216273397 4.18545123189688 2.1157727427780637 8.4106131177395564 6.6602204665541658 4.4001790005713728 6.0879599433392269 6.5858597783371806 12.456432902719824 3.117724921554327 11.55415330454707 0.65829396853223343
leaf_count=164 9 3051 72 107 64 76 571 411 187 68 99 67 71 90 103 239 70 263 52 42 64 63 268 38 124 118 139 1097 66 69 83
internal_value=-0.000175486 -0.0149797 0.00446303 -0.0173773 0.00339162 0.00672226 0.0119524 0.0191144 0.0323138 -0.00466218 -0.0193104 -0.00511382 0.00615558 0.0214856 -0.0199665 -0.0344991 0.00352894 -0.00166171 0.019825 -0.00948746 -0.00566976 -0.0168919 -0.0217481 0.00132623 0.00839964 -0.000486692 0.0201314 -0.0461158 -0.0362236 0.0125875 -0.0486062
internal_weight=341.006 81.7337 259.272 23.9975 16.6088 235.274 163.605 114.634 61.8101 48.9708 26.7139 71.6691 40.4679 27.8786 31.2012 26.1363 52.8243 8.0123 5.51146 3.6452 55.5974 31.2202 29.643 15.0708 24.3772 20.1917 12.6738 14.5722 7.5179 22.2569 18.124
internal_count=8005 5716 2289 243 136 2046 1639 1239 758 400 263 407 228 157 179 3730 481 596 333 281 1986 1475 1466 306 511 447 257 1160 190 137 3134
is_linear=0
shrinkage=0.0540709


Tree=74
num_leaves=29
num_cat=0
split_feature=99 16 54 97 28 48 98 59 75 95 53 98 96 60 87 42 48 101 16 92 85 7 67 84 24 54 59 24
split_gain=7.33915 4.69668 4.04063 3.9175 4.29008 4.28413 3.95044 5.99598 4.90112 3.88731 3.85553 3.71539 3.16887 3.50287 2.81721 3.41122 3.07015 2.77287 3.55656 4.03535 3.97776 2.70657 1.50038 1.2463 1.01491 0.960781 0.659777 0.0727973
threshold=1.0000000180025095e-35 40.500000000000007 18.500000000000004 18.571572580645164 0.75000000000000011 25.500000000000004 0.9989394006637593 908.50000000000011 2167.4904841269849 1506.5000000000002 0.13334830115252208 0.87194120691793386 268.59740139261447 443.50000000000006 678.14274999999986 205.93150000000003 27.500000000000004 4.2500000000000009 35.500000000000007 22.500000000000004 -1322.3359999999809 0.49999999999999961 16.464102564102564 0.99970963995354245 299.50000000000006 87.000000000000014 43.500000000000007 99.500000000000014
decision_type=2 2 2 2 2 2 2 2 2 2 2 2 2 2 2 2 2 2 2 2 2 2 2 2 2 2 2 2
left_child=2 17 3 5 -5 12 8 -8 -7 23 11 21 13 -1 15 16 -11 -2 25 -20 -21 24 -12 27 -4 -19 -17 -3
right_child=1 9 10 4 -6 6 7 -9 -10 14 22 -13 -14 -15 -16 26 -18 18 19 20 -22 -23 -24 -25 -26 -27 -28 -29
leaf_value=0.030403071975161334 0.024939829907457703 -0.032849999872961867 0.039535684531846901 -0.050936833947067044 0.0024672717101077352 0.036161222211622247 -0.00066955643067404295 -0.048886319601613125 0.0013503505438707871 0.0012060142588335996 0.057748188802027832 -0.03486957564225749 0.046419659750297292 -0.015119710117464843 -0.0517463290736929 0.002519659809925438 0.11069327203805035 -0.058134344730722848 0.046285974798123672 0.0078450323924643996 -0.027250686588098778 -0.026704862483237089 0.01236748256218094 0.018609150345349174 0 0 -0.050645405910319116 -0.054009716814991171
leaf_weight=10.638037042692309 7.4457775922492138 2.5639783795923092 9.6407632771879488 8.3446080014109612 8.7706325128674507 13.084692700766025 25.413536570034921 10.916615972295402 128.90909993182868 1.7398532712832087 9.0111045576632005 4.6285190302878609 10.675292748957871 8.9959216350689513 2.3780322216916829 0.78048805892467532 1.5307888356037436 5.1713127712719134 4.0736845815554252 17.910722353495654 19.419041652698073 2.7503519542515269 3.3813078645616761 0.62205429235473175 2.548149185255169 0.95961447432637204 1.546376214828342 14.097583265043793
leaf_count=92 64 69 301 59 81 150 177 69 794 103 204 70 91 72 263 40 80 449 111 590 696 26 71 67 32 76 110 2998
internal_value=-0.000175085 -0.014476 0.00424899 0.00166597 -0.0231415 0.00373669 0.000499784 -0.0153634 0.00461072 -0.0338322 0.0222614 0.00686762 0.0225358 0.00916959 -0.00163578 0.0183449 0.0547482 -0.00544784 -0.0103642 -0.00447467 -0.0102144 0.0202966 0.0459666 -0.0482596 0.0315113 -0.0489163 -0.0296533 -0.0512018
internal_weight=337.948 80.2393 257.709 225.748 17.1152 208.633 178.324 36.3302 141.994 25.2592 31.9602 19.5678 30.3093 19.634 7.97554 5.59751 3.27064 54.9802 47.5344 41.4034 37.3298 14.9393 12.3924 17.2836 12.1889 6.13093 2.32686 16.6616
internal_count=8005 5716 2289 1585 140 1445 1190 246 944 3730 704 429 255 164 596 333 183 1986 1922 1397 1286 359 275 3134 333 525 150 3067
is_linear=0
shrinkage=0.0540709


Tree=75
num_leaves=25
num_cat=0
split_feature=29 17 29 108 118 24 101 29 57 84 73 73 103 53 56 63 91 63 118 45 40 104 32 85
split_gain=6.75308 6.50179 6.99523 6.18887 5.68357 5.06209 4.79409 4.66083 3.9316 3.65431 3.19592 4.55744 4.37841 4.69934 3.81302 3.59822 2.9086 2.62597 2.47002 2.13505 1.83594 1.82037 0.567562 0.455368
threshold=1.0000000180025095e-35 1.0000000180025095e-35 99.500000000000014 -0.73242598314606733 -1.0000000180025095e-35 189.00000000000003 3.3033333333333337 298.50000000000006 3855.6738636363643 0.93271386685063817 7.5000000000000009 12.500000000000002 -40.917999999999992 0.36182795698924736 227175.37900000004 96739.080500000011 12.500000000000002 7109.5275000000011 1.0000000180025095e-35 20.795471550805622 2793.3154420881519 -0.99887290646989524 189.00000000000003 -49375.431750000011
decision_type=2 2 2 2 2 2 2 2 2 2 2 2 2 2 2 2 2 2 2 2 2 2 2 2
left_child=5 18 4 8 -3 9 -5 -8 17 10 12 14 15 -14 -12 -1 -13 -4 -2 -10 -7 -6 23 -20
right_child=1 2 3 6 21 20 7 -9 19 -11 11 16 13 -15 -16 -17 -18 -19 22 -21 -22 -23 -24 -25
leaf_value=0.059977290381483243 0.020460583918721475 0.035244802612587334 -0.03277995352006928 0.042631923509445259 0.039985284613724331 0.009394303315667412 -0.0040741044261827682 -0.059453240787872223 0.10648052779038406 0.040026857925687422 -0.0020887736007514884 -0.0042889944437997209 0.010741798973579488 -0.04299385794142363 -0.039778930797268491 0.0029389474485790137 0.030657175964095507 0.039840975489215884 0 0.034629794541793983 0.057886033654743124 -0.059076271832061926 -0.11230620422304319 -0.055680786014667104
leaf_weight=8.7895248532295209 1.1975139398127783 2.3544715698808423 2.7101933006197196 6.1965441536158314 0.47641265066340466 3.7437605243176213 151.59767916146666 4.6045586969703427 2.6331254872493446 8.5367103712633234 18.050612382590771 15.761012000963094 36.006477470509708 5.4561591055244199 14.513125393539665 5.5625811051577321 12.061042383313177 3.0734086045995355 0.62664611893705746 3.0211496991105378 8.0169179514050466 11.976114785531534 0.75364402681589204 7.8595511957537374
leaf_count=168 13 67 83 65 44 96 3167 42 61 75 100 92 444 61 67 59 65 55 39 77 95 2154 5 811
internal_value=-0.000164949 -0.00653787 -0.00419617 -0.00111336 -0.0398844 0.00907571 -0.00386239 -0.0057547 0.0372655 0.00580946 0.00323136 -0.00530381 0.0125978 0.00349047 -0.0191152 0.0383891 0.010596 0.00453382 -0.0481438 0.0694245 0.0430827 -0.0546866 -0.0578376 -0.0521021
internal_weight=335.579 199.081 188.644 173.837 14.807 136.498 162.399 156.202 11.4379 124.737 116.201 60.3858 55.8147 41.4626 32.5637 14.3521 27.8221 5.7836 10.4374 5.65428 11.7607 12.4525 9.23984 8.4862
internal_count=8005 6683 5815 3550 2265 1322 3274 3209 276 1131 1056 324 732 505 167 227 157 138 868 138 191 2198 855 850
is_linear=0
shrinkage=0.0540709


Tree=76
num_leaves=27
num_cat=0
split_feature=29 27 16 32 17 72 105 43 52 52 87 104 52 95 77 61 67 73 72 64 48 104 16 22 64 47
split_gain=6.10738 9.0189 9.24728 6.05923 5.04676 4.8514 4.29333 4.91547 3.55653 3.39243 3.66108 5.63482 3.39325 3.38982 3.34156 3.27393 2.98518 3.43911 2.94931 3.83695 2.5753 2.50312 2.22186 3.36559 0.9815 0.250684
threshold=1.0000000180025095e-35 1.0000000180025095e-35 40.500000000000007 198.50000000000003 1.0000000180025095e-35 0.012179669439877352 1.204826453511967 1302.5000000000002 0.79393388741371373 0.608440170940171 -357.78824999999773 0.28465900440112135 0.83747768487073881 1660.5000000000002 131.50000000000003 0.88709897340710975 18.88675213675214 3.5000000000000004 0.28591269841269845 3284.7957222222226 48.500000000000007 0.032518499322596331 40.500000000000007 1.0000000180025095e-35 1306.9646339285716 1.5000000000000002
decision_type=2 2 2 2 2 2 2 2 2 2 2 2 2 2 2 2 2 2 2 2 2 2 2 2 2 2
left_child=5 2 4 8 -2 22 7 -6 16 18 20 12 -12 -4 -8 24 17 -3 -7 -20 21 -11 25 -24 -15 -1
right_child=1 3 13 -5 6 9 14 -9 -10 10 11 -13 -14 15 -16 -17 -18 -19 19 -21 -22 -23 23 -25 -26 -27
leaf_value=0.03710024216112439 -0.05734239099070812 0.036997707715756764 -0.057231925897978667 -0.032566558890996758 -0.018930688414303131 -0.028065578164651356 0 0.0031128395717096372 -1.5550090082534705e-05 -0.0043203348920113618 0.041303257833458451 -0.018595214294092832 0.0056644240001554221 0 0.071942999657004278 0.045857073191305928 0.061820443554801985 -0.017448141308357423 -0.020519647642479429 0.023691581101863434 -0.014525599562216988 0.036416972931813556 -0.037908871058953506 0.05294101658870886 -0.052714051921445071 0.061713064114766708
leaf_weight=4.272095821797846 5.5282690702006212 11.788420638069516 16.424280740087855 6.3611980127170673 54.108719060197473 14.062100529670714 3.4989628978073588 64.20701317070052 11.497794149443505 9.3820871552452463 25.817137710750103 8.2583170682191831 11.934998687356709 1.8394802794791747 3.6873410255648196 2.0036963382735848 8.6568138720467669 4.5505928713828316 10.53742095269263 12.479196152649818 20.263876868411899 7.8829849641770116 2.3902934174984685 2.3307054564356804 3.2745509315282106 5.9203965049237013
leaf_count=110 434 215 3174 51 1016 107 70 898 117 84 230 58 123 88 64 77 82 31 93 91 123 57 42 91 366 113
internal_value=-0.000151637 -0.00624095 -0.0123528 0.015631 -0.00667997 0.008664 -0.00438848 -0.00690591 0.0242362 0.00499582 0.0110756 0.0213079 0.0302331 -0.0436094 0.0360199 -0.0111293 0.0356865 0.0213813 -0.00850269 0.00312976 -0.00127271 0.0138539 0.0378311 0.00538155 -0.0349115 0.0521319
internal_weight=332.959 197.427 154.572 42.8548 131.03 135.532 125.502 118.316 36.4936 120.618 83.5394 46.0105 37.7521 23.542 7.1863 7.11773 24.9958 16.339 37.0787 23.0166 37.5289 17.2651 14.9135 4.721 5.11403 10.1925
internal_count=8005 6683 6187 496 2482 1322 2048 1914 445 966 675 411 353 3705 134 531 328 246 291 184 264 141 356 133 454 223
is_linear=0
shrinkage=0.0540709


Tree=77
num_leaves=27
num_cat=0
split_feature=16 7 22 66 42 106 20 9 82 53 82 72 20 61 52 106 95 96 95 95 53 16 17 60 85 36
split_gain=5.49871 9.40225 13.783 5.1586 4.92162 4.70832 7.43417 5.59776 4.96119 4.70608 4.44385 3.04955 5.74446 2.96288 11.0958 4.28914 3.6187 2.84666 1.30049 1.22031 1.20804 1.00461 0.767483 0.515717 0.104256 0.0110016
threshold=40.500000000000007 1.0000000180025095e-35 1.0000000180025095e-35 7.5000000000000009 1.5195000000000001 0.10833333333333335 22.500000000000004 1.0000000180025095e-35 77.500000000000014 0.027733450807576002 26.500000000000004 0.089987146529562953 3.5000000000000004 0.86496402639900405 0.83279334782620873 2.416666666666667 2278.0000000000005 231.19094188403827 2431.5000000000005 498.50000000000006 0.036676682924940952 29.500000000000004 11.500000000000002 238.50000000000003 -1571.2987499999451 1.0000000180025095e-35
decision_type=2 2 2 2 2 2 2 2 2 2 2 2 2 2 2 2 2 2 2 2 2 2 2 2 2 2
left_child=3 2 13 11 -5 7 9 -6 -8 -7 20 12 21 15 -15 18 -16 -9 -2 -14 22 -1 -4 -3 -25 -23
right_child=1 23 10 4 5 6 8 17 -10 -11 -12 -13 19 14 16 -17 -18 -19 -20 -21 -22 25 -24 24 -26 -27
leaf_value=0.019765939415398909 -0.045379821242031299 -0.086368208555803003 0.042737300280210708 -0.048427727402498844 0.041860124606450853 0.04302021990359263 -0.0069453386118751596 -0.010095444766341903 0.054506678445054121 -8.8783451437487632e-05 -0.0175326100766088 0.084694908562642793 0 0.18058712286388176 -0.05593004508458526 0.07780612885700175 0.069802814462080309 -0.057044595698182272 -0.15484460210401835 -0.051474718885157547 0.059365155127886961 0.073865136506979762 0.002605672625114431 -0.037166754965498462 -0.064142793122583128 0.047850571691021755
leaf_weight=3.1480244453996438 17.686856816289957 3.3897714349441213 3.4220312573015708 5.7561373603530219 3.1100079156458404 7.6596879232674828 5.1020892821252373 7.286643767263743 13.388400943018494 210.29495439166203 4.2882593572139731 2.771769266575574 2.7047102781943968 0.86151112383231421 3.5410779882222414 0.78157089091837306 0.77754738740622986 8.9615283918101323 0.38287721388041873 2.4171258970163763 7.7356673097237945 2.8189976764842868 3.0636412743479013 2.8442584259901196 3.0790077031124383 2.795993166975677
leaf_count=104 3173 27 51 70 16 119 89 197 148 2364 24 52 69 41 456 8 17 309 24 113 163 58 101 66 65 81
internal_value=-0.000148467 -0.0163349 -0.00537116 0.0028419 0.000954631 0.00209514 0.00422072 -0.023483 0.0371517 0.00139272 0.029487 0.03203 0.020973 -0.0325275 0.00235847 -0.042505 -0.0315581 -0.0364488 -0.0481266 -0.023553 0.0441853 0.0478403 0.0249268 -0.0656095 -0.0524551 0.0622505
internal_weight=330.07 51.8541 42.541 278.216 261.559 255.803 236.445 19.3582 18.4905 217.955 18.5096 16.6566 13.8849 24.0314 5.18014 18.8513 4.31863 16.2482 18.0697 5.12184 14.2213 8.76302 6.48567 9.31304 5.92327 5.61499
internal_count=8005 4216 4058 3789 3312 3242 2720 522 237 2483 339 477 425 3719 514 3205 473 506 3197 182 315 243 152 158 131 139
is_linear=0
shrinkage=0.0540709


Tree=78
num_leaves=30
num_cat=0
split_feature=99 8 7 24 48 98 59 108 76 58 106 24 88 91 101 91 69 92 83 85 98 98 43 17 20 97 91 20 94
split_gain=5.49877 3.68712 3.38771 5.18089 4.05065 3.71357 4.10715 5.97624 3.5843 4.91205 2.7201 3.79051 3.85463 2.9734 2.51431 4.32318 3.85846 2.84553 7.45209 4.22945 5.55775 5.48405 1.94503 1.86372 1.81373 1.54549 1.1146 0.87748 0.834237
threshold=1.0000000180025095e-35 99.500000000000014 11.897227048854207 298.50000000000006 25.500000000000004 0.9989394006637593 908.50000000000011 -0.15286593436896781 33.500000000000007 618.50000000000011 1.5166666666666668 149.50000000000003 0.48333333333333339 12.500000000000002 4.416666666666667 7.5000000000000009 22.500000000000004 22.500000000000004 366.50000000000006 -1322.3359999999809 0.7597289048767194 1.1043112252282909 567.50000000000011 24.500000000000004 14.500000000000002 8.5980769230769258 12.500000000000002 2.5000000000000004 5.5000000000000009
decision_type=2 2 2 2 2 2 2 2 2 2 2 2 2 2 2 2 2 2 2 2 2 2 2 2 2 2 2 2 2
left_child=2 23 4 -4 10 8 7 -7 22 -10 11 -1 -13 -12 15 16 27 18 26 20 -19 -21 -6 -2 -5 28 -16 -3 -25
right_child=1 14 3 24 5 6 -8 -9 9 -11 13 12 -14 -15 17 -17 -18 19 -20 21 -22 -23 -24 25 -26 -27 -28 -29 -30
leaf_value=-0.022340179286062883 -0.054649189076064378 0.052271823940534007 0.007284701613669905 -0.018181797872151743 0 -0.03052736528395544 -0.042475523083143854 0.020078141562739016 -0.018984707501535615 0.0084847834073754833 0.058942176931156928 0.0099289159776918164 0.056764668081401744 0.0077349458962480567 -0.055321477701520606 0.053909265023510539 -0.060694148593403607 0.031488085193585445 0.11073833357319809 -0.042751539073353731 -0.023143897194850879 0.026323160155626642 0.05338025250556875 0 -0.065640787696740172 0.050748191811661729 0.0061716603097651326 0 -0.051734941527166609
leaf_weight=7.9191734567284575 8.3899824905674887 1.6364087108522638 12.309296548366548 5.0143301812931877 2.6267179707065207 12.28154687024653 10.352433623746036 15.276582645252347 23.365319106727839 100.74211233668029 8.6213123844936472 28.563763852231205 6.4504918605089179 5.9799200221896163 1.6378244347870343 4.9034017222002149 2.8346176922786981 9.6106667527928931 1.897885712329298 21.257777384715162 12.541693725623189 3.850619767792522 6.7623050482943654 1.6335747980047011 5.5786274704150856 0.91718904953449953 1.4222124188672749 1.8744395235553382 1.8434966458007691
leaf_count=68 2230 21 100 64 52 108 67 97 145 581 198 408 42 90 77 70 181 396 32 1303 715 188 190 62 79 83 63 125 170
internal_value=-0.000146514 -0.0128894 0.00368242 -0.0160603 0.00568981 0.00147581 -0.0134002 -0.00220714 0.00575583 0.00325339 0.0181151 0.0110153 0.0187713 0.0384807 -0.00740866 0.0154857 -0.0130497 -0.0124825 0.0259013 -0.0166666 0.000224996 -0.0318625 0.0380386 -0.0395145 -0.0438813 -0.00892393 -0.0243435 0.0233276 -0.0268106
internal_weight=328.096 76.2518 251.844 22.9023 228.942 171.407 37.9106 27.5581 133.496 124.107 57.5347 42.9334 35.0143 14.6012 63.4675 11.2489 6.34547 52.2187 4.95792 47.2608 22.1524 25.1084 9.38902 12.7842 10.593 4.39426 3.06004 3.51085 3.47707
internal_count=8005 5716 2289 243 2046 1240 272 205 968 726 806 518 450 288 3171 397 327 2774 172 2602 1111 1491 242 2545 143 315 140 146 232
is_linear=0
shrinkage=0.0540709


Tree=79
num_leaves=27
num_cat=0
split_feature=99 8 103 82 32 67 87 92 92 85 69 105 82 55 17 49 49 95 69 76 62 97 47 17 97 97
split_gain=5.0067 3.49227 3.16002 5.97965 3.86996 3.77463 3.60395 7.73508 5.18207 5.86416 5.73158 4.81823 3.46896 3.44449 2.83712 2.5735 3.46921 6.62748 3.10634 4.32488 2.33494 2.31277 2.29476 1.85001 1.46213 0.610733
threshold=1.0000000180025095e-35 99.500000000000014 -43.390499999999996 60.500000000000007 149.50000000000003 15.016666666666667 -72.545749999999984 29.500000000000004 25.500000000000004 20420.578000000012 25.500000000000004 0.86666343583185135 42.500000000000007 40.500000000000007 30.500000000000004 162.50000000000003 108.50000000000001 543.50000000000011 133.50000000000003 195.50000000000003 27.500000000000004 4.9722222222222232 321.50000000000006 24.500000000000004 8.9491666666666685 1.0000000180025095e-35
decision_type=2 2 2 2 2 2 2 2 2 2 2 2 2 2 2 2 2 2 2 2 2 2 2 2 2 2
left_child=2 23 3 12 6 -6 7 11 9 -8 -10 -4 13 14 -1 16 18 -18 19 -3 -5 -19 -20 -2 25 -25
right_child=1 15 4 20 5 -7 8 -9 10 -11 -12 -13 -14 -15 -16 -17 17 21 22 -21 -22 -23 -24 24 -26 -27
leaf_value=0.0087470193537712987 -0.054574075483542289 -0.013369632473085213 -0.029755566234459904 -0.017374832551024552 0.0039512977088767233 -0.040603606409089214 0.022306142092707849 0.0303133945759291 0.018739399578627979 -0.01930398412873871 -0.027375255385845933 0.0055678707681628857 0.074110518768480474 -0.010984879120713602 0.054244233801775323 -0.057468936949447942 0.12026309533468632 0.047193159011071725 0.014380571529021764 0.022978255685954806 0.01480122357342978 -0.051674574957106756 -0.05308309337882295 -0.00070884397366975562 0.048898266014052588 -0.051082551233301771
leaf_weight=7.3833417119458415 7.9590240591205639 33.45991377835162 31.815458380617201 15.161524480208756 9.4896691534668225 12.532464620657263 68.193267583381385 12.457624200731514 12.812751766294239 11.392625864595173 20.031696160323918 17.008546299301088 4.931832203641533 6.0945673976093522 10.063282605260609 2.8549142316915086 1.8335437944624562 1.1189429708756509 1.681524854619054 13.338270794367416 11.516401398926972 1.694744498003274 6.7478286232799292 1.8320156706031414 0.93021950102411199 1.5847483959514646
leaf_count=94 2230 1859 205 83 77 99 784 89 193 68 119 124 27 58 200 146 32 33 62 549 69 133 357 95 81 139
internal_value=-0.000141621 -0.0124174 0.00350048 0.0149347 0.000240825 -0.0210701 0.00298527 -0.00749883 0.00876555 0.0162565 -0.00916067 -0.0172991 0.032192 0.0230902 0.0354171 -0.00710558 -0.00457875 0.040003 -0.00846542 -0.00285136 -0.00320788 -0.00972606 -0.0387483 -0.0388878 -0.00845492 -0.0262524
internal_weight=325.921 75.0357 250.885 55.1509 195.734 22.0221 173.712 61.2816 112.43 79.5859 32.8444 48.824 28.473 23.5412 17.4466 62.7297 59.8748 4.64723 55.2275 46.7982 26.6779 2.81369 8.42935 12.306 4.34698 3.41676
internal_count=8005 5716 2289 531 1758 176 1582 418 1164 852 312 329 379 352 294 3171 3025 198 2827 2408 152 166 419 2545 315 234
is_linear=0
shrinkage=0.0540709


Tree=80
num_leaves=19
num_cat=0
split_feature=92 29 27 2 32 8 24 95 103 96 84 40 104 95 31 104 72 76
split_gain=4.81122 4.77144 7.47939 9.266 5.22533 4.21049 4.11339 4.62307 3.40871 3.21367 3.20391 2.71952 2.57142 2.13603 1.97696 1.40739 1.04594 0.292482
threshold=47.500000000000007 1.0000000180025095e-35 1.0000000180025095e-35 3.5000000000000004 198.50000000000003 99.500000000000014 189.00000000000003 91.500000000000014 170.54600000000002 303.64636863583371 0.93271386685063817 3817.6329954011298 -0.68325205393830146 1660.5000000000002 1.0000000180025095e-35 -0.99887290646989524 0.37458565349145057 58.500000000000007
decision_type=2 2 2 2 2 2 2 2 2 2 2 2 2 2 2 2 2 2
left_child=1 6 3 5 9 15 7 -1 -7 14 12 -2 -9 17 -4 -3 -5 -8
right_child=11 2 4 16 -6 8 13 10 -10 -11 -12 -13 -14 -15 -16 -17 -18 -19
leaf_value=-0.036648948287474822 -0.0043672645229225664 0.031864081513311035 0.013759016423869626 -0.063387566179848531 -0.02986142193426207 -0.0066063665865323546 0.042345822147526087 0.036511773648228621 0.028025854668587629 -0.012771301832107076 0.041916812998546507 -0.080158197578474047 0.0034480005432135055 0.0073468344802610835 0.043636821252854507 -0.05320866154910852 0 0.074330738033996188
leaf_weight=7.0015276651829472 2.7074870872311285 0.50643067248165596 11.992593831382694 10.042276129592207 6.0732687953859559 120.147209525574 3.3745270650833827 7.4927738923579446 8.8646578327752632 5.5061909444630137 7.8654201598837963 3.3893028409220278 96.780327844433486 3.9995697410777211 16.783775730989873 6.8619364064652464 0.94219932542182583 3.4018637761473656
leaf_count=64 75 45 202 767 51 2926 111 152 135 58 72 85 823 57 176 2115 69 22
internal_value=-0.0001369 0.000753588 -0.00473403 -0.0104124 0.0158174 -0.00650291 0.00873969 0.00577341 -0.004169 0.0241266 0.00848868 -0.0477261 0.00589546 0.0408416 0.031444 -0.0463511 -0.0582672 0.0595118
internal_weight=323.733 317.637 187.721 147.365 40.3558 136.38 129.916 119.14 129.012 34.2826 112.139 6.09679 104.273 10.776 28.7764 7.36837 10.9845 6.77639
internal_count=8005 7845 6544 6057 487 5221 1301 1111 3061 436 1047 160 975 190 378 2160 836 133
is_linear=0
shrinkage=0.0540709


Tree=81
num_leaves=17
num_cat=0
split_feature=17 20 92 16 7 4 63 98 92 42 105 20 42 60 91 30
split_gain=4.48495 6.3815 4.20411 3.86244 8.8789 10.3474 4.96686 4.60607 4.26947 4.01219 4.0229 2.62117 0.694593 0.48381 0.46577 0.406873
threshold=1.0000000180025095e-35 17.500000000000004 47.500000000000007 40.500000000000007 1.0000000180025095e-35 0.22500000000000003 1120.7865000000002 0.94166841613596575 27.500000000000004 1.5195000000000001 1.1851360581603996 3.5000000000000004 1255.7145000000003 195.50000000000003 10.500000000000002 1.5000000000000002
decision_type=2 2 2 2 2 2 2 2 2 2 2 2 2 2 2 2
left_child=1 -1 3 6 5 8 11 -7 -5 -8 -11 14 15 -6 -2 -3
right_child=2 12 -4 4 13 7 9 -9 -10 10 -12 -13 -14 -15 -16 -17
leaf_value=0.057661454792003963 0.06231121338485282 -0.056467588122784067 -0.045030828863819365 -0.039108481251745757 -0.084324065897724551 0.0504261835338113 -0.044485734063268979 -0.0077756440451616053 0.03082888057105853 0.0014646199280374274 0.026744849597436022 0.0031542026959743502 0 -0.049400571590557087 0.026641960602489693 -0.11559724109119487
leaf_weight=1.6266767960041741 6.4859326998703164 6.3725370434112847 5.6934886614326379 16.541855135234076 3.1693952218629402 10.945910412818195 5.163906109519302 5.9268488157540551 2.8961471447255454 222.98503786511719 20.155405426863581 5.0055146785452953 0.58184271818026889 4.9683805387467146 2.2937144059687853 0.66931945085525502
leaf_count=16 177 800 110 3107 24 256 63 78 191 2586 236 112 49 120 75 5
internal_value=-0.000128401 -0.0372482 0.000947913 0.00182632 -0.0128698 -0.00121997 0.00434697 0.0295454 -0.0283057 0.00256089 0.00359087 0.035977 -0.058479 -0.063929 0.053843 -0.063171
internal_weight=321.482 9.25038 312.232 306.538 44.4485 36.3108 262.09 16.8728 19.438 248.304 243.14 13.7852 7.6237 8.13778 8.77965 7.04186
internal_count=8005 870 7135 7025 3776 3632 3249 334 3298 2885 2822 364 854 144 252 805
is_linear=0
shrinkage=0.0540709


Tree=82
num_leaves=18
num_cat=0
split_feature=17 98 75 75 9 37 82 13 87 85 16 105 52 118 59 73 30
split_gain=4.19327 3.99835 4.51807 7.04723 5.99192 4.18556 5.09885 3.7787 3.68413 4.62416 3.8445 3.33671 2.65929 1.76575 0.672597 0.56319 0.401558
threshold=1.0000000180025095e-35 1.4438057529829535 1975.2675378787881 1453.0487000000001 149.50000000000003 46.500000000000007 7.5000000000000009 12.500000000000002 -37621.614999999998 -92583.006999999969 40.500000000000007 1.1496499331923513 0.59515625000000016 1.0000000180025095e-35 3705.5000000000005 2.5000000000000004 1.5000000000000002
decision_type=2 2 2 2 2 2 2 2 2 2 2 2 2 2 2 2 2
left_child=7 2 3 5 12 6 -2 13 -4 -10 -11 -3 -5 -1 16 -7 -15
right_child=1 11 8 4 -6 15 -8 -9 9 10 -12 -13 -14 14 -16 -17 -18
leaf_value=0.014559038197595211 0.0058106452720232552 -0.068829270040918517 0.04845433974641257 -0.010607754630929946 0.099966161625573549 0.056236936019886337 -0.050837640626430508 0.0820406304603504 -0.04503940725930243 0.00085205729570800445 -0.02427482729501549 0.001591953578775932 0.047939021612483979 -0.054879576387016307 0 0.017231971740480974 -0.11495390114770443
leaf_weight=0.98791648261248699 50.356262753950432 4.3465390289202324 4.1531811330933115 3.7985172935295832 4.5381874078884712 4.7872475867625317 5.1124320444650939 0.67545088590122837 7.3585657610092303 196.17193394294009 19.537741258274764 3.2282784576527774 5.0653312802314758 6.0203956121113151 0.5566581084858625 2.217423880007118 0.63755511492490757
leaf_count=11 2277 98 41 93 38 151 119 14 99 2144 1796 77 149 809 31 53 5
internal_value=-0.000122905 0.000901071 0.00189415 0.0133303 0.0489769 0.00556349 0.000454462 -0.0367792 -0.00189225 -0.00286322 -0.00138975 -0.0378494 0.0220192 -0.0474836 -0.0570053 0.0449534 -0.0617776
internal_weight=319.55 310.672 303.097 75.8754 13.402 62.4734 55.4687 8.87798 227.221 223.068 215.71 7.57482 8.86385 8.20253 7.21461 7.00467 6.65795
internal_count=8005 7135 6960 2880 280 2600 2396 870 4080 4039 3940 175 242 856 845 204 814
is_linear=0
shrinkage=0.0540709


Tree=83
num_leaves=29
num_cat=0
split_feature=107 5 80 58 75 8 77 48 50 106 7 59 61 77 72 5 60 43 43 17 115 54 72 44 72 72 17 29
split_gain=3.99784 5.54349 5.29329 4.60865 8.61767 7.34274 6.60617 7.26351 4.43986 4.18978 4.00968 3.92727 7.40829 3.85402 3.35597 3.33561 3.42435 3.32582 3.2942 5.033 2.8966 2.37744 2.16585 2.11096 2.05749 1.96948 1.94391 0.160063
threshold=1.0000000180025095e-35 661.50000000000011 22940.569000000003 161.50000000000003 1975.2675378787881 149.50000000000003 148.50000000000003 13.500000000000002 41.500000000000007 1.7500000000000002 1.0000000180025095e-35 70.500000000000014 0.67587381012018055 49.500000000000007 0.18769011292406718 149.50000000000003 638.50000000000011 2097.0000000000005 329.50000000000006 31.500000000000004 319.49608135095434 28.500000000000004 0.076708437110834318 19.638181818181824 0.16163552032708478 0.40148853674479973 25.500000000000004 99.500000000000014
decision_type=2 2 2 2 2 2 2 2 2 2 2 2 2 2 2 2 2 2 2 2 2 2 2 2 2 2 2 2
left_child=1 2 10 11 5 18 13 -8 -4 -9 15 12 25 23 22 16 -1 -10 -5 -20 -15 -14 -13 -6 -17 26 -2 -27
right_child=3 -3 8 4 6 -7 7 9 17 -11 -12 14 21 20 -16 24 -18 -19 19 -21 -22 -23 -24 -25 -26 27 -28 -29
leaf_value=-0.0022657339742684825 -0.038705937359925439 -0.044004393328216582 -0.032870558784594973 0.078823619194317809 -0.019719046525323056 0.067863489596505289 0.073306108259381927 -0.0012712812526842327 0.02514555065328869 -0.050329398884167979 -0.015125755380218837 -0.048451766711852209 0.017289220383415484 -0.048340244878804839 -0.010008132663104815 0.02271952867311304 0.030059499887526115 -0.008633536656546965 -0.046566592386814376 0.04428878439813231 0.013522018368906312 0.11672883218101467 -0.13153878144855674 0.062801316526308382 0.050519298297383497 -0.10797160901476377 0.0073488821852232024 -0.048706148417292726
leaf_weight=23.726416361518204 7.1485241446644121 5.96482358733192 12.52278913091868 1.2863735321443526 1.7293271357193618 8.9328839834779501 3.6936369452159843 105.34678160981275 13.964931859634815 5.3709831647574893 9.635884778108446 2.2793466851580879 1.9989268053323024 18.558551295427609 2.6182858450338244 21.953200982883573 15.655378314666448 21.470550587400794 5.1159639288671315 2.6708074267953634 2.3077713088132432 1.3028642663266508 2.1674686635378748 1.7158249029889701 13.675407087430356 0.99684324814006575 3.9033893889281899 0.92231066711246967
leaf_count=321 1319 71 89 79 81 106 102 2779 87 29 112 120 104 632 111 445 164 125 291 52 83 59 103 54 170 70 182 65
internal_value=-0.000113653 0.00676673 0.00910694 -0.00544947 -0.0020603 0.0330612 -0.00667274 -0.00116621 -0.00512667 -0.00371882 0.0172586 -0.0278909 -0.0126969 -0.0322804 -0.0618264 0.0215175 0.0103977 0.00447077 -0.000396778 -0.0144512 -0.0411435 0.0588154 -0.0906558 0.019249 0.0335998 -0.0314769 -0.0217731 -0.0834239
internal_weight=318.636 138.569 132.605 180.067 156.729 18.006 138.723 114.411 47.9583 110.718 84.6463 23.338 16.2729 24.3115 7.0651 75.0104 39.3818 35.4355 9.07314 7.78677 20.8663 3.30179 4.44682 3.44515 35.6286 12.9711 11.0519 1.91915
internal_count=8005 1584 1513 6421 4288 528 3760 2910 301 2808 1212 2133 1799 850 334 1100 485 212 422 343 715 163 223 135 615 1636 1501 135
is_linear=0
shrinkage=0.0540709


Tree=84
num_leaves=22
num_cat=0
split_feature=92 16 7 4 68 95 20 98 42 42 109 67 92 93 87 91 20 109 38 91 86
split_gain=3.94679 3.90464 7.70521 9.65463 4.43421 4.10978 3.96641 3.65191 3.4426 13.3899 7.02647 6.51694 3.54648 3.224 2.57929 2.15534 1.85063 1.35187 0.859953 0.463826 0.459394
threshold=47.500000000000007 40.500000000000007 1.0000000180025095e-35 0.22500000000000003 4.5000000000000009 1506.5000000000002 3.5000000000000004 0.94166841613596575 217.74300000000002 239.02300000000002 0.21096497621770072 32.836021505376351 18.500000000000004 1.0000000180025095e-35 678.14274999999986 12.500000000000002 15.500000000000002 5.0652493157051524 1.0000000180025095e-35 12.500000000000002 -1034.2000310000019
decision_type=2 2 2 2 2 2 2 2 2 2 2 2 2 2 2 2 2 2 2 2 2
left_child=1 4 3 5 6 17 19 18 10 11 -6 -10 -11 -12 -7 -2 -8 -3 -5 -1 -4
right_child=15 2 20 7 8 14 16 -9 9 12 13 -13 -14 -15 -16 -17 -18 -19 -20 -21 -22
leaf_value=0.061326080450155904 -0.070391307991268137 -0.050564182233014662 -0.038890018597422318 0.025551367580950272 -0.058099492528481379 0.024784271149889878 -0.030920594027515531 -0.0062835824653827543 0.069491636309679639 0.039887632504194977 -0.012196119846631385 0 -0.00256251110116431 0.0053375932507979621 -0.05056741964401229 -0.00078784415871882606 0.029419658973401028 0.028635111255927981 0.060026205151484123 0.025852028690411245 -0.073427617975339532
leaf_weight=7.071224997751413 3.5682599530555299 12.535296609974466 2.9858046066947281 4.8114570323377865 6.7641916081774971 5.0538306029047808 3.1954997256398192 5.9476719517260781 13.710697766393425 6.1422486919909707 50.301850637886673 5.3891643378883591 90.335962058277801 78.039797433651984 1.7770564318634567 2.3915702833328396 2.7396556292660534 0.54045417532324869 6.0439125234261155 2.2478894256055355 5.1515981839038414
leaf_count=196 81 3031 60 133 105 327 74 80 209 48 658 64 1137 972 257 79 112 83 128 75 96
internal_value=-0.000113407 0.000699166 -0.0140285 -0.00326205 0.00321069 -0.0289158 0.0315364 0.02669 0.00145731 0.00833014 -0.00436747 0.0496913 6.4289e-05 -0.00147702 0.00408999 -0.0437109 -0.0018222 -0.0467213 0.0454347 0.0535702 -0.0616768
internal_weight=316.745 310.785 44.8471 36.7097 265.938 19.9066 15.2543 16.803 250.684 115.578 135.106 19.0999 96.4782 128.342 6.83089 5.95983 5.93516 13.0758 10.8554 9.31911 8.1374
internal_count=8005 7845 4195 4039 3650 3698 457 341 3193 1458 1735 273 1185 1630 584 160 186 3114 261 271 156
is_linear=0
shrinkage=0.0540709


Tree=85
num_leaves=20
num_cat=0
split_feature=106 20 20 42 82 107 65 24 41 77 80 67 7 87 91 83 16 57 30
split_gain=3.77817 5.66773 3.5955 7.98493 5.63029 3.98757 5.49184 4.81801 4.76805 4.78803 4.5829 4.40526 4.03021 4.02818 4.19834 3.85194 2.85071 0.698343 0.355235
threshold=1.0000000180025095e-35 17.500000000000004 26.500000000000004 199.54000000000005 77.500000000000014 1.0000000180025095e-35 5900.6150507324337 1.0000000180025095e-35 27180.028000000002 548.50000000000011 22940.569000000003 52.123737373737384 1.0000000180025095e-35 9375.5057500000021 12.500000000000002 530.50000000000011 38.500000000000007 19599.534472624804 1.5000000000000002
decision_type=2 2 2 2 2 2 2 2 2 2 2 2 2 2 2 2 2 2 2
left_child=1 -1 5 4 -4 10 7 -7 9 -8 12 -10 16 14 -12 -9 -2 18 -3
right_child=2 17 3 -5 -6 6 8 15 11 -11 13 -13 -14 -15 -16 -17 -18 -19 -20
leaf_value=0.053730629683855106 0.011154184694111632 -0.055947382144772309 0.020445335689172263 -0.019353829856351128 0.12235806366424694 0.068349130435359215 0.015295627317738227 -0.012910434999952314 -0.010548484595473716 0.09725949074294124 -0.037064957215260617 0.028461898290360048 -0.017487097691214114 0.012724818902517273 0.0033695815950162862 -0.082239324689435941 0.034220613091418842 0 -0.11657916286398246
leaf_weight=1.5865794122219066 50.374303755350411 5.7073113014921546 3.622320138383655 5.2015023557469249 3.1401888034306467 2.0582749396562567 6.9629002711735648 105.19081882189494 30.416096998145804 3.1605475938413292 16.649596207775179 11.719552720664067 10.051613057497887 19.008462060708553 13.107940278947352 2.4410712339449665 23.840303031727672 0.52612281311303366 0.58817151933908451
leaf_count=16 657 817 102 105 46 21 222 4088 679 50 114 248 119 129 78 34 443 32 5
internal_value=-0.000110228 -0.035885 0.000845921 0.0299081 0.0688855 -0.000307953 -0.00602965 -0.0129288 0.00830991 0.0416301 0.00660189 0.000127311 0.014264 -0.00648645 -0.0190066 -0.0145531 0.0186643 -0.0578216 -0.0628239
internal_weight=315.354 8.40819 306.945 11.964 6.76251 294.981 161.949 109.69 52.2591 10.1234 133.032 42.1356 84.2662 48.766 29.7575 107.632 74.2146 6.82161 6.29548
internal_count=8005 870 7135 253 148 6882 5342 4143 1199 272 1540 927 1219 321 192 4122 1100 854 822
is_linear=0
shrinkage=0.0540709


Tree=86
num_leaves=14
num_cat=0
split_feature=13 17 2 99 86 91 7 26 103 42 92 30 20
split_gain=3.72113 5.44051 4.79348 3.91618 3.42992 4.16288 3.21889 4.5687 2.79674 1.83944 1.71268 0.709175 0.628346
threshold=33.525000000000006 1.0000000180025095e-35 4.5000000000000009 1.0000000180025095e-35 -5047.2778904999968 3.5000000000000004 15.250000000000004 1.5000000000000002 1.0864999999999998 1098.6200000000001 35.500000000000007 1.5000000000000002 27.500000000000004
decision_type=2 2 2 2 2 2 2 2 2 2 2 2 2
left_child=1 9 3 6 10 -6 7 -3 -8 11 -5 12 -1
right_child=-2 2 -4 4 5 -7 8 -9 -10 -11 -12 -13 -14
leaf_value=0 0.034520927572303621 0.00314365159749276 -0.064108199914717279 -0.048321266069912432 -0.028224636539209719 0.0049708426672303426 -0.038624416700125397 0.029605225556404262 0.004722392371936745 0.016089042142374693 0.010254708526890399 -0.11249804739039136 -0.055807819000065255
leaf_weight=0.81965104630216856 8.8046458172611874 194.37883875798434 3.3675103229470542 9.1430776806082559 16.017305644811131 34.823938371613622 9.2950855894014257 21.299819475971162 7.6725520985200992 0.99422765872441221 1.4986378452740599 0.81023164093494404 4.8277098588878289
leaf_count=34 70 1775 77 840 2637 1297 84 206 68 61 91 6 759
internal_value=-0.000103314 -0.00112748 0 0.000750349 -0.0113549 -0.00534263 0.00398133 0.00579146 -0.0185899 -0.0467539 -0.0393774 -0.0575757 -0.0483475
internal_weight=313.753 304.949 297.497 294.129 61.483 50.8412 232.646 215.679 16.9676 7.45182 10.6417 6.45759 5.64736
internal_count=8005 7935 7075 6998 4865 3934 2133 1981 152 860 931 799 793
is_linear=0
shrinkage=0.0540709


Tree=87
num_leaves=24
num_cat=0
split_feature=17 27 2 7 43 66 70 103 98 67 84 24 54 53 87 109 61 24 85 105 103 72 92
split_gain=3.69276 5.32337 6.03602 5.85013 4.84663 10.228 7.76617 5.45278 4.97096 4.28125 4.18311 4.21038 4.14739 5.07054 3.28921 4.7532 4.19999 3.14503 3.02041 4.87642 2.87633 4.20318 1.97548
threshold=31.500000000000004 1.0000000180025095e-35 3.5000000000000004 56.700098766926715 1302.5000000000002 475.50000000000006 362.50000000000006 102.33599999999997 0.45140164452507175 22.018518518518523 0.93271386685063817 149.50000000000003 1.0000000180025095e-35 0.20311049942391671 -357.78824999999773 1.7958515832765956 0.66311276640321681 297.50000000000006 4861.0427500000233 0.85457921506442014 -22.855 0.063501397814835006 25.500000000000004
decision_type=2 2 2 2 2 2 2 2 2 2 2 2 2 2 2 2 2 2 2 2 2 2 2
left_child=1 2 4 -4 7 6 -6 9 -7 -1 11 14 -3 17 18 16 -16 -14 19 -2 -13 -22 -19
right_child=10 12 3 -5 5 8 -8 -9 -10 -11 -12 20 13 -15 15 -17 -18 22 -20 -21 21 -23 -24
leaf_value=-0.01256593341844065 -0.045588640131216294 -0.014897143881217236 -0.063516445830122767 0.052437288395442011 -0.032243347300697701 0.059711644426980071 0.06994580924059797 0.044622276715779424 -0.0091385076465841115 -0.047099536359452528 0.046702682562247085 0.052013065487079201 0.042852316294638849 0.062470545871563664 -0.0016023811630397277 -0.038096046303335941 0.031957097345398193 -0.019343786245914204 0.010924745832310703 0.0032103038021115446 0.055857080032728552 -0.0078859161490300294 0.022069325684321829
leaf_weight=62.194724220316857 13.569907344877722 10.573370666243134 9.4511865942040441 1.3978985771536816 2.6591773119289419 3.2230694482568643 10.098690715152769 4.1441926517290986 55.9038731448818 12.959896503598427 7.5551378764212123 7.9607200231403139 6.0228878958150807 7.5767346723005167 22.143722986802459 5.6409559287130824 20.747320086695254 8.9318345794454199 9.8183134542778117 10.235612006857989 4.2462888341397038 10.036624763160942 5.3230085968971244
leaf_count=3229 88 79 877 9 68 69 243 88 1285 420 75 103 130 109 296 43 233 118 67 82 152 78 64
internal_value=-0.000100504 -0.004517 -0.00883568 -0.0478872 -0.00598377 0.00410363 0.048065 -0.0152211 -0.00525836 -0.0186205 0.00774138 0.00485014 0.0135 0.0245451 -0.000712799 0.00819719 0.0144595 0.0100047 -0.0137928 -0.0242978 0.0257269 0.010553 -0.00335997
internal_weight=312.415 200.461 162.033 10.8491 151.184 71.8848 12.7579 79.2988 59.1269 75.1546 111.955 104.399 38.4278 27.8545 82.1558 48.532 42.891 20.2777 33.6238 23.8055 22.2436 14.2829 14.2548
internal_count=8005 6788 6288 886 5402 1665 311 3737 1354 3649 1217 1142 500 421 809 572 529 312 237 170 333 230 182
is_linear=0
shrinkage=0.0540709


Tree=88
num_leaves=23
num_cat=0
split_feature=92 16 7 4 63 92 98 106 20 51 9 53 35 20 97 97 53 92 54 91 91 72
split_gain=3.55492 3.51125 6.46616 7.38797 4.09773 3.81898 3.57325 3.15322 6.44883 4.29585 4.2682 3.51643 2.77627 2.64576 2.33693 2.1038 2.10221 2.01383 0.886851 0.660805 0.496197 0.293304
threshold=47.500000000000007 40.500000000000007 1.0000000180025095e-35 0.22500000000000003 1120.7865000000002 27.500000000000004 0.94166841613596575 0.10833333333333335 22.500000000000004 3191.5000000000005 1.0000000180025095e-35 0.027733450807576002 109.50000000000001 3.5000000000000004 5.5235449735449746 5.0535136164540102 0.097805189001375456 52.500000000000007 87.000000000000014 5.5000000000000009 11.500000000000002 0.11470188994465906
decision_type=2 2 2 2 2 2 2 2 2 2 2 2 2 2 2 2 2 2 2 2 2 2
left_child=1 4 3 5 13 12 18 10 11 -10 -6 -9 -3 20 -12 -7 19 -2 -5 -15 -1 -4
right_child=17 2 21 6 7 15 -8 8 9 -11 14 -13 -14 16 -16 -17 -18 -19 -20 -21 -22 -23
leaf_value=0.0613997293201178 -0.07641510400589209 -0.046924909286445576 -0.073156297648810459 0.05891802672268788 0.035860201549760058 0.093467315362811734 -0.0095147331654385769 0.036653513696960016 0.051669103074785637 -0.0020673944922506853 0.0099031488807844164 -0.00087416271468139701 0.018160811506099387 0 -0.043717076470865111 -0.00012399802359041882 0.04437842436813904 -0.0094627634794106994 0.022584580349061367 -0.049436125454932443 0.023399708076266096 -0.042892389992842131
leaf_weight=5.804303019307552 2.7143726327922186 13.477563029387968 3.8171889216173431 5.4486464736983162 3.0989625528454807 0.96528285485692267 5.6868910361081353 7.5615251827985039 12.595705057960005 6.2491040122695258 2.7113537969999006 205.70786722563207 2.0539121360052368 1.5660270757507535 11.774742794455959 2.0108855268917978 2.1137319880072027 3.1102325324900448 4.4427912812680006 1.6020255873445419 2.0918416436761618 3.7443327468354255
leaf_count=179 79 3211 56 128 15 48 80 119 170 66 36 2378 275 69 436 164 46 81 133 61 75 100
internal_value=-9.25069e-05 0.000684101 -0.0138709 -0.00360324 0.00301825 -0.0268846 0.0235813 0.00143626 0.00313643 0.0334593 -0.0205825 0.000422094 -0.0378407 0.0324283 -0.0331709 0.0277955 0.00134559 -0.0419491 0.0433543 -0.0250453 0.0522778 -0.059164
internal_weight=310.349 304.525 41.6475 34.086 262.877 18.5076 15.5783 249.699 232.114 18.8448 17.5851 213.269 15.5315 13.1779 14.4861 2.97617 5.28178 5.82461 9.89144 3.16805 7.89614 7.56152
internal_count=8005 7845 4195 4039 3650 3698 341 3220 2733 236 487 2497 3486 430 472 212 176 160 261 130 254 156
is_linear=0
shrinkage=0.0540709


Tree=89
num_leaves=12
num_cat=0
split_feature=98 117 17 29 27 28 86 57 42 30 20
split_gain=3.50668 3.97752 4.81642 4.235 6.44568 7.65457 4.37145 3.41763 1.79313 0.624384 0.500027
threshold=1.4438057529829535 0.29166666666666669 1.0000000180025095e-35 298.50000000000006 1.0000000180025095e-35 0.75000000000000011 8792.5639909999991 2552.4115472972981 1098.6200000000001 1.5000000000000002 27.500000000000004
decision_type=2 2 2 2 2 2 2 2 2 2 2
left_child=1 2 8 4 5 -4 -6 -2 9 10 -1
right_child=7 -3 3 -5 6 -7 -8 -9 -10 -11 -12
leaf_value=0 -0.079318137515478157 0.03955372346293385 0.0038915745921265124 -0.054807404601617565 0.035799006698763756 -0.018666442372744462 -0.016323806302365865 -0.0037153082146117694 0.016590658420245673 -0.11154544964221742 -0.055316886370243255
leaf_weight=0.74891785997897287 3.1759692135965443 7.5476917503401628 197.36787007469684 3.9322537714615455 23.862766999751333 56.532629124354571 5.6425714511424294 4.3777415592921898 0.96279332425910968 0.76130010187625874 4.1309494707966223
leaf_count=33 76 59 1740 41 382 4717 30 124 61 6 736
internal_value=-9.06315e-05 0.000797194 -0.000173116 0.000851102 0.00164986 -0.00110212 0.0255801 -0.0364945 -0.0458413 -0.0578087 -0.0478655
internal_weight=309.043 301.49 293.942 287.338 283.406 253.9 29.5053 7.55371 6.60396 5.64117 4.87987
internal_count=8005 7805 7746 6910 6869 6457 412 200 836 775 769
is_linear=0
shrinkage=0.0540709


Tree=90
num_leaves=22
num_cat=0
split_feature=16 7 22 90 98 75 84 43 65 51 82 61 52 48 32 96 91 53 59 24 86
split_gain=3.23664 6.02272 6.77436 3.73811 3.65309 5.06996 5.6251 5.58634 4.28135 5.29901 3.52455 2.98674 8.26349 2.65234 2.2303 1.665 3.28397 1.53166 1.20932 0.998858 0.450463
threshold=40.500000000000007 1.0000000180025095e-35 1.0000000180025095e-35 -0.74999999999999989 1.4438057529829535 2167.4904841269849 0.74955197132616502 957.50000000000011 2486.3800179475779 837.50000000000011 26.500000000000004 0.86496402639900405 0.83279334782620873 10.500000000000002 124.50000000000001 208.5783966690046 12.500000000000002 0.036676682924940952 3.5000000000000004 297.50000000000006 -1129.8050105000123
decision_type=2 2 2 2 2 2 2 2 2 2 2 2 2 2 2 2 2 2 2 2 2
left_child=3 2 11 -1 5 6 7 -5 9 -7 17 15 -13 -10 -14 16 -2 19 -17 -4 -3
right_child=1 20 10 4 -6 8 -8 -9 13 -11 -12 12 14 -15 -16 18 -18 -19 -20 -21 -22
leaf_value=0.039806610395154735 -0.034806331884140673 -0.033848510326780136 0.036201350003569041 0.0026364081067512726 -0.040641914699413001 0.013079532626376443 0.071299299059257248 0.052646564443776696 0.035961412131113542 -0.040579451768281559 -0.020314214902748224 0.15275214397873377 -0.05525908521352204 -0.00028768789357906904 0.035458558758758078 -0.18492417558046284 0.069250122074926257 0.057816448658384881 -0.053659283916088756 -0.010310324906452775 -0.069577510881197721
leaf_weight=7.4606716781854621 6.8424823918612692 2.6140025006607175 2.8990905778482539 40.632612752262503 6.0158370921853921 7.7017789438832578 5.0512704278808078 7.8698480920866123 6.1010880719404659 16.58758092392236 3.8862647451460353 0.9559729415923347 2.4554124800488357 169.19575857371092 1.0658736999612299 0.26692177029326547 0.97845484083518375 5.8967207539826632 5.8157561824191362 2.1756707113236189 4.89060433092527
leaf_count=98 1730 59 97 886 94 128 79 180 88 187 24 41 394 2049 79 39 57 163 1379 55 99
internal_value=-9.13477e-05 -0.0143078 -0.004188 0.00205352 0.00093783 0.0019555 0.0167424 0.0109053 -0.00197528 -0.0232611 0.022695 -0.0263205 0.0108108 0.000932204 -0.0256967 -0.0388089 -0.0208277 0.0386041 -0.0606981 0.014809 -0.0581304
internal_weight=307.36 40.7432 33.2386 266.616 259.156 253.14 53.5537 48.5025 199.586 24.2894 14.8577 18.3809 4.47726 175.297 3.52129 13.9036 7.82094 10.9715 6.08268 5.07476 7.50461
internal_count=8005 4216 4058 3789 3691 3597 1145 1066 2452 315 339 3719 514 2137 473 3205 1787 315 1418 152 158
is_linear=0
shrinkage=0.0540709


Tree=91
num_leaves=21
num_cat=0
split_feature=17 27 2 7 43 66 42 103 98 67 46 49 54 53 98 86 80 80 68 29
split_gain=3.10558 4.31423 5.35298 5.04124 4.34024 8.93572 6.9621 4.94488 4.25227 3.75899 3.37577 4.94535 3.3149 4.84316 2.67933 2.62018 3.69578 3.99025 2.25275 1.60386
threshold=31.500000000000004 1.0000000180025095e-35 3.5000000000000004 56.700098766926715 1302.5000000000002 475.50000000000006 95.14400000000002 79.436000000000007 0.45140164452507175 9.3603896103896123 3822.5000000000005 87.500000000000014 1.0000000180025095e-35 0.20311049942391671 0.92069998593502256 14402.136275999977 29839.117500000004 22662.722000000005 316.50000000000006 198.50000000000003
decision_type=2 2 2 2 2 2 2 2 2 2 2 2 2 2 2 2 2 2 2 2
left_child=1 2 4 -4 7 6 -6 9 -7 -1 11 15 -3 14 19 16 17 -2 -9 -14
right_child=10 12 3 -5 5 8 -8 18 -10 -11 -12 -13 13 -15 -16 -17 -18 -19 -20 -21
leaf_value=0.0003221380104427237 0.012260416803924147 -0.01313202183495669 -0.062801231005884819 0.044560520828296576 -0.029237098790791366 0.054231695484418925 0.06546999828695986 0.066743186403259255 -0.0085264568495722302 -0.026534176257387864 0.042443552078286116 -0.022448504447300528 0.042259533279413668 0.061351399598535215 -0.021047962254188941 -0.016382962076083585 0.043108979865478528 -0.037001379196476815 0 0.0032486435706740174
leaf_weight=21.108373762341216 60.831931033171713 10.251755245961247 8.4880930287763459 1.4209233745932568 2.7930205973098046 3.3248624340631059 10.239216175512409 2.84242283203639 55.270192421157844 50.168925745063461 7.4362243991345158 16.513911356218159 6.2173072127625399 7.0263139866292468 6.0022059017792335 9.684598417952655 10.521960821934043 5.157833667472004 3.5000093809794635 7.0026111099869013
leaf_count=1807 889 79 877 9 85 69 226 64 1285 1783 56 118 170 109 70 60 65 29 83 72
internal_value=-8.83272e-05 -0.00420055 -0.00807388 -0.0466537 -0.00546227 0.00405618 0.0446042 -0.014341 -0.00483735 -0.0184774 0.00714916 0.00452104 0.0124858 0.0227731 0.00828162 0.00977418 0.013182 0.00829697 0.0309701 0.0221583
internal_weight=305.803 195.656 159.156 9.90902 149.247 71.6273 13.0322 77.6197 58.5951 71.2773 110.146 102.71 36.5002 26.2484 19.2221 86.1963 76.5117 65.9898 6.34243 13.2199
internal_count=8005 6788 6288 886 5402 1665 311 3737 1354 3590 1217 1161 500 421 312 1043 983 918 147 242
is_linear=0
shrinkage=0.0540709


Tree=92
num_leaves=26
num_cat=0
split_feature=16 7 4 95 66 41 50 68 106 69 85 75 72 20 87 20 42 103 95 109 16 95 38 86 24
split_gain=3.02706 5.42237 6.04257 3.96362 3.50669 3.87756 3.53513 5.31616 4.93683 4.40756 6.63055 3.63294 2.90765 4.2156 2.51191 2.47492 4.38955 1.91515 1.5425 1.38962 1.18809 1.0851 1.07373 0.408687 0.238867
threshold=40.500000000000007 1.0000000180025095e-35 0.22500000000000003 1506.5000000000002 7.5000000000000009 4407.723500000001 12.500000000000002 375.50000000000006 1.0500000000000003 39.500000000000007 -28068.222749999983 1975.2675378787881 0.089987146529562953 3.5000000000000004 298.84675000000249 12.500000000000002 205.93150000000003 -1.0000000180025095e-35 402.50000000000006 5.0652493157051524 29.500000000000004 498.50000000000006 3688.0460000000003 -961.10892800000408 99.500000000000014
decision_type=2 2 2 2 2 2 2 2 2 2 2 2 2 2 2 2 2 2 2 2 2 2 2 2 2
left_child=4 2 3 19 12 -6 7 8 -7 10 -8 -11 13 20 17 22 -17 -4 -19 24 -1 -15 -5 -3 -2
right_child=1 23 14 15 5 6 9 -9 -10 11 -12 -13 -14 21 -16 16 -18 18 -20 -21 -22 -23 -24 -25 -26
leaf_value=0.0095940527460555685 -0.025033681331028554 -0.033260848539125455 0.058983338969576346 0.028486274967813592 -0.046470665525025733 -0.010464437634968807 0.019782365937610943 0.074029256837119486 0.035992146719663033 0.031681875252599495 -0.028919315487576036 0.00066222877059348513 0.082385342553486077 0 -0.022342608032513672 0.073850567875380829 -0.048693951701725878 0.039500019456153279 -0.011007954794036113 0.033703417924288138 0.060469064647945388 -0.052064634219906467 -0.051950580730974118 -0.068252186221093095 -0.054945904935967634
leaf_weight=2.4823555480688793 1.9747804729267961 2.5956254357006401 4.8598531642928711 0.50564794824458603 5.0285512499976894 15.456327953608712 10.776330979075281 4.3638806832022956 11.588756572455166 11.906744267558677 32.112032695440575 159.63056286168285 2.4677647738717488 2.4568604971282184 2.902492679655551 2.7115745374467228 1.1717306461650876 3.3115657093003383 3.4535113889724016 0.50373063934967 4.3916107201948762 2.0773046675603837 2.041529017384164 4.5898064338834947 8.6113879563054052
leaf_count=104 70 61 110 34 68 319 206 49 140 194 507 1829 52 69 19 179 142 115 99 83 139 113 234 97 2973
internal_value=-8.16936e-05 -0.014121 -0.00435077 -0.0259195 0.00197105 0.000477377 0.00146817 0.0184213 0.00917012 -0.000980808 -0.0165096 0.00285883 0.0284384 0.0161075 0.0211528 0.00686388 0.0349657 0.0326505 0.0126287 -0.0455929 0.0431806 -0.023308 -0.0330729 -0.0566543 -0.0500703
internal_weight=303.972 39.2332 32.0478 17.5204 264.739 250.863 245.835 31.409 27.0451 214.426 42.8884 171.537 13.8759 11.4081 14.5274 6.43048 3.88331 11.6249 6.76508 11.0899 6.87397 4.53417 2.54718 7.18543 10.5862
internal_count=8005 4216 4058 3715 3789 3312 3244 508 459 2736 713 2023 477 425 343 589 321 324 214 3126 243 182 268 158 3043
is_linear=0
shrinkage=0.0540709


Tree=93
num_leaves=14
num_cat=0
split_feature=92 96 16 7 22 69 61 42 98 96 54 105 86
split_gain=3.16448 3.10433 3.01379 5.14594 5.08838 3.5358 3.43285 3.30453 3.03701 2.81373 2.77365 2.297 0.402496
threshold=49.500000000000007 761.38850579710163 40.500000000000007 1.0000000180025095e-35 1.0000000180025095e-35 3.5000000000000004 0.86496402639900405 1.7160000000000002 1.1501469038014192 346.85668370348475 3.5000000000000004 0.83638468725498349 -1129.8050105000123
decision_type=2 2 2 2 2 2 2 2 2 2 2 2 2
left_child=1 2 5 4 6 8 -4 -7 11 -9 -6 -1 -5
right_child=-2 -3 3 12 10 7 -8 9 -10 -11 -12 -13 -14
leaf_value=0.024487979689817221 -0.04330211461874843 -0.045330890858263077 -0.037401411061732531 -0.031309195707676915 -0.015256637718467258 -0.038913790914378001 0.018891318691066271 0.00058665686248253099 -0.029625333463673308 0.020775798076430919 0.036673950863211437 0.081216678501414966 -0.066760385815901518
leaf_weight=14.622830231674021 4.8743072913493952 4.228507397696375 12.741068172617817 2.4601416550576687 4.1089846584945944 5.7329405250493428 4.0198816132033235 207.85687293554656 2.422178776934742 22.465253507252783 9.7520167552866024 2.6443208996206513 4.442207040381617
leaf_count=484 123 123 3177 59 29 76 473 2637 50 327 309 42 96
internal_value=-7.59539e-05 0.000607746 0.00129565 -0.0129728 -0.00320792 0.00341819 -0.0234588 0.00154855 0.0254553 0.00258814 0.0207464 0.0336126 -0.0552092
internal_weight=302.372 297.497 293.269 37.5243 30.622 255.744 16.7609 236.055 19.6893 230.322 13.861 17.2672 6.90235
internal_count=8005 7882 7759 4143 3988 3616 3650 3040 576 2964 338 526 155
is_linear=0
shrinkage=0.0540709


Tree=94
num_leaves=13
num_cat=0
split_feature=98 117 106 29 27 2 86 58 80 42 30 20
split_gain=2.86762 3.46834 4.23123 3.61131 5.24669 7.71958 3.64917 3.06844 2.31678 1.78954 0.581045 0.428582
threshold=1.4438057529829535 0.29166666666666669 1.0000000180025095e-35 298.50000000000006 1.0000000180025095e-35 3.5000000000000004 8792.5639909999991 120.50000000000001 2442.5190000000007 1098.6200000000001 1.5000000000000002 27.500000000000004
decision_type=2 2 2 2 2 2 2 2 2 2 2 2
left_child=1 2 9 4 5 -4 -6 -2 -9 10 11 -1
right_child=7 -3 3 -5 6 -7 -8 8 -10 -11 -12 -13
leaf_value=0 -0.085573875754449191 0.037163624857938747 0.00048235844884086259 -0.05215805693537183 0.033762308650925887 -0.062524112476261745 -0.014521698420898172 0.028717203020837086 -0.043559330065149539 0.017958039407560258 -0.11164980855247313 -0.054993542234974387
leaf_weight=0.72104858886450429 2.2977722452487788 7.4486403386108568 243.24656272202265 3.7110871095210305 22.131297908723358 5.8153528834227464 5.5282616093754759 2.3842356248060241 2.7173151808092371 0.93753509072121222 0.71591120213270176 3.6844250936992466
leaf_count=33 62 59 6334 41 382 123 30 51 87 61 6 736
internal_value=-7.46637e-05 0.000737739 -0.000183792 0.000756342 0.00149309 -0.000959637 0.0238443 -0.0333369 -0.00833447 -0.0449013 -0.0578539 -0.0473842
internal_weight=301.339 293.94 286.491 280.433 276.721 249.062 27.6596 7.39932 5.10155 6.05892 5.12138 4.40547
internal_count=8005 7805 7746 6910 6869 6457 412 200 138 836 775 769
is_linear=0
shrinkage=0.0540709


Tree=95
num_leaves=10
num_cat=0
split_feature=115 98 117 17 29 27 105 42 20
split_gain=2.73935 2.85186 3.12911 3.97992 3.37039 4.34865 2.66986 1.80252 0.539064
threshold=761.38850579710163 1.4438057529829535 0.29166666666666669 1.0000000180025095e-35 298.50000000000006 1.0000000180025095e-35 1.1496499331923513 1098.6200000000001 17.500000000000004
decision_type=2 2 2 2 2 2 2 2 2
left_child=1 2 3 7 5 -5 -3 8 -1
right_child=-2 6 -4 4 -6 -7 -8 -9 -10
leaf_value=0 -0.043454886621856009 -0.060459382294413971 0.036174115159303299 -0.00012817464503255853 -0.050427375458832274 0.022674754067835503 0.0041680258715034611 0.021016248184471675 -0.0635444537683022
leaf_weight=0.53395447973161836 4.1983733996748915 4.2712576159974551 7.3671191968023768 245.10635305941105 3.606999638490378 27.083957163151354 2.9643026458797976 0.88905625150073309 4.3573691211640835
leaf_count=8 125 105 58 6355 40 410 90 58 756
internal_value=-7.50057e-05 0.000515266 0.00137955 0.000442675 0.00139946 0.00211381 -0.032968 -0.0439134 -0.0572296
internal_weight=300.379 296.18 288.945 281.578 275.797 272.19 7.23556 5.78038 4.89132
internal_count=8005 7880 7685 7627 6805 6765 195 822 764
is_linear=0
shrinkage=0.0540709


Tree=96
num_leaves=15
num_cat=0
split_feature=92 119 5 76 48 29 27 20 17 95 95 96 54 40
split_gain=2.7787 2.90593 4.81948 4.36737 4.73441 3.91937 6.05305 5.68371 24.5299 4.78047 3.56986 3.07371 2.93193 2.20937
threshold=47.500000000000007 0.88333333333333341 520.50000000000011 777.50000000000011 262.50000000000006 298.50000000000006 1.0000000180025095e-35 8.5000000000000018 21.500000000000004 2796.5000000000005 1558.5000000000002 303.64636863583371 1.0000000180025095e-35 3817.6329954011298
decision_type=2 2 2 2 2 2 2 2 2 2 2 2 2 2
left_child=1 5 3 4 10 6 7 9 -9 -1 -3 12 -8 -2
right_child=13 2 -4 -5 -6 -7 11 8 -10 -11 -12 -13 -14 -15
leaf_value=-0.035184514751122761 0 0.0097953416755093038 0.047371286949384146 0.049996801906617164 -0.045359147960124489 -0.061965430505932166 -0.0065660476111529869 -0.007769778545749232 0.12730326143191453 0.055745616797117405 -0.011443725348070205 -0.019702703251566214 0.036941544674575125 -0.068327899301978565
leaf_weight=27.002109260880392 2.4267743985401458 86.009584262501448 7.9350134665146461 5.7301732618361703 5.9439555366989216 3.3914139047265044 5.5841943733394208 91.532168642850593 4.1033498193137339 1.741357919294386 31.399259270401672 4.8170245354995123 19.036317834630609 3.0979398039635271
leaf_count=1168 75 1231 61 68 57 49 35 4125 31 54 581 53 332 85
internal_value=-7.30634e-05 0.000615733 0.00639357 0.00381656 0.00161057 -0.00437307 -0.00305434 -0.00831398 -0.00189428 -0.0294148 0.00405221 0.0189165 0.0267737 -0.038079
internal_weight=299.751 294.226 137.018 129.083 123.353 157.208 153.817 124.379 95.6355 28.7435 117.409 29.4375 24.6205 5.52471
internal_count=8005 7845 1998 1937 1869 5847 5798 5378 4156 1222 1812 420 367 160
is_linear=0
shrinkage=0.0540709


Tree=97
num_leaves=20
num_cat=0
split_feature=87 41 65 65 41 16 7 4 91 22 32 87 48 39 95 45 84 104 95
split_gain=2.7264 4.6233 3.88836 5.80159 5.9671 3.23336 3.90105 4.77446 3.23041 3.223 3.71582 3.65981 5.93203 4.27674 3.08729 2.65986 1.83206 1.64667 0.489067
threshold=-37621.614999999998 44673.408500000012 6680.9877288688149 9196.3362373691434 60304.314500000008 40.500000000000007 1.0000000180025095e-35 0.22500000000000003 11.500000000000002 1.0000000180025095e-35 165.00000000000003 -7124.7332500000002 166.50000000000003 10641.546292185596 1146.5000000000002 19.424454744457936 0.70281939971059149 0.061882156672387369 1209.5000000000002
decision_type=2 2 2 2 2 2 2 2 2 2 2 2 2 2 2 2 2 2 2
left_child=-1 5 -3 -4 17 9 7 8 -7 11 16 12 -2 -13 -6 -9 -11 -5 -8
right_child=1 2 3 4 14 6 18 15 -10 10 -12 13 -14 -15 -16 -17 -18 -19 -20
leaf_value=0.044491034955294856 -0.0027815839887975723 -0.067363374364077744 0.040259022109673741 -0.030762110966897311 0.04580949340727028 -0.035610991337134218 -0.070809032493789822 0.037226556264779949 0.034374348255508592 0.02063826369189144 -0.016028199937848462 0.0019161767999888201 -0.065399274947751426 0.033624595854895301 -0.022567582561467778 -0.014317024885335622 0.058047626466678416 -0.076204804786990404 -0.032863444933330675
leaf_weight=3.9533091220073393 19.201249889563773 4.6129671311937299 4.7724999017082181 5.9925818493356946 3.6984278932213774 13.36986195202917 3.0868562036193898 8.341087803244589 2.1462824085028833 11.598265795968478 5.3123943191021672 170.16113464778755 5.8573575587943187 13.487777685746549 3.8951391829177737 4.2548677935264996 6.5624165367335072 4.9220647449837998 3.0555911960545927
leaf_count=46 272 86 85 113 61 3356 80 252 202 199 49 2584 64 212 70 80 45 83 66
internal_value=-7.29615e-05 -0.000696963 -0.0216574 -0.012278 -0.0262276 0.00146985 -0.0139916 -0.0051684 -0.0254505 0.00378289 0.0228023 0.00160817 -0.0177176 0.00428556 0.0097658 0.0192292 0.0345685 -0.0519431 -0.053154
internal_weight=298.282 294.329 27.8937 23.2807 18.5082 266.435 34.2545 28.1121 15.5161 232.181 23.4731 208.708 25.0586 183.649 7.59357 12.596 18.1607 10.9146 6.14245
internal_count=8005 7959 498 412 327 7461 4036 3890 3558 3425 293 3132 336 2796 131 332 244 196 146
is_linear=0
shrinkage=0.0540709


Tree=98
num_leaves=31
num_cat=0
split_feature=17 84 108 43 44 103 45 67 42 20 67 106 67 65 37 103 24 87 87 104 61 103 98 85 105 45 42 104 96 103
split_gain=2.64256 3.70962 3.66965 4.64245 10.4148 6.24501 5.36308 5.34268 4.97297 4.61941 4.42205 9.05533 4.45789 4.41659 5.34425 3.49986 3.49289 3.44547 2.79151 4.27237 3.57501 2.7183 3.42 2.55895 4.17744 2.16667 1.93282 1.69904 1.58594 1.12652
threshold=31.500000000000004 0.93271386685063817 0.52698632199041096 1321.5000000000002 19.921765734265737 18.930500000000013 26.306411044949339 22.018518518518523 217.74300000000002 25.500000000000004 18.392307692307693 0.45000000000000007 15.616071428571431 4432.8986842419017 41.500000000000007 34.887500000000003 149.50000000000003 752.53374999999733 -357.78824999999773 0.28465900440112135 0.66311276640321681 -22.855 0.77120813487256112 4861.0427500000233 0.85457921506442014 16.37032375266114 42.177500000000009 -0.29269849212935289 201.59887894194046 -90.679500000000004
decision_type=2 2 2 2 2 2 2 2 2 2 2 2 2 2 2 2 2 2 2 2 2 2 2 2 2 2 2 2 2 2
left_child=2 16 3 7 8 6 -6 10 -5 13 12 -12 -1 17 -15 -7 18 27 23 20 -20 -18 -23 24 -2 -9 -11 -4 -19 -27
right_child=1 -3 9 4 5 15 -8 25 -10 26 11 -13 -14 14 -16 -17 21 28 19 -21 -22 22 -24 -25 -26 29 -28 -29 -30 -31
leaf_value=-0.0080317935686589955 -0.04225098424236029 0.044699325531502923 0.04541141277791793 0.017685243404482333 0.032224910739161811 -0.058092436717024125 -0.0086258037215056291 -0.0045991683412566556 0.12878584562450471 0.14566168440878538 0.083845602996262827 -0.02129890596354702 -0.047415998775307881 0.071154925434618765 -0.010064592119487393 -0.010959504725121041 0.050187049773257199 -0.0039073772412470294 -0.0015469017036651503 -0.036516992021502687 0.029975876377033275 -0.029032915409842732 0.028396442207632301 0.0099043760618599107 0.0029486819100504459 -0.01945817915782631 0.03667381989932559 -0.012156522117063742 -0.072527786648953249 -0.066062099510543967
leaf_weight=52.904590977414045 13.682825085707011 7.0359217766672364 2.5433538020588458 2.419314141967333 19.988326427177526 5.5706588024040675 17.317031992250122 3.3404794731177381 2.6722565318923444 1.048534594185184 4.2543338039540668 5.3009487396338955 10.182480138028039 5.2777175714727473 4.0398132626432925 31.166008501895703 7.4034190941602018 1.7843077766010536 21.43814704939723 5.634967289865016 19.88624822255224 4.5137223890051237 8.8689960297197086 9.5903914133086783 10.103487387299536 2.4217854228336355 1.3170141347218303 3.3400299876229891 3.1300399315077811 8.8605194583069515
leaf_count=3061 88 75 64 78 503 135 465 120 64 31 151 164 323 91 90 686 103 57 294 46 232 109 121 67 82 44 114 105 129 313
internal_value=-7.38174e-05 0.00664025 -0.00395766 -0.00675945 0.00264526 -0.00240287 0.0130646 -0.0153724 0.0774763 0.0164506 -0.00924095 0.02475 -0.0145071 0.0076376 0.0351533 -0.0183108 0.00391817 -0.015424 -0.00110596 0.0072905 0.0134445 0.0236895 0.0084729 -0.0131405 -0.0227427 -0.0453205 0.0881939 0.0114815 -0.0491291 -0.0567191
internal_weight=297.038 108.158 188.88 166.399 79.1336 74.042 37.3054 87.2651 5.09157 22.4808 72.6424 9.55528 63.0871 20.1153 9.31753 36.7367 101.122 10.7977 80.3361 46.9594 41.3244 20.7861 13.3827 33.3767 23.7863 14.6228 2.36555 5.88338 4.91435 11.2823
internal_count=8005 1217 6788 6107 1931 1789 968 4176 142 681 3699 315 3384 536 181 821 1142 355 809 572 526 333 230 237 170 477 145 169 186 357
is_linear=0
shrinkage=0.0540709


Tree=99
num_leaves=10
num_cat=0
split_feature=86 75 41 86 70 57 62 2 0
split_gain=2.47315 3.61222 6.15016 4.21353 3.1949 2.9077 3.06872 2.85976 1.90271
threshold=86262.34423100001 17857.552300000003 63474.969500000007 50394.176710499989 2042.0000000000002 17346.206497474752 27.500000000000004 1.0000000180025095e-35 3.5000000000000004
decision_type=2 2 2 2 2 2 2 2 2
left_child=1 2 4 7 5 6 -1 -3 -9
right_child=-2 3 -4 -5 -6 -7 -8 8 -10
leaf_value=-0.002308866726394417 -0.040014353436220951 0.032101138852528306 -0.079601304013889679 0.068538957841117895 -0.037975834497644488 0.059916619347973842 0.013057707062069403 -0.058696604041182196 0.012360945024359797
leaf_weight=219.68785167037277 4.4678282383829346 5.3847299218177778 2.8661085658241054 4.7836110662901765 6.3292338051833203 2.4167512676212928 45.908259964198805 2.4314709226600826 1.7537595679750664
leaf_count=6607 72 33 56 71 101 51 849 119 46
internal_value=-7.8545e-05 0.000508366 -0.000835378 0.0269709 0 0.000884964 0.0003195 0.00540988 -0.0271649
internal_weight=296.03 291.562 277.208 14.3536 274.342 268.013 265.596 9.56996 4.18523
internal_count=8005 7933 7664 269 7608 7507 7456 198 165
is_linear=0
shrinkage=0.0540709


Tree=100
num_leaves=21
num_cat=0
split_feature=87 41 17 39 95 16 7 4 95 69 69 4 52 44 66 98 91 50 95 97
split_gain=2.4453 4.07882 3.54547 2.90876 3.38765 2.85095 3.60328 4.36051 3.09244 2.88039 3.33997 4.59032 4.16698 2.9851 7.68579 2.54469 2.20714 2.15575 0.473034 0.0783524
threshold=-37621.614999999998 44673.408500000012 9.5000000000000018 19629.310151098904 1146.5000000000002 40.500000000000007 1.0000000180025095e-35 0.22500000000000003 1506.5000000000002 3.5000000000000004 27.500000000000004 0.18333333333333332 0.86155682026803759 7.3205128205128212 1.5000000000000002 0.94166841613596575 5.5000000000000009 4.5000000000000009 1209.5000000000002 6.4850320741268721
decision_type=2 2 2 2 2 2 2 2 2 2 2 2 2 2 2 2 2 2 2 2
left_child=-1 5 19 16 -5 9 7 8 -7 13 11 -11 -12 14 -2 -9 -4 -15 -8 -3
right_child=1 2 3 4 -6 6 18 15 -10 10 12 -13 -14 17 -16 -17 -18 -19 -20 -21
leaf_value=0.042521184233726167 0.024640415946102091 -0.047981431208245329 -0.052027426887900123 0.047971381872858855 -0.018270113278284535 -0.043646876109779714 -0.069427560876357652 0.037939113627310124 0.0058559769290794511 -0.019292121550415837 0.002413615124946456 0.032973420771248825 0.03307886140254309 0.010440280421605686 -0.10200979431178175 -0.01161955374809347 -0.0078218870826148659 0.061947409583905357 -0.031469470590519986 -0.082117648865632595
leaf_weight=3.8810347130056462 7.2329227440059203 2.0784948937362087 6.1000846062088412 4.1496341298334283 4.7512764618732035 9.4078006572090107 2.9620518914889535 7.7148089106194657 5.6741871268022797 35.913821628550068 155.55651619820856 5.6013851920142761 14.224132486851884 4.3212217984255386 1.7350871022790668 4.6839595073834062 8.2405874496325833 6.5868762051686645 2.9824161203578115 2.0837398078292608
leaf_count=46 299 69 113 63 81 2996 80 255 562 644 1925 70 184 109 31 77 102 163 66 70
internal_value=-7.51063e-05 -0.000666885 -0.0205405 -0.0119184 0.0117859 0.00136361 -0.0133502 -0.00479423 -0.0245346 0.00352317 0.00163424 -0.0120609 0.00502666 0.0232294 0 0.0186222 -0.0271459 0.0422266 -0.0516449 -0.0668798
internal_weight=295.882 292.001 27.4038 23.2416 8.90091 264.597 33.4252 27.4808 15.082 231.172 211.296 41.5152 169.781 19.8761 8.96801 12.3988 14.3407 10.9081 5.94447 4.16223
internal_count=8005 7959 498 359 144 7461 4036 3890 3558 3425 2823 714 2109 602 330 332 215 272 146 139
is_linear=0
shrinkage=0.0540709


Tree=101
num_leaves=15
num_cat=0
split_feature=92 106 24 76 48 50 20 32 17 75 46 85 86 92
split_gain=2.40342 2.48705 4.68018 3.91128 4.08469 3.86158 3.23144 14.6498 6.76205 5.3992 6.08815 3.78847 4.22492 2.94713
threshold=49.500000000000007 0.88333333333333341 358.50000000000006 777.50000000000011 262.50000000000006 119.50000000000001 15.500000000000002 1.0000000180025095e-35 8.5000000000000018 26498.952304487182 3123.5000000000005 -12004.315500000006 -232.59532800000076 18.500000000000004
decision_type=2 2 2 2 2 2 2 2 2 2 2 2 2 2
left_child=1 6 3 4 5 -3 8 -8 -1 10 -9 12 -10 -13
right_child=-2 2 -4 -5 -6 -7 7 9 11 -11 -12 13 -14 -15
leaf_value=0.026458109088598233 -0.038305391666074884 0.00055437392570930504 0.047530072633436365 0.04720047422545836 -0.042263291770510504 0.036247991311360202 0.081873654634887161 0.00036642461136385246 0.023841147764701722 0.094186751060786306 -0.048591747544084435 0.020977675892550847 -0.022432221674348822 -0.030706815978371296
leaf_weight=11.557645833119748 4.7331525129266074 106.91851603286341 7.4806209253147236 5.7028902382589868 5.9582785514648995 9.709366664872503 6.450330918072722 56.468116265314166 11.150027256342584 1.606595086865126 8.4995636807288957 3.3102665480691931 11.947906660265287 43.287893036496826
leaf_count=119 123 1718 59 71 57 101 52 2782 305 46 238 27 321 1986
internal_value=-7.28238e-05 0.000525874 0.00588569 0.003399 0.0013002 0.00358989 -0.00414304 0.00403665 -0.0115852 -0.00339632 -0.0059263 -0.0180006 0 -0.0268758
internal_weight=294.781 290.048 135.77 128.289 122.586 116.628 154.278 73.0246 81.2537 66.5743 64.9677 69.6961 23.0979 46.5982
internal_count=8005 7882 2006 1947 1876 1819 5876 3118 2758 3066 3020 2639 626 2013
is_linear=0
shrinkage=0.0540709


Tree=102
num_leaves=15
num_cat=0
split_feature=96 104 57 29 27 2 97 96 54 29 57 97 45 46
split_gain=2.28962 2.67764 3.97378 3.02491 3.70026 5.75226 4.26428 3.09283 3.28649 2.77968 2.17748 1.29889 0.894421 0.0338545
threshold=761.38850579710163 -0.85068114658283844 5933.2190035714293 298.50000000000006 1.0000000180025095e-35 3.5000000000000004 18.030303030303035 301.90419287774273 1.0000000180025095e-35 1.0000000180025095e-35 1803.3215450000002 42.500000000000007 9.6332617850927473 231.50000000000003
decision_type=2 2 2 2 2 2 2 2 2 2 2 2 2 2
left_child=1 2 10 4 5 6 -3 8 -6 -7 11 -1 -12 -14
right_child=-2 3 -4 -5 7 9 -8 -9 -10 -11 12 -13 13 -15
leaf_value=0.047080138824976546 -0.040573303548771762 0.0015019316930093864 -0.029561535221099715 -0.048773647313051095 -0.0072812138219306433 0.022218066568008229 -0.026898103893198102 -0.021185595052581312 0.038323134087181937 -0.061278901556895957 0.098620952432300554 -0.031910963062696883 0.057703019935073957 0.028991965786893691
leaf_weight=1.0928488582139819 4.0256152069196096 222.62943577754777 2.5730395142454645 3.7449298244900993 5.8957167994231048 1.264049544930457 16.598880804376677 4.5634773122146717 17.800304543226957 6.7190598556189798 1.9111553921829907 1.3441456625005228 1.8316163368290292 1.8439741951879112
leaf_count=46 125 5380 101 52 37 6 767 45 321 838 56 97 71 63
internal_value=-6.46702e-05 0.000472807 0.0271619 -0.000513828 0.000115795 -0.00197604 -0.000437938 0.0186753 0.026665 -0.0471299 0.0462759 0.00049204 0.0649169 0.0453346
internal_weight=293.838 289.813 10.5968 279.216 275.471 247.211 239.228 28.2595 23.696 7.98311 8.02374 2.43699 5.58675 3.67559
internal_count=8005 7880 434 7446 7394 6991 6147 403 358 844 333 143 190 134
is_linear=0
shrinkage=0.0540709


Tree=103
num_leaves=12
num_cat=0
split_feature=86 67 41 43 44 92 66 103 17 65 67
split_gain=2.22811 2.26849 5.70727 3.58564 5.14244 3.35881 3.75391 3.32079 2.80478 2.40602 1.58995
threshold=86262.34423100001 52.123737373737384 51155.927000000003 4570.0000000000009 55.093091334894616 23.500000000000004 1755.0000000000002 70.591500000000011 1.0000000180025095e-35 11498.871967147667 32.836021505376351
decision_type=2 2 2 2 2 2 2 2 2 2 2
left_child=1 2 3 4 8 -3 7 -7 -1 -8 -4
right_child=-2 5 10 -5 -6 6 9 -9 -10 -11 -12
leaf_value=-0.039455985462150983 -0.038616860409843023 0.051612071177872157 -0.021596106410166949 -0.059164315197420408 0.080707563222933862 -0.0038118976282265548 -0.057283753787389549 0.069404383563685113 0.001390168266369945 0.003684653675475308 -0.071297295005058381
leaf_weight=5.0064329009037456 4.3203539408277711 6.0905241889413473 4.993082001921719 2.8927273257868356 2.3629799601621917 3.4219632655731385 3.3654008890152909 3.4619905144209042 249.28338028653525 3.8477392251952551 3.7505036303773522
leaf_count=790 72 62 98 44 38 127 80 62 6498 70 64
internal_value=-6.18042e-05 0.000490278 -0.000798701 0.000620884 0.00132402 0.0179849 0.00292659 0.031946 0.000556597 -0.0237454 -0.0437726
internal_weight=292.797 288.477 268.289 259.546 256.653 20.1876 14.0971 6.88395 254.29 7.21314 8.74359
internal_count=8005 7933 7532 7370 7326 401 339 189 7288 150 162
is_linear=0
shrinkage=0.0540709


Tree=104
num_leaves=30
num_cat=0
split_feature=17 84 108 43 44 82 67 67 106 67 42 67 96 105 24 82 87 105 98 56 56 36 84 38 103 105 16 44 85
split_gain=2.16056 3.41709 3.27343 4.16083 8.99204 5.6299 5.00656 4.00623 7.84181 4.09446 4.00596 3.64479 6.82659 5.57392 3.23172 3.00863 2.97525 2.92312 2.83163 2.00195 5.61958 4.51445 5.25225 4.50383 1.85132 1.34267 1.27121 0.885734 0.682772
threshold=31.500000000000004 0.93271386685063817 0.52698632199041096 1321.5000000000002 19.921765734265737 59.500000000000007 22.018518518518523 18.392307692307693 0.45000000000000007 15.616071428571431 217.74300000000002 27.211111111111112 242.77420841524741 0.93850400430759062 189.00000000000003 38.500000000000007 -23026.076249999995 0.61659805352411634 0.87525501312629017 217444.41900000005 176787.58900000001 81.500000000000014 0.67528610003857537 250093.85350000006 -55.480999999999995 0.58461802790797746 39.500000000000007 17.254667540124469 -3998.3185000000003
decision_type=2 2 2 2 2 2 2 2 2 2 2 2 2 2 2 2 2 2 2 2 2 2 2 2 2 2 2 2 2
left_child=2 14 3 6 10 15 7 9 -9 -1 -5 12 13 17 19 -6 -7 -4 -13 20 23 22 -21 -2 -8 -26 -16 28 -14
right_child=1 -3 11 4 5 16 24 8 -10 -11 -12 18 27 -15 26 -17 -18 -19 -20 21 -22 -23 -24 -25 25 -27 -28 -29 -30
leaf_value=-0.0074512905278659482 0.0075013193706333307 0.043185305041947002 0.027102555641070437 0.016859693806799768 0.01251669934588461 -0.053555449809147941 -0.011826645615547861 0.07771900293635936 -0.020022633803624953 -0.045720675666271603 0.1158803177499899 0.085132206172841771 0.00037999364065391622 0.070750647138351899 0.059995705167824764 0.086475681695702286 -0.0042343728621250937 -0.052948496444653888 0.012118083705221166 0.0057095068129150196 0.058246046491055178 0.01745821180981957 -0.041577831215270436 -0.045546575578098811 -0.010728000376780737 -0.066956207808543916 0.010687430051949907 -0.074133947143364104 -0.04644345155251843
leaf_weight=51.684927301714197 41.332176554016769 6.8107907446101299 2.7782614537281933 2.435969620011746 4.3077843880746505 3.8417228278703979 4.2091447582934043 4.3389163679094036 5.1818962040124461 9.9026104192598705 2.7910006371093914 3.3025717944838098 1.2666925768135118 4.7005946226418018 3.8688999302685252 2.8712092333007604 62.006681840575766 2.4776227275142446 3.448488554393407 11.845242764800789 5.7370268302038303 13.166561054997144 15.571976725012062 5.2648559454828492 1.8564864569343615 8.0262559672119078 3.2301558805629611 2.3730205130996183 1.7628695162711654
leaf_count=3061 568 75 88 78 120 79 106 151 164 323 64 62 60 111 67 47 1543 87 76 126 62 78 83 54 89 282 104 87 110
internal_value=-6.20379e-05 0.00603798 -0.00361362 -0.00628735 0.00263448 -0.00217193 -0.0145684 -0.00860342 0.0237525 -0.013726 0.0711725 0.015817 0.000769027 0.0277928 0.0034336 0.0431427 -0.00722577 -0.00923407 0.0489464 0.000665627 0.00772797 -0.0082593 -0.0208796 0.00134714 -0.0441378 -0.0571461 0.0386108 -0.0476571 -0.0244418
internal_weight=292.392 106.828 185.565 163.455 78.2544 73.0274 85.2002 71.1084 9.52081 61.5875 5.22697 22.1101 15.3591 9.95648 100.017 7.17899 65.8484 5.25588 6.75106 92.9178 52.3341 40.5838 27.4172 46.597 14.0919 9.88274 7.09906 5.40258 3.02956
internal_count=8005 1217 6788 6107 1931 1789 4176 3699 315 3384 142 681 543 286 1142 167 1622 175 138 971 684 287 209 622 477 371 171 257 170
is_linear=0
shrinkage=0.0540709


Tree=105
num_leaves=20
num_cat=0
split_feature=87 16 7 22 40 61 32 69 49 4 71 53 61 48 85 82 53 63 17
split_gain=2.23336 2.37764 3.54774 4.08276 3.60678 4.92637 3.16485 4.644 3.51492 3.477 4.68604 4.21776 5.95907 3.39919 3.29241 2.3421 1.82012 1.41429 0.316018
threshold=-37621.614999999998 40.500000000000007 1.0000000180025095e-35 1.0000000180025095e-35 4033.0566300468477 0.86496402639900405 149.50000000000003 86.500000000000014 27.500000000000004 0.18333333333333332 0.83702680581133626 0.36182795698924736 0.36897292651482599 31.500000000000004 4394.8002500000011 26.500000000000004 0.036676682924940952 234.40700000000001 21.500000000000004
decision_type=2 2 2 2 2 2 2 2 2 2 2 2 2 2 2 2 2 2 2
left_child=-1 6 3 4 5 -3 9 8 -8 11 14 13 -13 -2 -11 16 -5 -6 -4
right_child=1 2 18 15 17 -7 7 -9 -10 10 -12 12 -14 -15 -16 -17 -18 -19 -20
leaf_value=0.041267813268321414 0.01570970491599654 -0.02360156315946366 -0.034951008249556464 0.0047808224010954473 -0.20141178855195574 0.072379330912764384 -0.011136639080251455 0.0083591593847398126 -0.069855934406594614 0.055278966782720866 -0.020513785337664577 0.010218650873476077 -0.043201426768688045 -0.0007695021917288081 0.0057319116298269433 -0.018122173024478935 0.056581424694737516 -0.053456137922403564 -0.068363795890549806
leaf_weight=3.7667320428881785 50.057413699687459 8.5128202603082155 3.2425662755267686 4.1155840968713147 0.24019327980931926 1.8991535062668834 6.5291984421201068 10.312631275970487 6.0895731821656227 10.820761347189551 5.3062119502574197 10.443665452068673 14.096565408399327 133.31468073278666 6.7083346331492058 3.5818351581692704 4.5524325906299055 4.7829906467813998 2.820319511112757
leaf_count=46 1077 2309 116 151 24 135 99 127 72 179 61 140 175 1780 48 24 161 1239 42
internal_value=-5.65197e-05 -0.000624098 -0.0141234 -0.00561702 -0.0243146 -0.00537339 0.00114273 -0.0179675 -0.0400662 0.00307407 0.0231133 0.00083736 -0.0201672 0.00368886 0.0367421 0.0173394 0.0328463 -0.0620857 -0.0517315
internal_weight=291.194 287.427 33.7479 27.685 15.4352 10.412 253.679 22.9314 12.6188 230.748 22.8353 207.912 24.5402 183.372 17.5291 12.2499 8.66802 5.02318 6.06289
internal_count=8005 7959 4201 4043 3707 2444 3758 298 171 3460 288 3172 315 2857 227 336 312 1263 158
is_linear=0
shrinkage=0.0540709


Tree=106
num_leaves=22
num_cat=0
split_feature=92 108 91 45 103 42 16 7 45 92 48 61 91 53 52 108 64 40 17 75 95
split_gain=2.15077 2.24215 4.28928 4.20104 4.08519 4.70428 2.69274 4.19721 3.26264 4.69403 4.03709 2.75869 4.26175 3.30317 4.92769 3.24569 2.03516 1.8965 1.11142 0.697263 0.149812
threshold=47.500000000000007 -0.6183104375797237 18.500000000000004 29.557170637841477 -35.940999999999995 18.358500000000003 40.500000000000007 1.0000000180025095e-35 18.013475510621738 26.500000000000004 10.500000000000002 0.26656217345872518 12.500000000000002 0.36182795698924736 0.40316329082270569 -0.42071648032397219 7481.3216400966185 3817.6329954011298 25.500000000000004 1312.9895500000002 1076.5000000000002
decision_type=2 2 2 2 2 2 2 2 2 2 2 2 2 2 2 2 2 2 2 2 2
left_child=1 2 3 4 19 -6 11 8 9 -8 -10 12 18 15 -15 -13 -5 -2 -3 -1 -9
right_child=17 6 -4 16 5 -7 7 20 10 -11 -12 13 -14 14 -16 -17 -18 -19 -20 -21 -22
leaf_value=0.039977024598324785 0 0.020422468298670247 -0.050394126150935074 0.008592893930461384 -0.074076247008240254 0.023180380569085241 -0.0067058017474662208 -0.078512619018121996 -0.17070335926596203 0.068200553206979334 -0.023313343684694805 -0.02203575130969046 -0.02135062736625281 0.0057684344137478262 -0.04637014904280292 0.0038187792935509722 -0.059044666892824144 -0.06340880619207348 0.0673156762699679 0.073849404704600524 -0.045816813777215332
leaf_weight=5.2711546603823134 2.3516976489918298 2.9663587810937297 2.644376723561435 2.4566566976718596 1.6567244851030434 10.825808941794092 13.48533984349343 2.1764414873905471 0.61763542192056675 2.9598037296673274 6.7989557482069358 15.375231421901843 3.4248402324737981 9.9830632454250026 10.784184944001025 178.40937989833765 2.4288868251023814 2.9195685078157112 4.6572185694240034 4.7893923214287497 2.9467294989153743
leaf_count=216 75 92 59 73 51 400 2526 66 60 125 953 194 104 108 116 2330 69 85 132 94 77
internal_value=-5.72436e-05 0.000551074 0.0145301 0.0210623 0.0310562 0.00966949 -0.00107128 -0.016598 -0.00671255 0.00633371 -0.0366303 0.000890956 0.0272479 -0.000432119 -0.0209527 0.00172907 -0.0235327 -0.0342958 0.0500496 0.0568492 -0.0611762
internal_weight=289.929 284.658 30.073 27.4286 22.5431 12.4825 254.585 28.9849 23.8617 16.4451 7.41659 225.6 11.0484 214.552 20.7672 193.785 4.88554 5.27127 7.62358 10.0605 5.12317
internal_count=8005 7845 962 903 761 451 6883 3807 3664 2651 1013 3076 328 2748 224 2524 142 160 224 310 143
is_linear=0
shrinkage=0.0540709


Tree=107
num_leaves=20
num_cat=0
split_feature=105 65 97 81 105 65 80 25 87 104 96 108 38 60 95 45 93 65 39
split_gain=2.0398 4.93239 4.05184 3.25381 3.16228 2.80508 3.73992 2.55445 4.12066 4.50896 3.82406 3.4598 3.94584 3.26899 3.12796 2.8868 2.4795 1.74373 1.38352
threshold=1.1851360581603996 4138.1732576950335 7.0892857142857144 3819.0152500000008 1.1562470532220352 7654.5401513412044 8784.8390000000018 74.750000000000014 -357.78824999999773 -0.06971937829022741 629.0982136044928 -0.78018869617224873 429280.37000000011 56.500000000000007 524.50000000000011 20.407627770282392 1.5000000000000002 7383.5694787670582 5756.8177826086967
decision_type=2 2 2 2 2 2 2 2 2 2 2 2 2 2 2 2 2 2 2
left_child=4 16 3 -3 7 6 -4 8 15 18 11 13 -13 -9 -11 -1 -2 -12 -10
right_child=1 2 5 -5 -6 -7 -8 10 9 14 17 12 -14 -15 -16 -17 -18 -19 -20
leaf_value=0.008592473958819024 0.0020538893749541642 0.035422409515537538 0.027815194341865943 -0.033754618826448334 -0.050219971769162701 0.015684061184021991 0.12249498082659092 -0.036585452645914611 0.02766048569770244 0.032097664585306322 -0.081616610959905092 -0.010356690920770763 0.0059191161527630534 0.034385329032067848 -0.012172197132561784 -0.031283455839463216 -0.064529743041298104 -0.014430529312530846 0.062805852418289024
leaf_weight=11.378913402557375 3.7019298035884303 4.158590973296671 2.503283662197644 3.7817365106311627 3.8292303589405483 3.5779391848482192 2.9374001097166911 2.1496364129125132 9.3001870270818454 7.229589672759178 2.5843459442257872 117.18817965878407 68.692701736639719 12.182416273804845 12.943377807736395 9.6388355456292611 2.6668401131173596 2.5730736100231297 6.3731622816994777
leaf_count=84 71 83 79 81 92 92 66 116 106 64 83 4615 1474 458 139 57 103 70 72
internal_value=-5.50753e-05 0.0152484 0.0306799 0.00154468 -0.00142473 0.0555057 0.0803188 -0.000683613 0.00942285 0.0206328 -0.003518 -0.0022948 -0.00430217 0.023221 0.00332863 -0.00934452 -0.0246795 -0.0495497 0.0424297
internal_weight=289.391 23.3277 16.959 7.94033 266.064 9.01862 5.44068 262.234 56.8641 35.8463 205.37 200.213 185.881 14.3321 20.173 21.0177 6.36877 5.15742 15.6733
internal_count=8005 575 401 164 7430 237 145 7338 522 381 6816 6663 6089 574 203 141 174 153 178
is_linear=0
shrinkage=0.0540709


Tree=108
num_leaves=13
num_cat=0
split_feature=98 57 117 17 20 42 82 29 34 42 30 20
split_gain=2.13342 2.77114 2.50579 3.25648 2.4858 7.75581 4.02364 3.57952 3.17278 1.54747 0.542859 0.390139
threshold=1.4438057529829535 2552.4115472972981 0.29166666666666669 1.0000000180025095e-35 26.500000000000004 199.54000000000005 77.500000000000014 298.50000000000006 1.0000000180025095e-35 1098.6200000000001 1.5000000000000002 27.500000000000004
decision_type=2 2 2 2 2 2 2 2 2 2 2 2
left_child=2 -2 3 9 7 6 -6 8 -5 10 11 -1
right_child=1 -3 -4 4 5 -7 -8 -9 -10 -11 -12 -13
leaf_value=0 -0.068553498142101904 0 0.032179146111323671 -0.00092928072086385016 0.018380964255118568 -0.029528447695320693 0.10460491568613402 -0.061189874662139196 0.030939833351307511 0.016442899852655672 -0.11261278996988042 -0.053902235118617622
leaf_weight=0.64918806566856746 3.023092712275683 3.9739069087081589 7.1859337934292844 245.99068312876625 3.4586704754037765 4.3649089963873848 3.3605672906851396 2.8012482789345077 9.4795522745698673 0.85885438579134632 0.62894531711935986 2.8998721514362842
leaf_count=33 76 124 59 6521 98 99 46 39 107 61 6 736
internal_value=-4.76816e-05 -0.0295594 0.000659384 -0.000139092 0.000639261 0.0256044 0.061976 -0.000413416 0.000224585 -0.0432276 -0.0572641 -0.0453114
internal_weight=288.675 6.997 281.678 274.492 269.456 11.1841 6.81924 258.271 255.47 5.03686 4.17801 3.54906
internal_count=8005 200 7805 7746 6910 243 144 6667 6628 836 775 769
is_linear=0
shrinkage=0.0540709


Tree=109
num_leaves=36
num_cat=0
split_feature=98 69 78 105 92 97 50 20 92 82 86 71 50 86 82 13 48 87 48 49 39 48 78 65 79 6 96 43 78 107 48 20 42 17 98
split_gain=2.10336 4.81993 6.29447 4.15996 7.06976 6.14975 5.02203 4.00588 5.5619 8.53037 5.0725 5.36228 4.0364 3.72294 3.70817 3.64798 3.39251 6.94036 5.21694 4.0868 4.55598 4.06924 3.92913 4.24287 3.45974 3.34325 3.59352 2.37861 2.087 1.82451 1.67684 0.871951 0.260349 0.196797 0.05156
threshold=0.87751809483962129 158.50000000000003 0.3557057057057057 0.73595713528645634 24.500000000000004 6.386405529953918 65.500000000000014 -1.0000000180025095e-35 23.500000000000004 270.50000000000006 -1642.6300474999991 0.16788252899364006 321.50000000000006 7835.4017269999958 159.50000000000003 33.525000000000006 90.500000000000014 489.23325000000392 56.500000000000007 45.500000000000007 8811.794663651317 123.50000000000001 0.45173237753882917 7505.5044291012327 5.5000000000000009 173.02500000000003 213.25892309754684 1797.0000000000002 0.6790299823633158 1.0000000180025095e-35 106.50000000000001 4.5000000000000009 258.80750000000006 45.500000000000007 0.97401087313717671
decision_type=2 2 2 2 2 2 2 2 2 2 2 2 2 2 2 2 2 2 2 2 2 2 2 2 2 2 2 2 2 2 2 2 2 2 2
left_child=3 16 -3 7 5 14 25 10 9 28 32 33 15 29 -5 -10 18 21 19 20 -2 -18 -20 -24 -19 26 -6 30 -9 -8 -4 -29 -1 -12 -33
right_child=1 2 27 4 6 -7 13 8 12 -11 11 -13 -14 -15 -16 -17 17 24 22 -21 -22 -23 23 -25 -26 -27 -28 31 -30 -31 -32 34 -34 -35 -36
leaf_value=0.034255464915637468 0.0026469837610061126 0.034103332570705878 -0.050374551076823058 -0.014738522461008876 -0.017112865513263107 -0.046662357535852697 0.049462148667916456 0.010754977932376814 -0.020993243760852216 0.062137585953018923 0.056923472716895851 -0.025669577724444594 0.065097548603246388 -0.029786555481328456 0.039487114461461859 0.048198870258582334 0.020971582295043787 0.093699471835072282 0.025231617242297409 0.070610310313294469 -0.058124776560217563 -0.051037102552784354 -0.056515376849048581 0.012013614531795802 0.020840845251478099 0.070354120819480642 0.041014979151315141 -0.095394353484125338 -0.034839252959158219 0 5.4667038466554625e-05 -0.063251654891029144 0.059373302447040484 0.025889087949054795 -0.034183737205357119
leaf_weight=4.5483970078639704 57.716839814151172 3.3162262188270715 3.5242090183310193 7.3271073589567113 3.8027979914913912 8.2426436884561536 4.4672846652101716 5.6152550262631866 60.207162005419377 7.4989006728865197 2.4799734079278997 10.04532078001648 1.7024943679571141 6.0287493427167638 7.1803868333809078 2.2500059036537996 4.9307643561624008 3.9620282560354081 2.8883103105472427 2.4126556184492065 3.8399382951902217 4.1731263611000031 12.298929755343122 3.1498621775535858 4.3010581503622234 8.6817346066236514 13.873624758678487 2.9943099837983027 5.7812642384087667 4.0254904412431634 3.6206745458766818 2.0244118015398271 4.7612733338028193 2.5047325817868114 2.1542250292841345
leaf_count=63 1718 54 69 84 148 108 44 72 3012 69 142 86 41 126 66 18 87 66 64 41 125 77 260 64 96 83 496 34 77 164 64 65 68 88 66
internal_value=-4.85602e-05 -0.00564995 -0.0317194 0.0037503 0.0147238 -0.00919145 0.0282136 -0.00268271 -0.00839506 0.0171992 0.0165051 -0.0024573 -0.0160482 0.00214019 0.0115926 -0.0183807 -0.000963047 0.0206616 -0.00561614 0.00156274 -0.00102583 -0.011229 -0.0310601 -0.0420649 0.0566852 0.0422965 0.0280911 -0.0474839 -0.011728 0.0256759 -0.0237931 -0.0700376 0.0479062 0.0428294 -0.0500596
internal_weight=288.332 117.308 17.6341 171.025 63.6298 22.7501 40.8797 107.395 83.0551 18.8954 24.3397 15.03 64.1597 14.5215 14.5075 62.4572 99.6735 17.367 82.3065 63.9694 61.5568 9.10389 18.3371 15.4488 8.26309 26.3582 17.6764 14.3178 11.3965 8.49278 7.14488 7.17295 9.30967 4.98471 4.17864
internal_count=8005 2950 352 5055 1319 258 1061 3736 3289 218 447 316 3071 334 150 3030 2598 326 2272 1884 1843 164 388 324 162 727 644 298 149 208 133 165 131 230 131
is_linear=0
shrinkage=0.0540709


Tree=110
num_leaves=13
num_cat=0
split_feature=86 75 41 86 107 51 59 85 105 53 42 85
split_gain=1.99259 2.75909 4.79586 3.22365 2.53237 3.24252 5.08815 2.407 5.44666 3.25218 2.35593 1.3397
threshold=86262.34423100001 17857.552300000003 63474.969500000007 50394.176710499989 1.0000000180025095e-35 5423.0000000000009 1724.5000000000002 11138.614750000002 0.84152728504202579 0.44551889425382424 597.12650000000019 -14555.608249999999
decision_type=2 2 2 2 2 2 2 2 2 2 2 2
left_child=1 2 4 10 7 6 -6 9 -9 -1 -3 -7
right_child=-2 3 -4 -5 5 11 -8 8 -10 -11 -12 -13
leaf_value=0.013504129907221539 -0.03708204485243502 0.027500314717663798 -0.071915052530518733 0.059413125726178517 -0.0067765479861489793 -0.066288524807721655 0.023246590694762391 0.015342761338804717 -0.031941221555467747 -0.02969705430635193 -0.028171127373397779 -0.011401555934997415
leaf_weight=79.920013665687293 4.1866813148371866 5.4009401674848032 2.7350714608328408 4.8920550512848413 127.76372888038168 3.4044962159823626 18.886915527342353 14.556806138949471 13.753370366524903 5.3424092056229702 3.7127901229541749 2.7110809661098747
leaf_count=1222 72 108 56 71 5523 79 409 119 102 81 90 73
internal_value=-3.87947e-05 0.000483236 -0.000708079 0.0238946 0 -0.00452223 -0.00285923 0.00613848 -0.0073679 0.0107098 0.00400853 -0.0431776
internal_weight=287.266 283.08 269.074 14.0058 266.339 152.766 146.651 113.573 28.3102 85.2624 9.11373 6.11558
internal_count=8005 7933 7664 269 7608 6084 5932 1524 221 1303 198 152
is_linear=0
shrinkage=0.0540709


Tree=111
num_leaves=18
num_cat=0
split_feature=87 41 17 84 41 87 64 49 78 62 84 91 84 69 72 72 48
split_gain=1.99888 3.14309 2.99736 2.38685 4.34938 2.1962 3.51319 3.79967 4.41208 2.77903 3.85836 7.091 5.63655 3.33166 3.81562 3.70119 1.55361
threshold=-37621.614999999998 44673.408500000012 9.5000000000000018 0.86052995590905168 56742.645000000011 -8241.632749999997 4745.4826076923091 117.50000000000001 0.7428774350649352 28.500000000000004 0.68065336463223802 10.500000000000002 0.88906469760900142 137.50000000000003 0.50093109869646202 0.18531789311605829 88.500000000000014
decision_type=2 2 2 2 2 2 2 2 2 2 2 2 2 2 2 2 2
left_child=-1 5 -3 16 -5 6 -2 8 -8 13 11 -11 -12 14 -7 -15 -4
right_child=1 2 3 4 -6 9 7 -9 -10 10 12 -13 -14 15 -16 -17 -18
leaf_value=0.039386742568907236 -0.05521729311640388 -0.063070512851842245 0 -0.026050035906623911 0.042293987825649373 0.0054001194623249996 0.059688861973367938 -0.048170715137582601 -0.0067730351237131779 0.0054355079716397721 -0.018518290026957717 0.080075336272268802 0.054843443051809417 -0.051482228099257843 -0.042478136553000811 -0.0059738257828939349 -0.041792331761927884
leaf_weight=3.7031730571761718 4.8606431136140626 3.8155250751879093 4.131414189643694 5.4044572825077903 5.383364180685021 156.40572008962044 3.7466730801388684 4.4603997441008678 12.669146461063063 9.223798572260419 12.520729501207827 6.5137693630531421 4.0490519852610296 6.4493086127331472 4.9938655335572539 30.503312793385703 7.6790047261165455
leaf_count=46 104 139 68 90 92 5521 66 71 297 184 260 85 78 79 177 539 109
internal_value=-4.10698e-05 -0.000583779 -0.0183603 -0.0104789 0.0073718 0.00121886 -0.0137117 -0.00368919 0.00795162 0.00291696 0.017629 0.0368053 -0.000140504 0.000483247 0.00387237 -0.0141189 -0.0274082
internal_weight=286.513 282.81 26.4138 22.5982 10.7878 256.396 25.7369 20.8762 16.4158 230.66 32.3073 15.7376 16.5698 198.352 161.4 36.9526 11.8104
internal_count=8005 7959 498 359 182 7461 538 434 363 6923 607 269 338 6316 5698 618 177
is_linear=0
shrinkage=0.0540709


Tree=112
num_leaves=14
num_cat=0
split_feature=105 65 98 97 105 93 65 80 40 87 45 103 108
split_gain=1.94507 4.46277 3.45349 3.44313 2.786 2.31616 2.25535 2.84813 2.13902 2.83875 2.60569 2.17801 1.64494
threshold=1.1851360581603996 4138.1732576950335 1.4438057529829535 7.0892857142857144 1.1562470532220352 1.5000000000000002 7654.5401513412044 8784.8390000000018 16884.34985599131 27463.415749999989 29.384162526537526 67.813499999999991 -0.21660384847603933
decision_type=2 2 2 2 2 2 2 2 2 2 2 2 2
left_child=2 5 4 12 8 -2 7 -5 9 10 -1 -11 -3
right_child=1 3 -4 6 -6 -7 -8 -9 -10 11 -12 -13 -14
leaf_value=0.0033305928573565528 0.0026185915763054447 0.034508921945375824 -0.049862650659619326 0.026796013802091033 -0.046845508764989635 -0.061955559800279676 0.015829060903361281 0.10962026013873583 0.045161700046551061 -0.052717175342635585 -0.011741832538505144 -0.0038017962696357639 -0.016320647117222052
leaf_weight=200.33385555481073 3.6923049096949425 2.9939352057408541 4.2305731772794379 2.4725829428061825 3.7477003752719602 2.6390945480088703 3.5478692466858774 3.0862348626833409 3.0410897994297548 5.2080644115922023 40.198599237948656 6.172365378588438 4.805858759442347
leaf_count=6156 71 69 114 79 89 103 92 66 58 103 797 113 95
internal_value=-4.47699e-05 0.0149224 -0.00139579 0.0296158 -0.000574221 -0.0231426 0.0522394 0.0741337 7.73471e-05 -0.000437955 0.000780826 -0.0268422 0.002247
internal_weight=286.17 23.2379 262.932 16.9065 258.702 6.3314 9.10669 5.55882 254.954 251.913 240.532 11.3804 7.79979
internal_count=8005 575 7430 401 7316 174 237 145 7227 7169 6953 216 164
is_linear=0
shrinkage=0.0540709


Tree=113
num_leaves=17
num_cat=0
split_feature=119 5 45 48 29 29 26 82 119 2 75 46 48 86 25 46
split_gain=1.81929 3.7724 3.51686 4.26995 3.38581 3.00963 4.02462 4.51139 4.01236 3.69972 2.89648 4.99123 2.49912 1.91644 1.29973 0.336762
threshold=0.81666666666666676 512.50000000000011 40.166228099026007 262.50000000000006 165.00000000000003 298.50000000000006 1.5000000000000002 363.50000000000006 1.0000000180025095e-35 3.5000000000000004 26498.952304487182 4770.5000000000009 195.50000000000003 -12261.362661000005 134.83333333333334 3912.5000000000005
decision_type=2 2 2 2 2 2 2 2 2 2 2 2 2 2 2 2
left_child=5 2 3 4 12 6 9 8 13 10 11 -1 -2 -8 -10 -4
right_child=1 -3 15 -5 -6 -7 7 -9 14 -11 -12 -13 -14 -15 -16 -17
leaf_value=-0.0040895399820086815 0.0012558048381333489 0.033615015970316089 0.020851435812405856 -0.047215696948829107 -0.045349890821470187 -0.058957436986350108 0.043946368669191466 -0.063543105039505693 0.017966268016664174 -0.052140333335695163 0.050905512563346716 -0.06536332083464691 0.036999349193055142 -0.057133922714685176 0.051787499043824674 0.047323335815205154
leaf_weight=104.27864599984605 110.67754443513695 11.696975962724535 4.2363658657995966 5.5221567670814684 4.3488387698307625 2.9185767518356434 0.65172893338604287 1.7179923043004226 6.6067885784432265 5.1499455381417638 2.6102123231394208 4.0623610391048706 6.0689371271291739 2.1558892509201568 9.0058540988247842 4.3188837978523225
leaf_count=4242 2021 103 76 65 28 50 71 62 112 119 60 102 70 678 92 54
internal_value=-4.27328e-05 0.00412865 0.00152191 -0.000688222 0.00137328 -0.00449839 -0.00327657 0.0189358 0.0270361 -0.00719335 -0.00503948 -0.00645655 0.00317786 -0.0310239 0.0379532 0.0350874
internal_weight=286.028 146.87 135.173 126.617 121.095 139.158 136.239 20.1383 18.4203 116.101 110.951 108.341 116.746 2.80762 15.6126 8.55525
internal_count=8005 2417 2314 2184 2119 5588 5538 1015 953 4523 4404 4344 2091 749 204 130
is_linear=0
shrinkage=0.0540709


Tree=114
num_leaves=14
num_cat=0
split_feature=92 87 41 65 65 41 59 84 49 45 47 97 92
split_gain=1.78936 1.96984 2.49572 2.91314 4.83552 4.348 2.15201 6.98073 4.12569 3.40166 5.88418 3.88851 1.7947
threshold=47.500000000000007 -37621.614999999998 44673.408500000012 6680.9877288688149 9196.3362373691434 60304.314500000008 1724.5000000000002 0.68065336463223802 69.500000000000014 29.15581232213669 1108.0000000000002 5.5904532967032976 52.500000000000007
decision_type=2 2 2 2 2 2 2 2 2 2 2 2 2
left_child=1 -1 6 -4 -5 -6 9 -8 -9 10 -3 -11 -2
right_child=12 2 3 4 5 -7 7 8 -10 11 -12 -13 -14
leaf_value=0.040651897570821403 -0.066359420720834991 0.00058768510809188278 -0.059129047873053675 0.040208300576662762 -0.046067794094712074 0.0088367995231715575 0.056604702945474906 0.022155148995478085 -0.025988650982555064 -0.049693760625574644 0.060592018917362565 -0.0029100801303950604 0
leaf_weight=3.5274270576192057 2.3607438860926768 193.43612880172441 3.9483947401749928 4.6672218078165342 9.4523407616070489 7.2669388896320006 8.529970118193889 10.567894752137365 10.216062459920066 8.221622376469897 4.9058906469726926 15.118146640830672 2.7556470094714314
leaf_count=44 79 6201 85 82 187 131 129 200 223 124 80 359 81
internal_value=-3.99974e-05 0.000513466 0 -0.0161726 -0.00789118 -0.0217638 0.0016334 0.0154039 -0.00115392 -0.000154324 0.00210977 -0.0197098 -0.0317449
internal_weight=284.974 279.858 276.331 25.3349 21.3865 16.7193 250.996 29.3139 20.784 221.682 198.342 23.3398 5.11639
internal_count=8005 7845 7801 485 400 318 7316 552 423 6764 6281 483 160
is_linear=0
shrinkage=0.0540709


Tree=115
num_leaves=29
num_cat=0
split_feature=17 84 24 42 42 40 94 109 20 17 103 103 92 65 44 45 27 54 57 103 53 42 42 87 87 40 16 104
split_gain=1.74052 3.05794 2.94744 2.55045 7.95955 8.73246 7.32067 4.38301 4.04021 6.27333 3.36224 6.15428 3.34161 3.31701 6.96496 10.7059 4.55403 3.16779 2.99969 2.93986 2.59006 2.2727 2.3661 2.2183 6.48609 2.4472 1.21962 0.670543
threshold=31.500000000000004 0.93271386685063817 189.00000000000003 217.74300000000002 237.87100000000001 7776.1232102686181 8.0000000000000018 1.1069379562355526 25.500000000000004 3.5000000000000004 170.54600000000002 21.909500000000001 23.500000000000004 7113.1143737430402 32.393569844789361 27.206855919962539 1.0000000180025095e-35 3.5000000000000004 2412.2808125000006 102.33599999999997 0.26920293888455976 102.18300000000001 54.951000000000008 -15533.019749999998 -8241.632749999997 4079.1237880187914 39.500000000000007 0.0024030245412876758
decision_type=2 2 2 2 2 2 2 2 2 2 2 2 2 2 2 2 2 2 2 2 2 2 2 2 2 2 2 2
left_child=3 2 23 8 5 6 7 -5 13 17 11 12 -6 14 16 -16 -1 20 -19 -13 -10 22 -15 -2 -25 -26 -4 -23
right_child=1 -3 26 4 10 -7 -8 -9 9 -11 -12 19 -14 21 15 -17 -18 18 -20 -21 -22 27 -24 24 25 -27 -28 -29
leaf_value=-0.022254026710552693 0.033421171361967844 0.041750647766058982 0.059507925497048905 0.061490141204835286 0.036525001327806894 -0.044424972912563782 0.12515507327014594 -0.030062059999396717 -0.058312364450483815 0.073851917590814165 0.035872982342569526 -0.042473098629338367 -0.0025666842629861017 -0.038100285781845884 0.11743374978485391 -0.0073435432192240826 0.0095026562285981161 -0.012108730631151353 0.10190624678366597 0.00031336846314017775 0.018841864484550497 -0.032721560344934203 0.030802726651486111 -0.051455632486687483 0.013012577119187236 -0.0061008925502588577 0.0095642595639348175 -0.073684209188821487
leaf_weight=51.800955503538717 5.6082563027739516 6.4173938864842048 3.6111330226995042 4.3052738602855225 8.1124775704229233 2.585964382858946 3.8312086439691484 2.2455012564314529 3.6049428856349532 4.1938257787842304 5.6942996822181149 15.890520259679763 28.906454095616937 3.9743813932873291 3.1142886114539561 5.3867328887572512 17.342771568801254 1.2549889321089724 1.2441053451620971 6.1809240277507334 1.779707368230447 2.7379130196059123 2.1988679552450776 7.0301224710419765 36.495298827067018 41.743516713380814 3.0394373736344278 4.3942651563556865
leaf_count=2682 38 75 67 130 110 68 87 90 300 59 115 449 1259 140 62 111 303 310 53 129 100 65 47 45 475 413 104 119
internal_value=-3.82112e-05 0.00551058 0.0030493 -0.00326957 0.00405825 0.042767 0.0652015 0.02898 -0.00887141 0.0202734 -0.00357718 -0.00750509 0.00580201 -0.0128233 -0.00842545 0.0375168 -0.0141818 -0.00730333 0.0417347 -0.0301574 -0.0314423 -0.0379264 -0.0123584 0.000423692 -0.00166071 0.00272043 0.0378043 -0.0590101
internal_weight=284.726 103.945 97.5278 180.78 77.7526 12.9679 10.382 6.55078 103.028 12.0776 64.7847 59.0904 37.0189 90.9502 77.6447 8.50102 69.1437 7.88374 2.49909 22.0714 5.38465 13.3054 6.17325 90.8772 85.2689 78.2388 6.65057 7.13218
internal_count=8005 1217 1142 6788 2437 375 307 220 4351 822 2062 1947 1369 3529 3158 173 2985 763 363 578 400 371 187 971 933 888 171 184
is_linear=0
shrinkage=0.0540709


Tree=116
num_leaves=24
num_cat=0
split_feature=16 7 87 90 61 96 93 20 53 95 95 103 107 57 43 57 61 91 35 97 61 4 95
split_gain=1.73498 3.27049 3.23455 2.25609 2.11679 6.55168 2.97922 2.86685 2.29953 4.62499 3.4515 2.02322 2.55173 2.01348 3.67887 3.30416 2.6398 2.32481 2.25466 1.63459 1.45738 2.31731 0.301228
threshold=40.500000000000007 1.0000000180025095e-35 678.14274999999986 -0.74999999999999989 0.36897292651482599 157.18664485268764 1.5000000000000002 6.5000000000000009 0.24443018976040617 99.500000000000014 191.50000000000003 -0.4690000000000018 1.0000000180025095e-35 1509.260462406015 172.50000000000003 5294.4419803921583 0.86496402639900405 11.500000000000002 131.50000000000003 10.162878787878789 0.82335416728087518 0.22500000000000003 1209.5000000000002
decision_type=2 2 2 2 2 2 2 2 2 2 2 2 2 2 2 2 2 2 2 2 2 2 2
left_child=3 2 13 -1 6 -6 7 -5 10 -10 -7 -8 -13 14 18 16 -15 -17 -2 -9 -4 -22 -3
right_child=1 22 20 4 5 8 11 19 9 -11 -12 12 -14 15 -16 17 -18 -19 -20 -21 21 -23 -24
leaf_value=0.03360446240591166 -0.013896284989238943 -0.066363556662906498 -0.060660445521203893 0.023282637900050338 -0.048662715213686404 0.022344468755960935 0.077456896769929715 -0.065177759427576018 -0.041109954822828858 0.01602384302293245 -0.0046827590628533977 0.059152338843576617 -0.0085544685674168418 0.024133286903375423 -0.15860284609038172 0 0.10446794717413477 -0.11764693903782759 0.073453352383713741 0 -0.049454662367356912 0.058262463764099319 -0.032231543640568579
leaf_weight=6.2280490729026488 7.7433781381696498 2.6283576519927001 3.61192838003626 5.7027043015696108 8.0819019163027388 15.153570173308252 2.9942217809148133 2.374319564551115 4.4811623888090244 46.980876369052567 150.61539759300649 2.8396837790496647 3.4489817023277283 5.3933285290840995 0.47653841006103981 3.8814704843098298 1.7057490537408737 0.55162253451999266 0.96089775813743461 2.2638747377786785 1.4271400565048682 0.96938004344701756 2.9155663257697597
leaf_count=98 1381 83 862 97 109 172 37 82 39 616 2295 89 95 728 31 475 99 55 62 60 358 7 75
internal_value=-3.97779e-05 -0.0118677 -0.00372495 0.00145033 0.000602276 -0.000849976 0.0176513 -0.0016296 0.000895302 0.0109037 -0.00216725 0.0399212 0.0208539 0.00610079 -0.0122856 0.0213786 0.0445028 -0.0139892 -0.00338858 -0.0338488 -0.038817 -0.00278897 -0.0497658
internal_weight=283.43 32.2654 26.7214 251.165 244.937 225.313 19.6238 10.3409 217.231 51.462 165.769 9.28289 6.28867 20.713 9.18081 11.5322 7.09908 4.43309 8.70428 4.63819 6.00845 2.39652 5.54392
internal_count=8005 4216 4058 3789 3691 3231 460 239 3122 655 2467 221 184 2831 1474 1357 827 530 1443 142 1227 365 158
is_linear=0
shrinkage=0.0540709


Tree=117
num_leaves=28
num_cat=0
split_feature=105 65 98 41 53 41 5 17 72 105 48 105 13 44 45 84 67 67 66 87 59 97 42 2 6 87 77
split_gain=1.75583 4.0437 3.12086 4.9429 6.19535 8.33417 3.99618 3.8789 3.79648 3.69217 4.38296 4.73056 3.59757 4.20772 4.83044 3.69875 3.4878 3.42802 3.09011 3.02952 2.36021 4.32998 2.19696 2.14249 2.14011 1.47768 1.45491
threshold=1.1851360581603996 4138.1732576950335 0.87751809483962129 12466.889000000001 0.2564402205969093 10812.227000000001 373.50000000000006 34.500000000000007 0.48473193473193477 0.73595713528645634 285.50000000000006 0.74858291295904267 33.525000000000006 33.240942028985515 25.358830224644219 0.73937782076079961 18.16397849462366 52.123737373737384 475.50000000000006 -8241.632749999997 103.50000000000001 19.505852842809368 162.37800000000001 2.5000000000000004 145.00000000000003 62.648000000000003 151.50000000000003
decision_type=2 2 2 2 2 2 2 2 2 2 2 2 2 2 2 2 2 2 2 2 2 2 2 2 2 2 2
left_child=2 23 9 4 5 6 -4 8 17 12 11 -11 13 15 -15 -1 22 -5 24 -13 21 -6 -9 -2 25 -3 -26
right_child=1 18 3 7 20 -7 -8 16 -10 10 -12 19 -14 14 -16 -17 -18 -19 -20 -21 -22 -23 -24 -25 26 -27 -28
leaf_value=-0.0036206122129649881 -0.047342842176243356 0.04309669217171317 0.051525644539546674 -0.030803695785564009 0.063441312758405172 0.14524737591314402 -0.03523880090444971 0.04702176297580727 0.03631006029720997 0.073356851799021308 -0.039764579634963784 -0.018464170743544887 0.05386886584462762 0.043236430753392237 -0.0014343774539871761 -0.03109224287640219 -0.017461993486704724 0.041014199657739663 -0.0068423833251071075 0.018496818968837741 -0.042952378742053078 -0.034117582478149687 0 0.016165879393880915 0.035596472694598695 -0.022391241963583958 0.086415143456317497
leaf_weight=42.297402189229615 3.8945945256273289 1.925814120506405 4.0921389997238311 45.673636814404745 2.4597252650419232 2.0456939417053945 2.4028712099534459 5.7456181049346942 2.7711937573039895 4.1962309114169321 4.0865837815799742 7.3805651956936336 3.134260108228772 9.3330941957537998 28.079527309455443 22.263012932264246 13.052049330435691 1.9409213778562833 4.847273859428241 44.930991594563238 4.3670474016107619 2.8136893570190296 6.4621510114520788 2.3576037183520384 4.438217272050677 1.9762008935213087 3.5926791770616546
leaf_count=2415 46 70 98 1457 54 70 111 61 52 82 50 138 30 185 515 591 116 56 81 993 118 153 85 128 110 70 70
internal_value=-4.0931e-05 0.0142388 -0.00133681 -0.00923622 0.015878 0.049592 0.0182879 -0.0153703 -0.0240495 0.0030916 0.0137435 0.0177453 -0.00297904 -0.00479991 0.00951368 -0.0132091 0.0016501 -0.0277192 0.0282631 0.0131402 -0.013228 0.00999402 0.0226888 -0.0222156 0.0431413 0.00804273 0.0592679
internal_weight=282.561 23.0324 259.528 93.8267 18.1812 8.5407 6.49501 75.6456 50.3858 165.702 60.5944 56.5078 105.107 101.973 37.4126 64.5604 25.2598 47.6146 16.7802 52.3116 9.64046 5.27341 12.2078 6.2522 11.9329 3.90202 8.0309
internal_count=8005 575 7430 2431 604 279 209 1827 1565 4999 1263 1213 3736 3706 700 3006 262 1513 401 1131 325 207 146 174 320 140 180
is_linear=0
shrinkage=0.0540709


Tree=118
num_leaves=29
num_cat=0
split_feature=103 82 83 62 67 83 36 17 42 108 42 108 86 38 105 98 39 65 95 40 69 17 65 41 57 96 39 48
split_gain=1.68967 4.902 4.42825 3.07323 6.11312 4.03392 3.01535 3.82076 3.71173 3.00206 3.77923 3.59477 3.51233 3.49573 3.46884 3.32018 3.24526 6.8315 4.78419 4.54682 4.16363 3.34375 3.00201 4.80994 2.55898 1.15227 0.852348 0.148122
threshold=-43.390499999999996 59.500000000000007 53.500000000000007 28.500000000000004 29.981481481481485 434.50000000000006 69.500000000000014 34.500000000000007 256.91350000000006 -0.037480312193310543 3.7530000000000006 -0.014576703731496108 2579.6887794999998 433822.9875000001 1.2161876101462206 1.4438057529829535 3659.4319130116965 2541.4847960556649 2467.5000000000005 3917.4319116058246 45.500000000000007 6.5000000000000009 5325.9654589244801 20870.394000000004 8188.5685303030305 205.21086375829785 3484.4462019230773 34.500000000000007
decision_type=2 2 2 2 2 2 2 2 2 2 2 2 2 2 2 2 2 2 2 2 2 2 2 2 2 2 2 2
left_child=1 2 6 22 -5 -6 7 8 -1 10 -2 13 14 -11 15 -12 18 20 19 -13 -18 -19 23 -3 -24 -20 -16 -9
right_child=9 3 -4 4 5 -7 -8 27 -10 11 12 16 -14 -15 26 -17 17 21 25 -21 -22 -23 24 -25 -26 -27 -28 -29
leaf_value=-0.022336446423844546 -0.069253385975624429 -0.041435581685826423 0.068828003706693244 0.079464989652030429 -0.050152281582818724 0.030351605758874314 -0.028188112689194526 0.031129053985435872 0.049302003248257384 0 -0.0063277170085545642 0.0017933198855506185 -0.058489039039382254 0.080154083733034689 0.007120666595252876 -0.073578752356045732 -0.012339556725835888 -0.027245292554027686 0.092199912091518399 0.084334544729877225 -0.076298893672547247 0.0032877598820711443 -0.073567145829234501 0.03848824054587878 -0.016381245716753711 0.030787449217650104 0.059566096188134895 0.057886506175288968
leaf_weight=6.6167695196345537 3.2983185627963385 3.9140771526144871 5.4505236847908227 3.1657328433357161 3.6982171243871562 3.486509150126949 3.9715929485391817 2.3379895761609069 3.1037577978568152 2.9436331883771336 44.528037983807735 39.947915284719784 3.9515273530269033 3.283081034605857 1.908643509610555 2.2878841883502892 6.7517429543076997 11.880369289894587 2.3983089533867306 2.0634411047212771 5.8292302578338422 88.924768114171457 4.0615744227543455 4.9903260197024792 6.2707017959910445 2.1882642771815881 2.6703022388974205 5.6614540363661945
leaf_count=215 88 78 85 64 87 61 62 65 80 77 1309 2347 96 55 65 48 269 531 85 50 107 1535 75 67 127 66 77 134
internal_value=-3.65224e-05 0.00827533 0.0249281 -0.00675222 0.0166182 -0.0100606 0.0135508 0.0233251 0 -0.00216647 -0.0126978 0.001505 -0.00919133 0.0418057 -0.00525493 -0.00977539 -1.78838e-05 -0.00500082 0.0119481 0.00602751 -0.0425697 -0.000237895 -0.0197115 0.00252501 -0.0395867 0.0645391 0.0393324 0.0510004
internal_weight=281.585 56.7292 27.1421 29.5871 10.3505 7.18473 21.6916 17.72 9.72053 224.855 58.6447 166.211 55.3464 6.22671 51.3949 46.8159 159.984 113.386 46.5979 42.0114 12.581 100.805 19.2367 8.9044 10.3323 4.58657 4.57895 7.99944
internal_count=8005 1200 641 559 212 148 556 494 295 6805 1683 5122 1595 132 1499 1357 4990 2442 2548 2397 376 2066 347 145 202 151 142 199
is_linear=0
shrinkage=0.0540709


Tree=119
num_leaves=18
num_cat=0
split_feature=99 76 76 86 41 65 57 103 80 77 76 47 69 32 20 67 46
split_gain=1.67409 2.46047 5.29744 2.05733 3.03375 4.41822 2.9263 1.82253 5.2189 3.41587 3.21548 3.16154 3.0463 3.86645 3.81236 2.69102 2.23388
threshold=1.0000000180025095e-35 1035.5000000000002 871.50000000000011 57961.485439000026 34307.839000000007 6754.7341007220648 7594.9450125000012 -43.390499999999996 28235.532000000003 199.50000000000003 48.500000000000007 998.50000000000011 290.50000000000006 149.50000000000003 15.500000000000002 15.016666666666667 443.50000000000006
decision_type=2 2 2 2 2 2 2 2 2 2 2 2 2 2 2 2 2
left_child=7 2 3 4 5 -2 -6 8 9 10 16 12 13 14 -9 -15 -1
right_child=1 -3 -4 -5 6 -7 -8 11 -10 -11 -12 -13 -14 15 -16 -17 -18
leaf_value=-0.0060940979594473164 -0.011437522490606252 -0.057686826627456209 0.095975520001669909 0.042823495998802127 0.012839681248705423 0.036396127393326663 -0.059849669105626273 -0.0023225580865509909 -0.01598073777192472 0.052747779102909891 -0.002300225789731344 0.023215075378141898 -0.039805594527679594 0 0.021605249685318566 -0.045481419355118159 0.052304523056887584
leaf_weight=2.3133585304021853 41.671087399648968 2.7955200989963478 1.4571153697324906 2.1794337842729865 1.9965497730881887 6.4856243912945493 6.0752870212891139 109.54949544428382 13.880850318586452 8.6557045169174653 15.266889840364454 15.067448921501635 6.2244095420464864 7.0563610545359579 23.600574715877883 9.1329023472499085 7.2045850236900151
leaf_count=46 4536 118 45 70 148 346 453 1258 93 59 111 90 41 76 206 87 222
internal_value=-3.22114e-05 -0.00784687 -0.00539403 -0.00805293 -0.0101579 -0.00484058 -0.0409561 0.00218062 0.0115746 0.0232339 0.0126248 -0.000381432 -0.00271472 -0.00111874 0.00186337 -0.0260988 0.0373361
internal_weight=280.613 62.6606 59.8651 58.408 56.2285 48.1567 8.07184 217.953 47.3214 33.4405 24.7848 170.631 155.564 149.339 133.15 16.1893 9.51794
internal_count=8005 5716 5598 5553 5483 4882 601 2289 531 438 379 1758 1668 1627 1464 163 268
is_linear=0
shrinkage=0.0540709


Tree=120
num_leaves=11
num_cat=0
split_feature=86 75 41 86 70 64 78 17 2 2
split_gain=1.61155 2.31331 3.96844 2.41944 2.36267 2.331 3.76726 2.39712 2.25205 1.77469
threshold=86262.34423100001 17857.552300000003 63474.969500000007 50394.176710499989 2042.0000000000002 12053.679150000002 0.85144764717211274 1.0000000180025095e-35 1.0000000180025095e-35 3.5000000000000004
decision_type=2 2 2 2 2 2 2 2 2 2
left_child=1 2 4 8 5 7 -7 -1 -3 -10
right_child=-2 3 -4 -5 -6 6 -8 -9 9 -11
leaf_value=-0.041207670676933691 -0.034265101760517266 0.028987857145001766 -0.068020910649378583 0.052576958772719333 -0.034236139701009326 0.060055535549635733 -0.0032019203747765176 0.00038257576607101561 -0.057973636130191478 0.014394318394160955
leaf_weight=4.1166247604996888 3.967634971777442 4.891617897897957 2.5308893219334996 4.9277544852811834 5.7646166569902553 4.9603944980190118 5.718820562120527 239.11327744426671 2.2238958578091119 1.5485762015450744
leaf_count=778 72 33 56 71 101 101 138 6490 119 46
internal_value=-3.56174e-05 0.000430278 -0.000669928 0.0221951 0 0.000764337 0.0254948 -0.000291306 0.00405356 -0.0263177
internal_weight=279.764 275.796 262.205 13.5918 259.674 253.909 10.6792 243.23 8.66409 3.77247
internal_count=8005 7933 7664 269 7608 7507 239 7268 198 165
is_linear=0
shrinkage=0.0540709


Tree=121
num_leaves=28
num_cat=0
split_feature=53 6 61 108 103 103 53 86 61 61 43 71 96 105 98 41 7 57 104 65 104 98 66 76 93 109 53
split_gain=1.56271 4.90767 2.86095 2.79995 4.09539 3.16365 2.39419 3.1135 6.01006 5.63699 4.989 4.97747 3.53306 2.93727 5.14033 4.2165 3.62944 3.11664 3.09305 2.71319 2.64114 2.35743 2.06783 3.36596 1.81583 1.52348 1.19785
threshold=0.36182795698924736 167.08333333333334 0.33368569415081045 0.22098966964514613 -63.039000000000001 -18.641500000000001 0.24443018976040617 -2064.0136050000069 0.62060267745300346 0.65944149680976316 3014.0000000000005 0.50586709273958019 213.90906730230896 1.204826453511967 0.91641692552251997 12466.889000000001 78.677728640079621 1803.3215450000002 0.24319582469579101 3943.6829619737341 0.48882761842349043 1.0793633525527195 170.50000000000003 152.50000000000003 1.5000000000000002 0.64377230805766905 0.56657372077096191
decision_type=2 2 2 2 2 2 2 2 2 2 2 2 2 2 2 2 2 2 2 2 2 2 2 2 2 2 2
left_child=6 2 24 4 -4 -6 13 8 12 10 11 -9 19 14 16 17 20 -16 -17 -8 -1 25 -23 -24 -2 -15 -26
right_child=1 -3 3 -5 5 -7 7 9 -10 -11 -12 -13 -14 21 15 18 -18 -19 -20 -21 -22 22 23 -25 26 -27 -28
leaf_value=-0.001132186668619192 -0.020084785372426955 0.029500734368094413 0.0088950501077812907 0.0040651374690489359 -0.10262358045606874 -0.037448018882659764 0.053687253962994827 0.013333579862077732 -0.028807274129731372 0.064227364786260122 0.055675358250014545 -0.034203316554628986 0.097317393741722297 0.016014528776753259 -0.033761809386020594 -0.015218566641104171 0.049652353881433769 0.04628504994589748 -0.048956130291033663 -0.0082747635057218126 0.030955942240704262 0.038832500844190092 -0.058348469312300907 0.023591588725505184 0.056525946194485484 0.081565764274562608 -0.0027377247100309247
leaf_weight=120.26963315409375 4.1877054012147772 6.5455099511891595 2.705662402266177 3.6611781365936613 3.9483089004643315 6.1136153811239531 5.3928304208093305 11.090964829316368 3.4922033216571426 3.8481156252091742 3.4198263994767322 14.849887014017439 3.505591138964518 2.250590961193665 1.918491817137691 35.538382569677196 4.6221740730106822 4.772846260399092 10.735453291214069 3.0461073861224577 7.9823654723586506 3.499153675278647 2.6944510877947323 3.0635995347984135 2.2469657234614719 2.6474559236085042 1.3887735906755549
leaf_count=4083 84 82 60 108 84 165 132 285 92 85 46 341 81 77 68 916 39 149 268 65 194 96 63 74 89 61 118
internal_value=-3.5566e-05 -0.0115498 -0.0229354 -0.0357902 -0.0477965 -0.063774 0.001361 0.0121331 0.0322387 0.00256324 -0.00527112 -0.0135947 0.0507073 -0.0012223 -0.00306591 -0.0173272 0.00256335 0.0222268 -0.0232073 0.0304495 0.000807829 0.0224565 0.0055023 -0.0134762 0.00311685 0.0529746 0.0318687
internal_weight=279.438 30.7977 24.2522 16.4288 12.7676 10.0619 248.64 48.6455 15.4367 33.2088 29.3607 25.9409 11.9445 199.995 185.839 52.9652 132.874 6.69134 46.2738 8.43894 128.252 14.1553 9.2572 5.75805 7.82344 4.89805 3.63574
internal_count=8005 790 708 417 309 249 7215 1127 370 757 672 626 278 6088 5717 1401 4316 217 1184 197 4277 371 233 137 291 138 207
is_linear=0
shrinkage=0.0540709


Tree=122
num_leaves=13
num_cat=0
split_feature=92 87 41 43 69 52 60 34 87 41 62 78
split_gain=1.59501 1.61179 2.11828 2.43593 2.20832 2.66593 2.53715 2.02666 2.47699 3.12758 2.92953 2.44099
threshold=49.500000000000007 -37621.614999999998 44673.408500000012 1669.5000000000002 177.50000000000003 0.88378728619717883 5362.0000000000009 1.0000000180025095e-35 -7385.5959999999986 18919.449500000006 28.500000000000004 0.65370853936329809
decision_type=2 2 2 2 2 2 2 2 2 2 2 2
left_child=1 -1 7 -4 5 -5 -6 8 9 -3 -10 -9
right_child=-2 2 3 4 6 -7 -8 11 10 -11 -12 -13
leaf_value=0.037539205674594865 -0.032539475396606954 -0.050649115373879103 -0.056520599373724875 0.040912238160012118 -0.058475581489131727 -0.010927095920032586 0.00073991868875887784 -0.00017530973080693448 -0.00022364673204357474 -0.004837489633775908 0.017843483793398066 0.049094704837614994
leaf_weight=3.3832342352252445 4.3471409853082141 5.7581590948975672 3.6051830550422919 4.2820776264998157 4.2943418803042723 8.6720577827072685 3.6939734249608591 5.5321151320822519 179.30341106193373 19.85123832343379 30.586251272761729 5.6328703090548515
leaf_count=45 123 144 98 71 96 178 46 83 6039 441 586 55
internal_value=-2.70172e-05 0.000461027 0 -0.0151489 -0.00766884 0.00564226 -0.0301753 0.00150573 0.000406507 -0.01543 0.00237414 0.0240248
internal_weight=278.942 274.595 271.212 24.5476 20.9425 12.9541 7.98832 246.664 235.499 25.6094 209.89 11.165
internal_count=8005 7882 7837 489 391 249 142 7348 7210 585 6625 138
is_linear=0
shrinkage=0.0540709


Tree=123
num_leaves=19
num_cat=0
split_feature=107 86 98 96 65 65 64 43 98 96 81 80 77 59 51 91 64 42
split_gain=1.47903 2.77928 2.6986 2.6474 2.75452 5.26055 3.82785 3.66136 4.66714 2.84416 1.75233 2.38036 3.34397 2.85852 3.91096 2.59519 1.58195 0.575154
threshold=1.0000000180025095e-35 38210.275363000001 1.4438057529829535 761.38850579710163 5900.6150507324337 4684.5151719619325 7098.2343388888903 609.00000000000011 0.93048006906694158 179.48588080641733 11040.053550000002 22940.569000000003 372.50000000000006 554.50000000000011 760.50000000000011 4.5000000000000009 7098.2343388888903 107.21750000000002
decision_type=2 2 2 2 2 2 2 2 2 2 2 2 2 2 2 2 2 2
left_child=1 10 3 4 5 6 -2 -6 -9 -7 11 13 -13 14 -1 -15 -14 -4
right_child=2 -3 17 -5 7 9 -8 8 -10 -11 -12 12 16 15 -16 -17 -18 -19
leaf_value=0.012508787767685605 -0.0031564339167040149 -0.032597204599960357 -0.021934474071763643 -0.054003545716818022 0.06398874208969027 0.023816239237081028 0.054883185675883593 0.014793919455403974 -0.02496476916105967 -0.040931465703085042 0.032404530215170063 -0.026548056408612415 0.024372970004348606 0.00011008642734019385 -0.021016223349865755 0.042448340852823688 -0.0074365246821928976 -0.077307839925731731
leaf_weight=37.812569078523666 84.72139680152759 5.527779904427006 1.553958726988639 2.8548830166109829 3.3305275070015332 2.1129028500290614 3.4516793239745303 35.277961912332103 11.34364766825456 15.931074699503368 7.2381756433751425 14.711148445494471 8.9203010369092244 6.8940588841214803 13.830934010329655 12.639974835794417 8.8747726930305344 1.6388649375294333
leaf_count=781 4132 44 87 106 108 43 115 838 374 539 64 102 65 117 184 162 65 79
internal_value=-2.91213e-05 0.00459329 -0.00339296 -0.00235573 -0.00136351 -0.00632911 -0.000799258 0.00904709 0.00496087 -0.0329381 0.0065139 0.00463455 -0.00735676 0.0102148 0.00338665 0.0278861 0.00809464 -0.052704
internal_weight=278.667 116.45 162.217 159.024 156.169 106.217 88.1731 49.9521 46.6216 18.044 110.922 103.684 32.5062 71.1775 51.6435 19.534 17.7951 3.19282
internal_count=8005 1584 6421 6255 6149 4829 4247 1320 1212 582 1540 1476 232 1244 965 279 130 166
is_linear=0
shrinkage=0.0540709


Tree=124
num_leaves=26
num_cat=0
split_feature=49 50 66 62 84 65 61 42 66 79 58 65 44 44 62 105 98 101 52 49 40 87 44 41 53
split_gain=1.49223 3.38956 2.91586 2.87562 3.64967 4.8733 2.59132 4.90413 2.39555 3.8463 4.994 4.29227 3.64052 3.97728 3.76674 2.57093 2.38315 2.28744 2.19558 1.97266 1.97186 1.72439 1.67594 1.6246 0.24815
threshold=162.50000000000003 321.50000000000006 824.50000000000011 28.500000000000004 0.69777337951509166 3273.4109459096853 0.78670074424874648 511.60000000000008 579.50000000000011 7.5000000000000009 1537.0000000000002 5940.0391823993832 33.240942028985515 36.234848484848492 26.500000000000004 1.3667893191096849 0.6554177359357386 3.1500000000000004 0.65038092640035428 83.500000000000014 5218.1917659137644 2966.4392499999999 18.675918979744939 35132.552500000013 0.081490914909262566
decision_type=2 2 2 2 2 2 2 2 2 2 2 2 2 2 2 2 2 2 2 2 2 2 2 2 2
left_child=3 2 -2 8 5 -5 19 21 12 10 17 -12 14 -14 15 -1 -15 -10 -7 -6 -11 -8 -16 -4 -22
right_child=1 -3 23 4 6 18 7 -9 9 20 11 -13 13 16 22 -17 -18 -19 -20 -21 24 -23 -24 -25 -26
leaf_value=-0.0038776230500584129 0.011260616335910438 0.022478599190010527 -0.067880656046493612 -0.012316482462432818 -0.045852133259756352 0.032212933850644603 0.061656743594449247 -0.029480071974840469 0.013681817180751642 -0.0025434213753627154 0.056543414951404511 -0.00038542868095715649 0.075354426336169372 0.049371242020810821 0.006155612594584213 0.028487234896251566 -0.012159809873684953 -0.037896242174495637 0.087902698223166778 0.0042022912321968506 -0.073145554365723814 0.014315189963439643 0.061521740773277767 -0.020476982200805981 -0.042614127067032527
leaf_weight=150.99670694363886 3.4485865031601888 4.8788269286742425 4.8561012435238791 3.8086360443849108 4.5566734953899886 5.0962621612707135 4.7594050777843204 4.5617448693374163 2.9147917730733743 2.9053065235493687 5.0341899290215251 15.672825128363909 3.9010702152736476 2.7246477304724959 3.2256316467537536 7.4955276676337226 5.369808362913318 12.357843932346439 4.3569740886450745 4.1580578307039104 3.3126154803903773 5.2447261053021066 3.9600238259881735 4.7804447924136184 3.5115500370739028
leaf_count=5452 75 63 84 61 75 95 90 123 17 52 79 282 81 58 87 207 160 316 74 86 57 102 51 85 93
internal_value=-2.91593e-05 -0.0151256 -0.0297127 0.000985872 0.015063 0.0377321 0.00182963 0.0160728 -0.00128399 -0.0123412 -0.00395661 0.0131024 0.00151915 0.0302917 -0.000519821 -0.0023 0.00764675 -0.0275681 0.0586762 -0.0211267 -0.04258 0.0375848 0.0377056 -0.0451416 -0.0585361
internal_weight=277.889 17.964 13.0851 259.925 36.5425 13.2619 23.2806 14.5659 223.383 45.7091 35.9797 20.707 177.673 11.9955 165.678 158.492 8.09446 15.2726 9.45324 8.71473 9.72947 10.0041 7.18566 9.63655 6.82417
internal_count=8005 307 244 7698 706 230 476 315 6992 896 694 361 6096 299 5797 5659 218 333 169 161 202 192 138 169 150
is_linear=0
shrinkage=0.0540709


Tree=125
num_leaves=23
num_cat=0
split_feature=99 76 76 51 46 78 92 60 105 64 41 95 70 95 84 105 92 95 105 109 40 61
split_gain=1.54109 2.29242 4.37656 2.13613 6.09459 6.33307 2.84841 2.17866 1.63496 3.0997 4.53789 4.37025 4.19474 3.69861 2.98707 2.50843 2.40417 3.76505 3.80851 2.68649 2.54044 2.08206
threshold=1.0000000180025095e-35 1035.5000000000002 871.50000000000011 3939.0000000000005 2398.5000000000005 0.7936895083236547 22.500000000000004 365.50000000000006 0.89808705688280666 5908.0088766025647 20285.292000000005 438.50000000000006 334.50000000000006 940.50000000000011 0.95529051172707891 1.0883051456051283 32.500000000000007 1930.5000000000002 0.62712954505051954 1.0665137249858598 3253.1204084102073 0.33368569415081045
decision_type=2 2 2 2 2 2 2 2 2 2 2 2 2 2 2 2 2 2 2 2 2 2
left_child=8 2 3 4 7 -6 -5 -2 14 10 11 -10 -13 -11 16 -12 17 21 -19 20 -18 -1
right_child=1 -3 -4 6 5 -7 -8 -9 9 13 15 12 -14 -15 -16 -17 19 18 -20 -21 -22 -23
leaf_value=0.020319520451636808 0.0035913048941741076 -0.057382993982064846 0.085036284008347923 0.026794519368465202 0.12852380331048532 0 -0.057980313848295412 -0.019797695224406536 -0.030146752002922279 0.016630169778184243 0.058085214352221907 -0.0012858582141756479 0.04749035988314048 -0.029779260489873689 0.030602568827495853 0.01680471571271935 0.030501641452201727 0.0045355498397952948 -0.047691941551202696 0.044403167578377617 -0.023552042245718639 -0.0044097628300528678
leaf_weight=11.078294818289576 19.480277742841281 2.6166531963972366 1.5134488907642651 1.3893165513873089 1.9684892002842378 2.5610702469712123 4.8258873650920577 27.328442225261824 8.2006599442102033 8.9765373674454185 9.1169418382924068 13.954396726796405 7.9219180336222044 11.080098201520739 8.1780781166162324 9.400198864284901 4.4151165019720811 6.0206900187768069 11.2589370009955 6.1930203381925812 5.9790459224022925 93.931562298792414
leaf_count=307 2483 118 45 41 59 163 374 2433 78 87 75 154 60 93 72 93 77 86 91 49 69 898
internal_value=-2.68937e-05 -0.00758954 -0.00525655 -0.00776246 -0.00397592 0.0556538 -0.0378386 -0.00990634 0.00210153 0.0090028 0.0164369 0.00320157 0.0160423 -0.00864025 -0.00107007 0.0375328 -0.00298886 -0.00565396 -0.0290685 0.0162123 0 -0.00173013
internal_weight=277.389 61.6836 59.0669 57.5535 51.3383 4.52956 6.2152 46.8087 215.705 68.6508 48.5941 30.077 21.8763 20.0566 147.055 18.5171 138.877 122.289 17.2796 16.5872 10.3942 105.01
internal_count=8005 5716 5598 5553 5138 222 415 4916 2289 640 460 292 214 180 1649 168 1577 1382 177 195 146 1205
is_linear=0
shrinkage=0.0540709


Tree=126
num_leaves=18
num_cat=0
split_feature=16 87 26 90 29 29 20 108 32 73 96 24 83 53 98 73 73
split_gain=1.54075 2.69927 2.83842 2.07411 2.05566 2.63568 2.39986 1.80522 2.04138 4.35219 4.59504 2.79481 5.08428 3.43242 1.09855 0.498755 0.044116
threshold=40.500000000000007 678.14274999999986 2.5000000000000004 -0.74999999999999989 253.50000000000003 198.50000000000003 27.500000000000004 0.99005843054082721 149.50000000000003 6.5000000000000009 233.45112466620407 358.50000000000006 456.50000000000006 0.36182795698924736 0.47666145760839229 1.5000000000000002 14.500000000000002
decision_type=2 2 2 2 2 2 2 2 2 2 2 2 2 2 2 2 2
left_child=3 2 4 -1 5 6 -2 8 11 -10 -11 13 -13 -5 -3 -16 -17
right_child=1 14 -4 7 -6 -7 -8 -9 9 10 -12 12 -14 -15 15 16 -18
leaf_value=0.032856570188872843 -0.0038368632196021241 0.02867352467726823 -0.10632430889388229 0.0013231193698119454 0.046381798545607394 -0.087921204722050839 0.10651085058106433 0.025211347109406593 -0.056152476415217138 0.029109105612859312 -0.031040358209904997 0.023787759287015448 -0.040528359156907445 -0.021977988459730258 0 -0.056015255080865071 -0.020165614323621111
leaf_weight=5.9811797705478957 19.503412475693057 0.46659717534202982 0.7478578919544806 156.38567092642188 2.5488628769526249 1.0622854884713877 0.59107677242718537 8.3937569216359389 5.8238858571276095 7.4154141638427955 7.4213095167651772 29.01389511913294 4.0258860496105617 20.909051591996104 0.37018414953490708 5.0411622934334446 0.80977864970918734
leaf_count=98 2565 35 13 2360 91 19 227 101 89 83 115 618 66 259 53 1044 169
internal_value=-2.17314e-05 -0.011377 -0.00272599 0.0013894 0.000239965 -0.00497384 -0.000212059 0.000572016 -0.000291544 -0.0165348 -0.000479616 0.00126901 0.015725 -0.00138342 -0.0418934 -0.0483819 -0.0523257
internal_weight=276.511 31.1412 24.4535 245.37 23.7056 21.1568 20.0945 239.389 230.995 20.6606 14.8367 210.335 33.0398 177.295 6.68772 6.22113 5.85094
internal_count=8005 4216 2915 3789 2902 2811 2792 3691 3590 287 198 3303 684 2619 1301 1266 1213
is_linear=0
shrinkage=0.0540709


Tree=127
num_leaves=22
num_cat=0
split_feature=92 92 108 95 109 45 43 57 106 20 30 76 17 44 92 47 78 65 78 95 42
split_gain=1.4416 1.51618 1.4804 3.93782 4.05122 4.32887 3.39291 2.26059 1.93977 3.22313 10.951 5.70838 4.99317 3.51702 2.59858 4.12489 4.11486 3.26634 3.22981 2.85213 0.601304
threshold=47.500000000000007 52.500000000000007 -0.6183104375797237 3167.5000000000005 0.49952343068524035 29.767756705208665 236.50000000000003 2506.3136812169319 0.88333333333333341 15.500000000000002 1.0000000180025095e-35 111.50000000000001 8.5000000000000018 31.668949771689501 32.500000000000007 343.50000000000006 0.36435786435786438 2378.2363430548457 0.59807371494109074 205.50000000000003 217.74300000000002
decision_type=2 2 2 2 2 2 2 2 2 2 2 2 2 2 2 2 2 2 2 2 2
left_child=2 -2 3 4 5 6 -1 -6 9 12 -11 -12 -4 -14 16 18 19 -18 -16 -10 -9
right_child=1 -3 8 -5 7 -7 -8 20 14 10 11 -13 13 -15 15 -17 17 -19 -20 -21 -22
leaf_value=-0.027345532496124342 -0.061571681295735127 0 0.023465976995107267 -0.059815776606753711 -0.0029950618403086085 -0.059517582162889354 0.034660671385900101 0.036247273688878964 -0.026528558204864258 0.077551365582493065 -0.03213082573162359 0.0063911066671062102 -0.028483308182588277 0 -0.034548491906846786 0.06526433213243471 -0.028047015503355168 0.0010727746544196483 0.024220045858554955 0.042051403737292381 0.068854241534803781
leaf_weight=3.754148845560854 2.2627434014575547 2.6348338961834088 9.0554400309920293 2.0144158883485934 2.3831979683600357 2.9646029003197318 7.7120214440510608 4.8637586786644516 2.0096684034215277 5.3287222953513256 15.050247679988386 43.959878404653864 39.870607409742661 18.99334387818817 3.8060510321520296 4.9686415735632172 13.453709271387195 66.669371881755069 9.3300937223248166 10.108268761425277 4.7001943141804077
leaf_count=171 79 81 100 64 93 79 271 149 30 43 1455 1369 1964 397 72 55 149 734 141 374 135
internal_value=-2.3337e-05 -0.0291158 0.00047539 0.0121745 0.0179569 -0.00082552 0.0137133 0.0412584 -0.000863407 -0.00530506 0.00327532 -0.0033093 -0.0135418 -0.0193611 0.00439328 0.0231334 0.000634432 -0.0037252 0.00662705 0.0300654 0.0530566
internal_weight=275.894 4.89758 270.996 28.3923 26.3779 14.4308 11.4662 11.9472 242.604 132.258 64.3388 59.0101 67.9194 58.864 110.346 18.1048 92.241 80.1231 13.1361 12.1179 9.56395
internal_count=8005 160 7845 962 898 521 442 377 6883 5328 2867 2824 2461 2361 1555 268 1287 883 213 404 284
is_linear=0
shrinkage=0.0540709


Tree=128
num_leaves=14
num_cat=0
split_feature=100 17 20 39 95 17 20 34 104 106 20 85 30
split_gain=1.43418 2.52071 1.98411 4.14854 2.30418 2.03308 8.50447 4.07571 3.33075 2.47798 1.60279 0.711932 0.263509
threshold=33.525000000000006 1.0000000180025095e-35 26.500000000000004 6942.2172554112558 820.00000000000011 6.5000000000000009 22.500000000000004 1.0000000180025095e-35 0.20992295189059332 0.71666666666666667 17.500000000000004 -53290.922749999991 1.5000000000000002
decision_type=2 2 2 2 2 2 2 2 2 2 2 2 2
left_child=1 10 5 4 -4 7 9 8 -3 -7 -1 -12 -13
right_child=-2 2 3 -5 -6 6 -8 -9 -10 -11 11 12 -14
leaf_value=0.021284727952987151 0.022887890825688612 -0.051721578210481234 0.0014940563962335361 -0.022383614295911177 0.069289473975445728 -0.0097113231240342889 0.05666350421201221 0.011836408154603325 0.012051798331834489 0.002451362513917932 0.0047386179794262368 -0.053475005287581277 -0.12358384225868908
leaf_weight=0.822937429882585 7.7433291391935191 9.8008356348145735 2.4622581712901574 3.7209660036605783 4.6935166817856953 72.177533118054271 7.6092618679394937 8.2395774605683982 2.9376906740362765 150.92014192760689 0.28500108327716622 3.0355180960905277 0.38914260268211354
leaf_count=12 70 702 97 66 88 2855 109 96 163 2899 34 809 5
internal_value=-2.06843e-05 -0.00071268 0 0.0225856 0.0470016 -0.000999552 0.000434726 -0.0171238 -0.0364348 -0.00145049 -0.0406826 -0.0564249 -0.0636716
internal_weight=274.838 267.094 262.562 10.8767 7.15577 251.685 230.707 20.9781 12.7385 223.098 4.5326 3.70966 3.42466
internal_count=8005 7935 7075 251 185 6824 5863 961 865 5754 860 848 814
is_linear=0
shrinkage=0.0540709


Tree=129
num_leaves=15
num_cat=0
split_feature=104 57 29 27 2 97 57 50 29 87 98 59 53 61
split_gain=1.38388 4.89056 2.12452 3.24482 4.47785 3.36775 4.99006 2.60896 2.32704 1.90122 2.02557 1.85866 1.65607 0.447251
threshold=-0.85068114658283844 5933.2190035714293 298.50000000000006 1.0000000180025095e-35 3.5000000000000004 18.030303030303035 3985.5483589324626 12.500000000000002 1.0000000180025095e-35 2859.3147500000009 0.9989394006637593 7.5000000000000009 0.078166689277800364 0.68590717792845457
decision_type=2 2 2 2 2 2 2 2 2 2 2 2 2 2
left_child=1 11 3 4 5 7 -7 -2 -6 10 12 -1 -5 -13
right_child=2 -3 -4 9 8 6 -8 -9 -10 -11 -12 13 -14 -15
leaf_value=-0.0081890704923207099 0.016343755326690107 -0.041846062819300027 -0.045355899051271013 0.015201523337833905 0.020351403457104181 -0.047262597126096595 0.015828970468373671 -0.0014668352552010366 -0.060430391249843445 -0.007557779569259071 -0.0011032960468986572 0.037425818670123331 0.054142897590579102 0.075056208891341236
leaf_weight=1.4583175058360192 27.582864645577502 2.6786482733441517 3.0917171959299585 6.5437509333714896 1.1253070086240757 10.355119909392668 5.4493825676036058 185.09727679466596 5.5907227516290732 6.0445886673405758 5.2472253162413827 3.3171557170571759 7.761495518963784 2.7449915068573318
leaf_count=104 1661 104 53 169 6 553 234 3797 854 38 62 130 136 104
internal_value=-1.6806e-05 0.0194963 -0.000799134 -0.000242206 -0.00225988 -0.000947521 -0.0250419 0.000808442 -0.0457926 0.0180073 0.0262886 0.0423336 0.0368513 0.0557048
internal_weight=274.089 10.1991 263.889 260.798 235.201 228.485 15.8045 212.68 6.71603 25.5971 19.5525 7.52046 14.3052 6.06215
internal_count=8005 442 7563 7510 7105 6245 787 5458 860 405 367 338 305 234
is_linear=0
shrinkage=0.0540709


Tree=130
num_leaves=32
num_cat=0
split_feature=16 7 22 40 91 20 50 84 107 62 16 50 69 85 67 104 39 109 105 95 74 44 55 54 92 64 75 54 60 95 95
split_gain=1.36022 2.82383 2.82524 2.28767 3.67993 2.78934 2.0244 3.89697 3.39502 3.72922 3.33068 4.28743 3.28899 4.02721 4.38842 5.33861 2.83245 2.57137 3.14744 6.22929 3.73002 2.36946 2.18641 1.82924 1.6334 1.60236 1.4453 1.23714 1.08063 0.812294 0.240003
threshold=40.500000000000007 1.0000000180025095e-35 1.0000000180025095e-35 4033.0566300468477 11.500000000000002 27.500000000000004 12.500000000000002 0.69777337951509166 1.0000000180025095e-35 7.5000000000000009 39.500000000000007 7.5000000000000009 39.500000000000007 -28068.222749999983 11.282857142857145 -0.26971504704455418 1560.5732433862433 0.28450241964846468 0.89808705688280666 1516.5000000000002 11303.452500000005 11.95227272727273 37.500000000000007 1.0000000180025095e-35 29.500000000000004 3370.9432777777783 28126.303013736269 37.500000000000007 22.500000000000004 402.50000000000006 1209.5000000000002
decision_type=2 2 2 2 2 2 2 2 2 2 2 2 2 2 2 2 2 2 2 2 2 2 2 2 2 2 2 2 2 2 2
left_child=6 2 3 4 5 -2 7 8 9 16 11 -10 13 22 21 -16 -1 -14 20 -20 -19 -15 25 -4 -9 -8 28 -25 -5 -29 -3
right_child=1 30 23 26 -6 -7 12 24 10 -11 -12 -13 17 14 15 -17 -18 18 19 -21 -22 -23 -24 27 -26 -27 -28 29 -30 -31 -32
leaf_value=0 -0.030717529171116746 -0.063734733500172058 -0.022995046900291576 -0.19923876121471193 0.066045690503533941 0.080611114150316687 0 0.048321082649188912 -0.060325117049128546 -0.033911400724592762 0.02688865956386826 0.01681457684576575 -0.031432194989712767 -0.0237057966185149 -0.099446265516569599 -0.025413582603211689 0.052022689483919402 0.048264987675466865 0.027064191798473799 -0.019083704946207466 -0.0031579996269873634 0.02944524215573879 -0.017384916042609087 0.048062141907952022 0.0039025014840252418 0.055838614307507368 0.037245087741281102 0.02837583415134088 -0.052966356913528946 -0.02002908997557875 -0.030502141402811298
leaf_weight=5.2343905372545105 7.3128737705992553 2.406590345373842 2.4005633424967536 0.19809399428777474 1.752525848976801 0.6913539366214535 2.7375336536206287 9.5325410861987603 6.6562835078220832 3.1674529993906608 3.1529280780814579 2.8895696306135505 6.192479725694283 4.3487932652351464 3.5229105449980151 18.078509328188375 7.5429084016941488 4.2882512515643603 35.108626600936987 11.111899419629479 102.55037767626345 5.4675985280191526 3.7418922578217462 4.6806144160218519 3.7489607105380847 3.871839220286347 0.38098118582274754 2.1623550443910067 3.8263530804833863 1.783772798720747 2.6770756623591296
leaf_count=165 2069 83 17 16 97 278 73 126 261 30 62 63 70 87 59 300 162 80 368 237 1273 96 58 144 119 100 35 104 1224 74 75
internal_value=-1.62233e-05 -0.0108501 -0.00311463 -0.0193391 -0.00390633 -0.0201593 0.00130343 0.0121236 0.000633945 0.0174943 -0.0199536 -0.036202 -0.00091657 -0.014448 -0.0241734 -0.0378383 0.0308196 0.00258625 0.00401129 0.0158095 -0.00102388 0.0051458 0.0143549 0.0170517 0.0363422 0.0334421 -0.0518225 0.0290551 -0.0621054 0.00462431 -0.0477081
internal_weight=273.219 30.2732 25.1895 14.1622 9.75675 8.00423 242.946 41.925 28.6435 15.9448 12.6988 9.54585 201.021 41.7691 31.4178 21.6014 12.7773 159.252 153.059 46.2205 106.839 9.81639 10.3513 11.0273 13.2815 6.60937 4.40543 8.62674 4.02445 3.94613 5.08367
internal_count=8005 4216 4058 3719 2444 2347 3789 988 743 357 386 324 2801 773 542 359 327 2028 1958 605 1353 183 231 339 245 173 1275 322 1240 178 158
is_linear=0
shrinkage=0.0540709


Tree=131
num_leaves=13
num_cat=0
split_feature=92 87 49 85 85 47 6 98 32 31 92 91
split_gain=1.31623 1.39856 1.66733 4.01845 5.28017 2.99242 7.73283 6.9206 3.50638 2.92446 2.72402 2.3639
threshold=49.500000000000007 -37621.614999999998 162.50000000000003 -43558.617750000034 29078.056000000004 857.50000000000011 158.04166666666671 0.80272483290639285 149.50000000000003 1.0000000180025095e-35 24.500000000000004 4.5000000000000009
decision_type=2 2 2 2 2 2 2 2 2 2 2 2
left_child=1 -1 5 -4 11 8 7 -7 9 -3 -10 -5
right_child=-2 2 3 4 -6 6 -8 -9 10 -11 -12 -13
leaf_value=0.035327226568588256 -0.030053539952341769 0.00021364729462901413 -0.063992385548488781 0.051192783273844009 -0.055680817472001855 0.032624466991062105 0.08148648438517532 -0.045505907607504281 -0.059861694609046015 0.032549521202761271 -0.011105837287028948 -0.002550840383918963
leaf_weight=3.3136243585031471 4.2039657298009834 198.80416039703414 3.9760517357499365 4.0421498251962458 3.7838750474038525 8.3163744210323802 4.7546969540417185 5.4996358966454855 4.3619632595218745 8.549854106269775 17.227056032279506 5.2705337530933321
leaf_count=45 123 6766 55 87 71 161 40 103 59 150 258 87
internal_value=-1.53403e-05 0.000428678 0 -0.0163508 -0.00131463 0.00111869 0.0220022 0.000986536 -0.000543184 0.00158293 -0.0213041 0.0199895
internal_weight=272.104 267.9 264.586 17.0726 13.0966 247.514 18.5707 13.816 228.943 207.354 21.589 9.31268
internal_count=8005 7882 7837 300 245 7537 304 264 7233 6916 317 174
is_linear=0
shrinkage=0.0540709


Tree=132
num_leaves=23
num_cat=0
split_feature=53 6 67 64 53 104 99 53 95 5 69 39 81 98 57 72 95 52 57 7 107 24
split_gain=1.38204 4.10439 2.37986 3.62695 2.95227 2.64248 2.52397 2.08313 5.23036 3.29957 3.13692 5.38684 5.35429 4.26664 3.30105 2.81098 2.4328 5.50371 5.10418 3.6725 2.46466 1.57272
threshold=0.36182795698924736 167.08333333333334 7.9705882352941186 1746.8513928571429 0.37885677596397416 -0.22525275208076742 1.0000000180025095e-35 0.24443018976040617 74.500000000000014 661.50000000000011 144.50000000000003 4232.7543953488375 2272.8601250000006 0.83880458707040839 5294.4419803921583 0.26909814323607434 191.50000000000003 0.69802661704606461 5124.115998717949 78.677728640079621 1.0000000180025095e-35 199.00000000000003
decision_type=2 2 2 2 2 2 2 2 2 2 2 2 2 2 2 2 2 2 2 2 2 2
left_child=7 2 6 -4 -5 -6 -2 9 -9 16 11 12 -10 15 -13 -12 17 -1 -19 20 -18 -15
right_child=1 -3 3 4 5 -7 -8 8 10 -11 13 14 -14 21 -16 -17 19 18 -20 -21 -22 -23
leaf_value=-0.026597348295194549 0.050484851183596482 0.026693210841218222 -0.089484611428841163 -0.06628901890344574 -0.055898627215905099 0.0026175556201185001 -0.049663617521548603 -0.057070768715143771 0.037448129441293262 -0.061252677295807398 -0.020471831050803559 0.10738028124414384 -0.02613808589742583 -0.0019874646169959066 0.028897411410712604 0.031624791406906792 0.0035659975759575499 -0.0068767101904550106 0.067224959321613958 0.035286085707297535 -0.0096025758448595802 -0.058821706662322094
leaf_weight=5.0492204807815169 2.3961279107024898 6.4368458893150082 2.5886731423670453 3.2556487410329309 2.7541594813810759 11.394427047518535 0.99934322305489942 2.9987798319198182 9.8928677488002048 2.6320424117147914 4.0037558836047564 3.5543979537615078 6.2347403013845897 2.789074145955964 3.3878726862021722 10.953796083689666 72.770484055276029 4.0191617812961322 7.4208792960853316 7.2906759828329077 95.086009341030149 3.6582148227025755
leaf_count=122 56 82 73 65 56 271 187 55 353 51 80 72 182 49 81 153 1065 124 165 59 4502 102
internal_value=-1.64071e-05 -0.0110243 -0.0217222 -0.0289788 -0.0195446 -0.00825769 0.0188212 0.00131121 0.0114788 -0.0011355 0.0162696 0.0301139 0.012408 0.00100155 0.0701655 0.0171848 -0.000270561 0.0195389 0.0405489 -0.00217795 -0.00384963 -0.0353904
internal_weight=271.567 29.8252 23.3884 19.9929 17.4042 14.1486 3.39547 241.742 47.4735 194.268 44.4747 23.0699 16.1276 21.4048 6.94227 14.9576 191.636 16.4893 11.44 175.147 167.856 6.44729
internal_count=8005 790 708 465 392 327 243 7215 1127 6088 1072 688 535 384 153 233 6037 411 289 5626 5567 151
is_linear=0
shrinkage=0.0540709


Tree=133
num_leaves=12
num_cat=0
split_feature=98 57 98 96 67 98 82 42 108 85 95
split_gain=1.28801 1.96015 1.71318 1.4183 1.5503 4.53791 3.76203 4.57151 3.03357 2.78755 2.78154
threshold=1.4438057529829535 2552.4115472972981 1.3346740777394281 761.38850579710163 21.550055617352619 0.91142774290928774 89.500000000000014 241.81550000000001 -0.67834884230287851 -15649.999499999982 524.50000000000011
decision_type=2 2 2 2 2 2 2 2 2 2 2
left_child=2 -2 3 4 6 10 8 -8 -1 -7 -6
right_child=1 -3 -4 -5 5 9 7 -9 -10 -11 -12
leaf_value=0.021918508973231658 -0.05765161450388824 0.0009834072139577551 0.032585741619368745 -0.0352115084800931 0.016229908721531468 0.0047348947072509088 0.033890271697873273 -0.011213613784165731 -0.0044921354161963703 -0.031324488972757199 -0.0041115891164854616
leaf_weight=14.893259249744004 2.831885917694307 3.4715082730981521 4.7840610012062816 3.3108847601106381 28.208916309289634 8.1270901110838185 22.517589261871766 8.9747170894406718 86.310845222731587 23.201562149508391 63.994031509762863
leaf_count=555 76 124 125 119 544 173 497 166 3749 530 1347
internal_value=-2.06879e-05 -0.0241978 0.000528102 -3.46034e-05 0.000391388 -0.00393597 0.00447557 0.0208019 -0.00053211 -0.0217346 0.00203184
internal_weight=270.626 6.30339 264.323 259.539 256.228 123.532 132.696 31.4923 101.204 31.3287 92.2029
internal_count=8005 200 7805 7680 7561 2594 4967 663 4304 703 1891
is_linear=0
shrinkage=0.0540709


Tree=134
num_leaves=10
num_cat=0
split_feature=86 75 41 109 28 70 59 105 56
split_gain=1.24113 2.03466 3.27812 2.36976 2.47752 2.10503 1.97739 4.97814 2.94818
threshold=86262.34423100001 17857.552300000003 63474.969500000007 1.1319171596919146 0.75000000000000011 2042.0000000000002 1724.5000000000002 0.65234155560712603 461449.85850000015
decision_type=2 2 2 2 2 2 2 2 2
left_child=1 2 5 4 -3 6 8 -8 -1
right_child=-2 3 -4 -5 -6 -7 7 -9 -10
leaf_value=-0.00034071946383028512 -0.031244315782813274 0.068588856210992935 -0.063384446561563612 -0.0062092248856971555 0.0059708377945105699 -0.033069580429506119 0.04636850543676721 -0.00076871603739589824 -0.056303277441586377
leaf_weight=212.81990191017394 3.674842342734336 4.1881130263209343 2.4111408890748853 5.1619421779178083 3.8097420984704495 5.5216546801675568 9.3819752169656585 20.716177624010015 2.7913773375912561
leaf_count=6900 72 29 56 112 128 101 192 369 46
internal_value=-1.91913e-05 0.000383441 -0.000663949 0.0211292 0.0396947 -3.20394e-05 0.000680595 0.0136813 -0.00110007
internal_weight=270.477 266.802 253.642 13.1598 7.99786 251.231 245.709 30.0982 215.611
internal_count=8005 7933 7664 269 157 7608 7507 561 6946
is_linear=0
shrinkage=0.0540709


Tree=135
num_leaves=21
num_cat=0
split_feature=105 73 43 25 87 44 44 103 78 104 96 49 105 105 48 25 93 7 85 65
split_gain=1.24526 2.1255 2.91658 1.56328 2.68223 5.46686 2.73308 2.4545 3.14184 3.88394 2.67444 2.43869 2.37801 2.17936 1.94482 1.8868 1.96371 1.85512 2.07354 0.639351
threshold=1.3503255667508227 9.5000000000000018 468.50000000000006 74.750000000000014 203.46850000000271 28.084876543209877 19.355049435028253 -61.647500000000001 0.61595671972225496 0.24926409139077801 564.38518817718307 8.5000000000000018 0.82970187071019486 0.64417786563071811 85.500000000000014 149.25000000000003 1.5000000000000002 22.140494995890435 78102.03075000002 6432.3154710711124
decision_type=2 2 2 2 2 2 2 2 2 2 2 2 2 2 2 2 2 2 2 2
left_child=3 2 -2 4 5 6 13 8 15 12 17 -12 -10 -1 -6 16 -5 18 -9 -13
right_child=1 -3 -4 7 14 -7 -8 10 9 -11 11 19 -14 -15 -16 -17 -18 -19 -20 -21
leaf_value=0.023859955574605452 -0.0086991278471713184 -0.019336664105415655 0.061326777713037059 -0.0048610417498102607 0.0059769438519079923 -0.034792195113319949 0.043905977479900132 -0.0045457830845313726 0.027076876821757353 -0.049279120679464376 0.0064583138216784981 -0.096396409996965068 -0.016076231309480538 -0.021654938834987102 0.035480174468159237 0.073019109632511348 0.059220593585291692 -0.04115404165854477 0.026879670663527713 -0.039286809820621521
leaf_weight=5.6563838664442354 2.5544176245457475 2.8071116798673756 4.5141730335308239 3.5149462480330858 15.664676817134024 10.82795103266835 5.8942110207863143 159.3980397398409 10.316289084381426 3.8227009089896447 1.6513596806908015 1.7307616875332317 5.6252277967869295 6.7174752373248339 12.189537763595579 3.1298665096983314 2.1387737652403302 3.9169258009642354 6.328661071805981 1.8093024950649121
leaf_count=146 95 83 98 102 99 90 75 6075 216 82 57 60 172 64 74 44 94 94 110 75
internal_value=-2.30453e-05 0.0187923 0.0349809 -0.000765345 0.00711431 -0.00415925 0.0135951 -0.00300816 0.011609 0 -0.0054373 -0.043811 0.0113859 -0.000251244 0.0191552 0.0385157 0.0180873 -0.00421888 -0.00330079 -0.0693367
internal_weight=270.209 9.8757 7.06859 260.333 56.9502 29.096 18.2681 203.383 28.5478 19.7642 174.835 5.19142 15.9415 12.3739 27.8542 8.78359 5.65372 169.644 165.727 3.54006
internal_count=8005 276 193 7729 548 375 285 7181 710 470 6471 192 388 210 173 240 196 6279 6185 135
is_linear=0
shrinkage=0.0540709


Tree=136
num_leaves=17
num_cat=0
split_feature=87 109 81 38 46 41 74 55 65 104 97 96 87 98 72 107
split_gain=1.22767 2.9016 2.21035 3.51107 6.19297 3.86927 3.01524 3.37986 2.81974 2.1807 2.11269 3.02617 2.84274 2.04732 2.00297 1.96942
threshold=27463.415749999989 1.0771310910325134 9468.4970357142865 708575.42949999997 2354.5000000000005 30507.913500000006 136144.85950000005 60.500000000000007 6215.1647154521188 0.99993594202339997 4.9722222222222232 259.65990104266774 5026.4587499999989 0.61417110894693649 0.053958543001924507 1.0000000180025095e-35
decision_type=2 2 2 2 2 2 2 2 2 2 2 2 2 2 2 2
left_child=2 -2 6 4 5 8 7 9 -4 15 13 -12 -13 -5 -3 -1
right_child=1 14 3 10 -6 -7 -8 -9 -10 -11 11 12 -14 -15 -16 -17
leaf_value=0.0056539125377645149 0.0076129451517207326 -0.0037516093627107039 -0.0048690161333239225 0.042859290394910717 0.083029736475588783 -0.028623787037960941 -0.04378020255844764 0.06743269981978374 0.062155624214737241 -0.04471888421083111 -0.04988807558388491 0.03231515565772284 -0.031387033675569151 -0.009033485359729837 -0.073552250363331545 -0.0049293406014161321
leaf_weight=90.120842473581433 6.0148316940467321 2.2933741008164361 2.8408667038893345 4.8003823375329393 4.8542007341166018 4.5500654625939205 4.7867649908876038 2.123816819745115 4.3520627121906728 3.2942655088263555 4.7431417115149079 4.6502414477290568 3.6101627027965151 3.7793829956790432 3.2164672913495451 119.40962526021758
leaf_count=1416 106 61 86 92 58 99 82 53 102 41 89 101 84 84 88 5363
internal_value=-2.03809e-05 -0.0173112 0.000723719 0.0127502 0.0314667 0.00951136 -0.00133244 -0.000352334 0.0346633 -0.00106418 -0.00130171 -0.0153603 0.003579 0.0191428 -0.0458528 -0.000342107
internal_weight=269.44 11.5247 257.916 38.1805 16.5972 11.743 219.735 214.949 7.19293 212.825 21.5833 13.0035 8.2604 8.57977 5.50984 209.53
internal_count=8005 255 7750 795 345 287 6955 6873 188 6820 450 274 185 176 149 6779
is_linear=0
shrinkage=0.0540709


Tree=137
num_leaves=17
num_cat=0
split_feature=53 6 61 55 53 49 47 5 48 49 103 103 42 107 85 41
split_gain=1.2428 3.66272 2.32935 2.20795 1.92811 2.44077 4.44548 2.48591 2.21496 2.17923 1.91572 3.77669 1.60077 1.46559 2.47438 1.4085
threshold=0.36182795698924736 167.08333333333334 0.33368569415081045 13.500000000000002 0.35021140504906617 158.50000000000003 1013.5000000000001 661.50000000000011 191.50000000000003 198.50000000000003 -61.647500000000001 -12.093500000000001 33.70600000000001 1.0000000180025095e-35 -4473.3582499999548 36473.954000000005
decision_type=2 2 2 2 2 2 2 2 2 2 2 2 2 2 2 2
left_child=4 2 12 -4 5 6 7 8 -1 -7 -5 -12 -2 -14 -15 -11
right_child=1 -3 3 10 -6 9 -8 -9 -10 15 11 -13 13 14 -16 -17
leaf_value=6.3247951740115023e-06 -0.031775505417441514 0.025019035033505489 0.0081134019288797848 0 0.036098076782254886 -0.052219793875132134 0.04698544168886698 -0.047739074511784163 0.025167387113872654 -0.025666310948611465 -0.094515644383586742 -0.024777442975703369 0.05266181132801008 0.040371253736906566 -0.065971824056740805 0.016449709075157855
leaf_weight=200.9505572943599 2.3711780668236377 6.4284120351076117 2.8724966428708276 2.6154612119426046 4.5545787941082372 4.5746598418627391 6.2252036264690096 3.0566891150083384 10.809440675715448 4.9171491785673407 4.003406358824579 6.1842988865682784 2.3845534357242286 1.4252643268555405 1.1343607745366169 4.2242461860878393
leaf_count=6526 86 82 120 62 76 120 96 57 194 81 77 158 46 28 131 65
internal_value=-2.44763e-05 -0.0105382 -0.0208031 -0.0326099 0.00123721 0.000529056 0.00193324 0.000592796 0.00132584 -0.0215581 -0.0423235 -0.0529217 0.00348914 0.0219025 -0.00388808 -0.00539682
internal_weight=268.732 29.4194 22.991 15.6757 239.313 234.758 221.042 214.817 211.76 13.7161 12.8032 10.1877 7.31536 4.94418 2.55963 9.1414
internal_count=8005 790 708 417 7215 7139 6873 6777 6720 266 297 235 291 205 159 146
is_linear=0
shrinkage=0.0540709


Tree=138
num_leaves=31
num_cat=0
split_feature=16 7 87 50 63 106 3 85 69 85 67 104 48 108 109 87 44 42 20 6 20 40 4 52 38 89 38 103 92 42
split_gain=1.23018 2.4979 2.50532 1.89685 4.88408 3.97891 3.07627 3.03101 2.82343 3.53567 3.90838 4.50141 2.67011 2.37955 3.36552 2.99567 2.10779 1.60633 3.18804 2.56276 2.61052 1.67189 1.56101 1.48498 0.947079 0.36754 0.359509 0.240399 0.206218 0.0323598
threshold=40.500000000000007 1.0000000180025095e-35 678.14274999999986 12.500000000000002 108286.79800000001 1.3500000000000003 0.36666666666666675 -12004.315500000006 39.500000000000007 -28068.222749999983 11.282857142857145 -0.26971504704455418 56.500000000000007 0.56934619325000724 0.28450241964846468 27463.415749999989 11.95227272727273 479.14950000000005 -11.499999999999998 119.10000000000001 5.5000000000000009 4128.0607433328742 0.22500000000000003 0.39507758439924517 1462527.4480000001 0.21428571428571427 311973.65100000007 -3.2555000000000089 40.500000000000007 245.62600000000003
decision_type=2 2 2 2 2 2 2 2 2 2 2 2 2 2 2 2 2 2 2 2 2 2 2 2 2 2 2 2 2 2
left_child=3 2 17 4 5 6 -1 -8 9 12 16 -12 26 14 -10 -16 -11 19 -19 20 -2 -21 -20 -7 25 -4 -5 -3 -27 -25
right_child=1 27 24 8 -6 23 7 -9 13 10 11 -13 -14 -15 15 -17 -18 18 22 21 -22 -23 -24 29 -26 28 -28 -29 -30 -31
leaf_value=-0.024887155309939405 0.020932723059249914 -0.022717052411943772 0 0.052930305239527915 0.078185447659757212 0 0.069359308140273426 0.0012586841676623739 -0.040708102686676663 -0.022108252284871285 -0.091730122887875978 -0.023947355614125424 -0.018759128737728101 0.029488102059053736 0.0043165259696664121 -0.028970952515223875 0.028298297871570208 -0.14712273383607896 -0.047151692319731174 0.051034925148295975 -0.03540404673090207 -0.0047219347242083492 0.05122266247243689 0.057481741941128962 0.029813920186317004 -0.053126504236005095 0.020470166540554287 -0.05754450425121458 0 0.035981095860452818
leaf_weight=11.886742293834685 4.7814478533691851 1.8098659857059827 0.40473145787836884 2.84183564072009 3.0213879386428735 2.7704426511190814 2.258378461585381 13.973072913824584 5.5149575561517841 4.3018597862101178 3.5737589894561124 17.844731069752015 4.1112912917742506 8.9155747874174249 134.12896530824946 8.3618351489421894 5.3882991974242032 0.5653806030750278 1.001813610899261 5.4718711635214268 4.7102350765198935 1.880300064163748 0.8865257087163626 3.9556514183059335 0.42583646386628959 3.9209532137028873 3.2159397086361423 3.037922218325547 0.25132931693224225 3.1806270768865943
leaf_count=99 449 65 87 66 38 112 67 520 65 87 59 300 97 89 1759 115 96 19 287 456 1401 192 27 77 33 1089 68 93 18 75
internal_value=-2.06365e-05 -0.0105347 -0.00313554 0.00122952 0.0118222 0.00635057 -0.00379505 0.0111972 -0.000927001 -0.0135363 -0.0226741 -0.0356104 0.01369 0.00234287 0.00065735 0.00231082 0.00515823 0.00537178 -0.0347401 0.0116575 -0.0062475 0.035773 0 0.0358873 -0.0374158 -0.045296 0.0369311 -0.046082 -0.0500806 0.0489482
internal_weight=268.394 29.1482 24.3004 239.245 41.0463 38.0249 28.1182 16.2315 198.199 41.2777 31.1086 21.4185 10.1691 156.921 148.006 142.491 9.69016 19.2976 2.45372 16.8439 9.49168 7.35217 1.88834 9.90672 5.00285 4.57701 6.05778 4.84779 4.17228 7.13628
internal_count=8005 4216 4058 3789 988 950 686 587 2801 773 542 359 231 2028 1939 1874 183 2831 333 2498 1850 648 314 264 1227 1194 134 158 1107 152
is_linear=0
shrinkage=0.0540709


Tree=139
num_leaves=26
num_cat=0
split_feature=99 76 38 85 69 43 97 93 97 97 95 57 17 24 5 103 98 105 51 91 42 109 103 5 37
split_gain=1.23539 2.07719 4.09761 1.84478 1.87005 2.73169 2.36854 1.49983 3.26242 3.72036 3.69738 3.54678 3.62769 2.84611 4.61967 3.53606 2.83346 3.5485 4.08767 2.89563 2.82903 2.47872 3.24727 1.83319 1.6401
threshold=1.0000000180025095e-35 1035.5000000000002 1976295.3190000004 78102.03075000002 125.50000000000001 1457.5000000000002 3.5595238095238102 1.0000000180025095e-35 6.9921875000000009 12.087415540540542 1716.5000000000002 3948.556179087876 10.500000000000002 114.50000000000001 149.50000000000003 -16.909500000000005 0.67737304817431376 0.71067287073384744 1254.5000000000002 13.500000000000002 215.17000000000004 0.78012337803778453 1.5965 396.50000000000006 22.500000000000004
decision_type=2 2 2 2 2 2 2 2 2 2 2 2 2 2 2 2 2 2 2 2 2 2 2 2 2
left_child=7 2 3 4 5 -2 -6 16 10 11 13 -10 -13 15 -15 -9 23 18 -18 20 -19 22 -11 -1 -23
right_child=1 -3 -4 -5 6 -7 -8 8 9 21 -12 12 -14 14 -16 -17 17 19 -20 -21 -22 24 -24 -25 -26
leaf_value=0.037676892526982947 -0.010603787413989348 -0.056603546636570044 0.11199217235389385 0.043096111236313996 0.035690644208780986 0.022635609135128614 -0.038607161870488467 -0.011735470309144161 0.055185123788106728 -0.00088419107117427046 -0.027510993633882607 -0.015584112857497121 0.030627306489012532 -0.046163028352902737 0.0027969695276285223 0.033551929343987548 0 -0.024101219625826439 -0.055962392896719872 0.02026726751557488 0.0083800671798208506 0.0011265300039717254 0.060741454966979636 -0.0010988211961346565 -0.038398981279648838
leaf_weight=6.8073291694745404 33.979147933481727 2.3874293252010821 0.85709422494983201 2.0492780995264175 1.3400787119171571 9.104344611259874 9.5465605232748185 7.122497737407687 9.6427874807268399 8.3037844425998646 13.423212487483395 7.2393041724571985 14.78634860133752 6.5857106810435644 37.671471989247948 15.713707113638518 6.3881053524091831 18.535551427397881 8.7874785838648659 12.533851164160295 13.147193757817147 5.5863957640249264 3.4415897909784681 6.7366269705817103 5.9832132204901427
leaf_count=78 3978 118 33 88 95 563 841 86 117 198 128 76 160 56 416 179 99 161 69 107 119 66 36 67 71
internal_value=-1.54377e-05 -0.00693111 -0.00471404 -0.00663585 -0.00866281 -0.00340735 -0.0287775 0.00191546 0.00530502 0.0154702 -0.00154502 0.0275441 0.0151031 0.00354049 -0.00432345 0.0191036 -0.00428026 -0.00945125 -0.0320353 -0.00153183 -0.0103897 -0.000613742 0.0165519 0.0178475 -0.0186787
internal_weight=267.7 59.2639 56.8765 56.0194 53.9701 43.0835 10.8866 208.436 135.5 54.9834 80.5166 31.6684 22.0257 67.0934 44.2572 22.8362 72.9361 59.3922 15.1756 44.2166 31.6827 23.315 11.7454 13.544 11.5696
internal_count=8005 5716 5598 5565 5477 4541 936 2289 1589 724 865 353 236 737 472 265 700 555 168 387 280 371 234 145 137
is_linear=0
shrinkage=0.0540709


Tree=140
num_leaves=13
num_cat=0
split_feature=117 106 20 42 29 82 27 2 52 20 85 30
split_gain=1.20792 2.34331 1.69501 5.64077 2.5627 2.42954 2.10182 4.79247 2.86821 1.29112 0.669836 0.177069
threshold=0.29166666666666669 1.0000000180025095e-35 26.500000000000004 199.54000000000005 298.50000000000006 77.500000000000014 1.0000000180025095e-35 3.5000000000000004 0.75169545891948875 17.500000000000004 -74383.102000000043 1.5000000000000002
decision_type=2 2 2 2 2 2 2 2 2 2 2 2
left_child=1 9 4 5 6 -4 7 -3 -8 -1 -11 -12
right_child=-2 2 3 -5 -6 -7 8 -9 -10 10 11 -13
leaf_value=0.015787490333201541 0.022286026306838132 -0.00084256175869299691 0.01524072420711048 -0.028912677530590392 -0.057566900685503943 0.083599968015718562 0.031281890688135902 -0.059378764016676522 -0.007030920061448051 0.0061208489565928543 -0.053047465720728645 -0.11927339112778944
leaf_weight=0.74415031541138787 6.8986256334464988 215.65467011264991 3.2614394247066212 3.9618012064020149 2.3109545493498436 3.4717126082396135 13.509156757267194 4.1749032690422601 9.4413170460611564 0.24755390716018189 2.7243505407823254 0.37306857481598843
leaf_count=12 62 6250 102 103 40 46 284 121 137 22 821 5
internal_value=-1.26367e-05 -0.000633198 0 0.0210849 -0.00090338 0.0516007 -0.000333062 -0.00198845 0.0151997 -0.0412312 -0.0561262 -0.0634866
internal_weight=266.774 259.875 255.786 10.695 245.091 6.73315 242.78 219.83 22.9505 4.08912 3.34497 3.09742
internal_count=8005 7943 7083 251 6832 148 6792 6371 421 860 848 826
is_linear=0
shrinkage=0.0540709


Tree=141
num_leaves=22
num_cat=0
split_feature=53 50 68 44 106 41 85 72 86 67 52 75 9 58 69 47 85 61 17 20 42
split_gain=1.18836 1.2522 5.48731 3.30965 2.87927 3.05615 4.69364 4.28016 2.5394 3.56337 3.15805 2.44974 4.26801 4.2992 3.15626 3.67669 2.52308 2.35458 0.754817 0.684756 0.421657
threshold=0.59073013600572666 12.500000000000002 458.50000000000006 11.513157894736844 1.3500000000000003 14530.457500000002 -12248.169999999998 0.13578530274912606 -9135.1913759999989 10.466063348416291 0.73740555986051926 1975.2675378787881 149.50000000000003 391.50000000000006 37.500000000000007 120.50000000000001 -92583.006999999969 0.39458921971445199 56.500000000000007 -3.4999999999999996 250.08300000000003
decision_type=2 2 2 2 2 2 2 2 2 2 2 2 2 2 2 2 2 2 2 2 2
left_child=1 2 4 8 5 6 -1 -7 -3 10 -10 12 13 -5 15 -13 -16 18 -6 -2 -19
right_child=19 3 -4 11 17 7 -8 -9 9 -11 -12 14 -14 -15 16 -17 -18 20 -20 -21 -22
leaf_value=0.085394947362425588 -0.0013357781862106722 0.033105393934099267 0.076291507484031296 -0.031923706159180124 0.015875379695739145 -0.051119015895156689 -0.00038979475604819459 0.021601930632515396 0.00058149996458996007 -0.087007340400768421 -0.076875751644683049 -0.0033271575246830534 0.051832712458482567 0.028582515872107413 -0.035282233368189544 -0.046510452813693058 0.0024630966804001539 0.057383576049625247 -0.027633517276673212 -0.060397278893870449 0.024894536522575918
leaf_weight=1.9910384690156195 1.3740620492026212 1.6027479894692067 3.2121451349230474 6.4681120117602422 2.4663269286975247 7.5141748457099293 26.488330403022704 3.2840359213005286 6.1262030345387739 3.1410528655396766 1.9752916363941038 16.087211752339503 7.0788113265298298 7.312018588767387 5.35602630698122 9.3597755902446789 144.30381281810696 4.4367844690568745 2.1134596932679415 1.4903497037594196 3.0209731254726648
leaf_count=54 20 60 73 200 84 279 2233 108 198 108 86 455 104 311 80 251 2917 89 88 123 84
internal_value=-1.45043e-05 0.000334629 0.00765386 -0.00154132 0.00321031 -0.00371602 0.0053541 -0.0283183 -0.0281313 -0.0375233 -0.0174074 0.000164194 0.0177138 0 -0.00188432 -0.0195037 0.00106239 0.0264209 -0.00259337 -0.0346663 0.0452249
internal_weight=266.203 263.338 54.5273 208.811 51.3151 39.2776 28.4794 10.7982 12.8453 11.2425 8.10149 195.966 20.8589 13.7801 175.107 25.447 149.66 12.0375 4.57979 2.86441 7.45776
internal_count=8005 7862 3092 4770 3019 2674 2287 387 452 392 284 4318 615 511 3703 706 2997 345 172 143 173
is_linear=0
shrinkage=0.0540709


Tree=142
num_leaves=11
num_cat=0
split_feature=90 61 86 75 41 86 70 67 42 109
split_gain=1.1761 1.67905 1.51083 1.74797 2.76593 2.29064 1.88847 2.27173 1.80561 0.999037
threshold=-0.74999999999999989 0.68738611927973647 86262.34423100001 17857.552300000003 63474.969500000007 50394.176710499989 2042.0000000000002 53.032795698924737 597.12650000000019 0.82227339912332342
decision_type=2 2 2 2 2 2 2 2 2 2
left_child=1 9 3 4 6 8 7 -2 -5 -1
right_child=2 -3 -4 5 -6 -7 -8 -9 -10 -11
leaf_value=0.024224480718058956 -0.00061871231334129887 0.046545707122950912 -0.03704729984458828 0.023152326746191412 -0.05975355510988048 0.048930087427028555 -0.03289075753836735 0.041054417665935775 -0.029500614678274337 -0.025508521264194201
leaf_weight=2.2360356911085528 229.7867954056419 3.793444570270367 3.2996065951301707 4.5895719237741996 2.3401120183116282 4.7763629996916279 5.1922013456060077 3.8865243405452921 3.2371250276337378 2.4688313752412796
leaf_count=112 7173 92 70 105 56 71 99 116 89 22
internal_value=-1.21753e-05 0.0197468 -0.000694186 -0.000192148 -0.00124674 0.0194017 -0.000642079 4.31522e-05 0.000428804 -0.000301881
internal_weight=265.607 8.49831 257.108 253.809 241.206 12.6031 238.866 233.673 7.8267 4.70487
internal_count=8005 226 7779 7709 7444 265 7388 7289 194 134
is_linear=0
shrinkage=0.0540709


Tree=143
num_leaves=23
num_cat=0
split_feature=53 61 37 107 96 5 104 79 32 87 55 31 16 48 56 106 82 45 92 49 53 84
split_gain=1.14418 3.21062 2.33252 4.84669 2.13645 3.24703 2.04488 1.89381 1.82601 2.41903 4.08674 1.93658 2.43212 2.3996 3.63797 2.96806 2.26921 1.99225 3.28044 2.45193 0.957603 0.822329
threshold=0.36182795698924736 0.37721767851525639 46.500000000000007 1.0000000180025095e-35 157.18664485268764 189.00000000000003 -0.47228299125285983 4.5000000000000009 149.50000000000003 4486.0010000000048 36.500000000000007 1.0000000180025095e-35 40.500000000000007 32.500000000000007 107244.01650000001 0.12500000000000003 67.500000000000014 18.013475510621738 26.500000000000004 3.5000000000000004 0.43598959390394659 0.39421740339171535
decision_type=2 2 2 2 2 2 2 2 2 2 2 2 2 2 2 2 2 2 2 2 2 2
left_child=8 2 3 -2 5 -3 -5 21 11 10 -10 12 13 15 -15 -1 -13 18 -14 -19 -7 -6
right_child=1 4 -4 6 7 20 -8 -9 9 -11 -12 16 17 14 -16 -17 -18 19 -20 -21 -22 -23
leaf_value=-0.034303879587897317 0.032899898098915262 -0.09710627218495084 0.034474034264624163 6.3041030053233226e-05 -0.0068898554661320412 0.0044430522661873667 -0.077042689642583859 -0.040929884766954583 -0.030026051996445247 -0.040378702439862808 0.026417888016150172 0.056043111068660022 -0.019958673947687789 -0.024872512900984824 0.0030309849935754654 0.017012288513746664 0 -0.1528441916991464 0.03983752790500858 -0.029678990090719188 -0.042704132511390679 0.035639108513538006
leaf_weight=3.4446000104071564 3.7702139150351286 2.6635483466088754 5.8497558556264266 1.2644140003249047 2.4486781584564596 2.1120451901806518 2.8417632339405845 3.0654202995356172 7.4023627096321452 6.8190647955052546 7.573693301063031 4.2389182527549547 10.87506745621795 15.42894224997144 118.84379641409032 48.78649298264645 3.803957499563694 0.56955339555861328 3.5213092173507894 5.1296607147960458 2.414213478914462 2.4233173585380428
leaf_count=202 73 20 87 74 77 69 173 78 129 106 95 128 2483 228 1649 1001 20 42 148 984 84 55
internal_value=-1.19002e-05 -0.0102038 0.00831984 -0.0101708 -0.0274991 -0.0490344 -0.051513 -0.00705325 0.00120068 -0.0136541 -0.000988056 0.00274362 0.00169207 0.00365022 -0.00012064 0.0134852 0.0288286 -0.0161118 -0.00481557 -0.0433375 -0.0190805 0.012754
internal_weight=265.291 28.8534 13.7261 7.87639 15.1272 7.18981 4.10618 7.93742 236.437 21.7951 14.9761 214.642 206.599 186.504 134.273 52.2311 8.04288 20.0956 14.3964 5.69921 4.52626 4.872
internal_count=8005 790 407 320 383 173 247 210 7215 330 224 6885 6737 3080 1877 1203 148 3657 2631 1026 153 132
is_linear=0
shrinkage=0.0540709


Tree=144
num_leaves=20
num_cat=0
split_feature=92 108 91 109 40 42 108 86 104 106 108 98 6 108 72 105 99 36 91
split_gain=1.16833 1.23023 3.22759 3.25653 3.95294 3.64175 1.94179 5.19567 4.22368 4.54219 2.42097 4.00391 2.70002 2.51404 4.11732 2.19743 1.5303 2.17889 0.688759
threshold=49.500000000000007 -0.56624937567665101 18.500000000000004 0.49046846231181224 7386.3621992247918 8.6725000000000012 -0.34142507195595045 -2423.0054110000024 0.24319582469579101 0.81666666666666676 -0.22441786867276312 0.66837924830438611 173.02500000000003 -0.17566920276325618 0.20170592226422407 0.89808705688280666 1.0000000180025095e-35 15.500000000000002 4.5000000000000009
decision_type=2 2 2 2 2 2 2 2 2 2 2 2 2 2 2 2 2 2 2
left_child=1 2 3 4 5 -1 7 8 9 -3 11 -8 -13 14 -12 -15 18 -18 -5
right_child=-2 6 -4 16 -6 -7 10 -9 -10 -11 13 12 -14 15 -16 -17 17 -19 -20
leaf_value=-0.064298045163733331 -0.028783511023817845 -0.023885208534054334 -0.044864341874250327 0.024826035873306757 -0.047230455776965996 0.028552339239194514 0.070528256752157403 -0.079316680853265847 -0.050132568139745454 0.035790328956424138 0 -0.0089615865792819719 0.047110246156011941 -0.0033905478318011612 -0.079951574761433344 0.0097481600804327842 0.056318274262405571 -0.052291742093248696 0.057115247954368092
leaf_weight=1.3824009938398436 4.0689946405473156 6.6727034345676719 2.7126910403603679 4.2957272566854936 3.9451144406339145 9.4157580385799502 3.6794926950824474 3.2519262675778 4.661448124155867 8.2608459657058102 5.005852524074724 9.1907489258446713 3.3998200809583059 131.10800451261457 3.0562465951661579 51.913324862165609 0.94310029689222519 1.2337497871485537 6.3646649757865816
leaf_count=38 123 237 62 99 101 410 57 71 94 121 127 284 39 4497 70 1236 93 147 99
internal_value=-1.51575e-05 0.000406076 0.0106685 0.0164015 -0.000444439 0.0159706 -0.000912384 -0.0158864 -0.0049749 0.00863126 0.000702005 0.0207437 0.00559801 -0.000966011 -0.0305218 0.000295885 0.0363211 -0.00183621 0.0448048
internal_weight=264.563 260.494 30.2932 27.5805 14.7433 10.7982 230.2 22.8469 19.595 14.9335 207.353 16.2701 12.5906 191.083 8.0621 183.021 12.8372 2.17685 10.6604
internal_count=8005 7882 1049 987 549 448 6833 523 452 358 6310 380 323 5930 197 5733 438 240 198
is_linear=0
shrinkage=0.0540709


Tree=145
num_leaves=19
num_cat=0
split_feature=99 76 81 41 65 32 85 57 45 45 47 98 67 103 32 80 50 115
split_gain=1.11084 1.98748 3.3379 3.13118 4.72645 4.31957 2.66239 2.48905 1.61991 2.52896 2.94682 2.65485 3.38904 2.56792 3.44271 3.21573 2.09689 0.880191
threshold=1.0000000180025095e-35 1035.5000000000002 24519.216375000007 34307.839000000007 6754.7341007220648 131.50000000000003 -19783.944750000006 7594.9450125000012 40.166228099026007 29.384162526537526 1108.0000000000002 1.0022708686264592 45.520833333333336 -43.390499999999996 149.50000000000003 29252.917500000007 96.500000000000014 224.75334103074329
decision_type=2 2 2 2 2 2 2 2 2 2 2 2 2 2 2 2 2 2
left_child=8 2 3 4 6 -6 -2 17 9 10 13 12 -11 15 -15 -1 -10 -5
right_child=1 -3 -4 7 5 -7 -8 -9 16 11 -12 -13 -14 14 -16 -17 -18 -19
leaf_value=0.025825920126931794 0.019691044106839632 -0.056416057531710979 0.05641042063392996 0.056217337684565931 0.012163265228109772 0.11025223836160729 -0.016513683472078718 -0.05862019730947416 0.044950705906410454 0.018307532820256701 0.039920752062448335 -0.040071908879730798 -0.02785748640585578 0.0012882087897990262 -0.028038366863843967 -0.016586652252602686 0 -0.015657793392041541
leaf_weight=22.8007250209339 7.1380770135729064 2.2763060140423468 2.4858284572837865 0.78236666251905163 5.4900061520747832 1.8230776573764158 31.721194696117895 5.5336244645004626 5.6848093674052489 9.8769827187061363 6.1318255127407602 8.3878620814066362 8.7031422061845642 117.52631165034836 12.961474656593053 6.5563949525821945 6.9232885898090899 1.1371348521788602
leaf_count=324 500 118 67 26 265 99 4039 477 69 92 40 71 73 1363 147 48 62 125
internal_value=-1.68096e-05 -0.0066259 -0.00447221 -0.00743444 -0.00201532 0.0376517 -0.0096723 -0.0400043 0.00182461 0.000558058 0.00309025 -0.0147515 -0.00291966 0.00163063 -0.0015686 0.0161015 0.0206173 0.00982183
internal_weight=263.94 58.3876 56.1113 53.6255 46.1724 7.31308 38.8593 7.45313 205.553 192.945 165.977 26.968 18.5801 159.845 130.488 29.3571 12.6081 1.9195
internal_count=8005 5716 5598 5531 4903 364 4539 628 2289 2158 1922 236 165 1882 1510 372 131 151
is_linear=0
shrinkage=0.0540709


Tree=146
num_leaves=17
num_cat=0
split_feature=104 57 29 27 2 97 57 29 60 59 86 47 88 98 72 104
split_gain=1.18568 4.05124 1.723 2.6055 3.60934 2.5315 4.29154 2.11372 2.01816 1.55826 1.51456 1.79909 2.40618 0.375358 0.234441 0.210659
threshold=-0.85068114658283844 5933.2190035714293 298.50000000000006 1.0000000180025095e-35 3.5000000000000004 18.030303030303035 3985.5483589324626 1.0000000180025095e-35 245.50000000000003 7.5000000000000009 7835.4017269999958 224.50000000000003 0.28333333333333338 1.0556649484490908 0.28317465666863256 -0.9993614805084986
decision_type=2 2 2 2 2 2 2 2 2 2 2 2 2 2 2 2
left_child=1 9 3 4 5 8 -7 -6 -2 -1 11 12 -5 14 15 -11
right_child=2 -3 -4 10 7 6 -8 -9 -10 13 -12 -13 -14 -15 -16 -17
leaf_value=-0.0068754874219336343 0.019279337204380607 -0.036370330209396388 -0.043647569083704631 0.029338654204926668 0.020241746468088188 -0.043940106992827965 0.015538599315336519 -0.059426817539916015 -0.00088920445866677263 0.018409927451074396 -0.00718050219800244 0.051027210396193456 -0.019613031859045168 0.023881019077196614 0.086762395543149129 0.065085742540302818
leaf_weight=1.326353540236594 15.67301145812962 2.6767215094296262 2.70805895095691 8.6361085120588594 1.0597809553146351 9.717635102424536 5.3525992239592588 4.8344600450363941 190.3803332503885 1.1393709855619816 5.4732745299115768 5.3847857858054331 4.2656678119674316 1.635866798518691 1.6142978763673452 1.1846477239159874
leaf_count=104 1356 104 53 238 6 553 234 854 4102 91 35 75 57 68 30 45
internal_value=-1.54018e-05 0.0186287 -0.000749129 -0.000256037 -0.00206812 -0.000920627 -0.0223251 -0.0438468 0.00060919 0.0410383 0.0167454 0.0243107 0.0125806 0.0537629 0.0642793 0.0454185
internal_weight=263.063 9.57726 253.486 250.778 227.018 221.124 15.0702 5.89424 206.053 6.90054 23.7598 18.2866 12.9018 5.57418 3.93832 2.32402
internal_count=8005 442 7563 7510 7105 6245 787 860 5458 338 405 370 295 234 166 136
is_linear=0
shrinkage=0.0540709


Tree=147
num_leaves=14
num_cat=0
split_feature=117 17 20 39 95 17 20 27 96 119 20 85 32
split_gain=1.08855 2.02523 1.54466 3.21818 1.86955 1.72482 7.02146 2.83487 2.96747 2.18659 1.19508 0.678576 0.100685
threshold=0.29166666666666669 1.0000000180025095e-35 26.500000000000004 6942.2172554112558 820.00000000000011 6.5000000000000009 22.500000000000004 1.0000000180025095e-35 389.13454240933447 0.81666666666666676 17.500000000000004 -92583.006999999969 189.00000000000003
decision_type=2 2 2 2 2 2 2 2 2 2 2 2 2
left_child=1 10 5 4 -4 7 9 8 -3 -7 -1 -12 -13
right_child=-2 2 3 -5 -6 6 -8 -9 -10 -11 11 12 -14
leaf_value=0.015230412010503375 0.021386607218111555 -0.043709650192064117 0 -0.021076365094362708 0.061095141799357391 -0.0082812365514896968 0.051638945078031857 0.0080655038919718227 0.042087738211120725 0.0029163564582312482 0.010792962279631431 -0.052640065533695227 -0.1147394883195087
leaf_weight=0.71466271206736509 6.7508020722307256 10.18197157935356 2.3695835479884391 3.4670495755271986 4.7271401320467703 82.697494539315812 7.559950897935777 7.7177942085545501 1.2443615380325344 131.84666093782289 0.22530572017422024 2.4601582504983526 0.36025938391685475
leaf_count=12 62 806 97 66 88 3466 109 101 55 2295 16 827 5
internal_value=-1.17533e-05 -0.000606076 0 0.0202178 0.0414332 -0.000903956 0.000405944 -0.0164854 -0.0337131 -0.00136542 -0.039983 -0.0553651 -0.0632729
internal_weight=262.323 255.572 251.812 10.5638 7.09672 241.248 222.104 19.1441 11.4263 214.544 3.76039 3.04572 2.82042
internal_count=8005 7943 7083 251 185 6832 5870 962 861 5761 860 848 832
is_linear=0
shrinkage=0.0540709


Tree=148
num_leaves=14
num_cat=0
split_feature=90 61 98 5 115 84 50 50 87 109 81 63 84
split_gain=1.0908 1.54398 1.31606 1.5792 1.36545 1.50104 3.2306 3.67624 2.37684 3.50939 2.86504 1.96362 0.658796
threshold=-0.74999999999999989 0.68738611927973647 1.4438057529829535 297.50000000000006 761.38850579710163 0.94127227438206551 11.500000000000002 25.500000000000004 27463.415749999989 1.0771310910325134 9468.4970357142865 68988.241000000024 0.54102320424487227
decision_type=2 2 2 2 2 2 2 2 2 2 2 2 2
left_child=1 12 4 -4 5 8 11 -8 10 -10 -2 -7 -1
right_child=2 -3 3 -5 -6 6 7 -9 9 -11 -12 -13 -14
leaf_value=0.019191415958125294 -0.0021975879566644308 0.045892088838658515 0.0078648187478034485 -0.048579756446589857 -0.036546772174015474 0.017841065313466228 -0.037308787017179199 0.021602755357343944 0.00027622907530130226 -0.070199685370552808 0.016227361060590684 0.080853066506234444 -0.021413893504806318
leaf_weight=2.3033524872735125 188.62687142542563 3.6020957963773981 2.0995645764633073 3.5768961803405546 2.9625247227086211 3.8338376421597813 5.0003792362986124 8.1105322122457419 4.4968109829933365 3.5220599595631938 28.374327861616621 2.7849540585884824 2.3464017166988924
leaf_count=110 6162 92 81 115 118 143 151 235 73 96 550 55 24
internal_value=-7.49819e-06 0.0193071 -0.000665827 -0.0264059 -4.59164e-05 0.000366022 0.0146866 -0.000304359 -0.000856889 -0.0297674 0.000177672 0.0454885 0
internal_weight=261.641 8.25185 253.389 5.67646 247.712 244.75 19.7297 13.1109 225.02 8.01887 217.001 6.61879 4.64975
internal_count=8005 226 7779 196 7583 7465 584 386 6881 169 6712 198 134
is_linear=0
shrinkage=0.0540709


Tree=149
num_leaves=18
num_cat=0
split_feature=105 73 49 98 50 63 69 85 57 42 42 92 36 108 108 115 71
split_gain=1.09597 1.73202 1.62485 1.40179 1.2871 4.208 2.97867 2.78885 3.75446 2.38761 6.22942 3.97566 2.36474 2.33261 4.07372 2.17933 0.756391
threshold=1.3503255667508227 9.5000000000000018 15.500000000000002 1.4438057529829535 12.500000000000002 108286.79800000001 39.500000000000007 -28068.222749999983 3362.7215238095246 215.17000000000004 241.81550000000001 21.500000000000004 55.500000000000007 -0.62958218673218669 -0.41042924311926604 242.77420841524744 0.57558828508549198
decision_type=2 2 2 2 2 2 2 2 2 2 2 2 2 2 2 2 2
left_child=3 2 -2 4 5 13 7 12 -9 11 -11 -8 -6 15 -15 -1 -5
right_child=1 -3 -4 16 6 -7 9 8 -10 10 -12 -13 -14 14 -16 -17 -18
leaf_value=0.0047118188405329249 -0.00065043736931843436 -0.016701001166316433 0.05227968694998656 -0.002981859159814631 0.032409174759762391 0.06552694806404831 -0.027004268675488389 0.00085193018845220988 -0.037596597814137274 0.039304491055326525 0.00029210205219136855 0.0012697118950988899 -0.021330726501327755 -0.07209901159798103 0.001789368631065272 0.061138678629182146 -0.055629614356929147
leaf_weight=5.3071192648494598 2.3070077926968207 2.7077697499189526 4.437622181896586 1.8183058381546282 5.6985753550252394 3.4152529248967758 18.89370139897801 11.367426935903497 19.575800518068718 14.979423155367838 61.428882257503574 61.252771073486656 3.9762052226869855 2.3115551374503402 36.173161795566557 3.5566086929175071 2.0701424603466876
leaf_count=252 83 83 110 64 207 81 205 353 565 305 1169 1600 135 83 2478 163 69
internal_value=-3.57104e-06 0.0180408 0.033085 -0.000710377 -0.00017504 0.00747008 -0.00218088 -0.015241 -0.0232341 0.00116051 0.00803789 -0.00530392 0.00955916 0.00312352 -0.00246045 0.0281964 -0.0329258
internal_weight=261.277 9.4524 6.74463 251.825 247.936 50.7637 197.173 40.618 30.9432 156.555 76.4083 80.1465 9.67478 47.3484 38.4847 8.86373 3.88845
internal_count=8005 276 193 7729 7596 3057 4539 1260 918 3279 1474 1805 342 2976 2561 415 133
is_linear=0
shrinkage=0.0540709


Tree=150
num_leaves=23
num_cat=0
split_feature=92 92 86 108 72 78 17 39 105 48 64 87 40 74 86 75 65 109 63 94 70 43
split_gain=1.04717 1.10566 2.89757 3.63862 2.49269 4.19723 2.62739 2.32787 2.29089 2.28086 1.78898 3.3799 3.64145 3.11157 4.55953 3.39749 2.40524 1.67329 1.65473 1.49399 1.42059 1.41541
threshold=49.500000000000007 32.500000000000007 -1305.1714399999989 -0.24976332752613248 0.22826718807800031 0.84092173121650327 23.500000000000004 7123.518699521459 1.3667893191096849 55.500000000000007 9010.5420304659547 -9186.9812500000025 6885.6713956343729 182280.17850000001 -19243.964421000004 17857.552300000003 5392.3208408079454 0.82780292840465519 69908.600500000015 8.0000000000000018 189.50000000000003 539.50000000000011
decision_type=2 2 2 2 2 2 2 2 2 2 2 2 2 2 2 2 2 2 2 2 2 2
left_child=1 8 3 7 5 6 -4 21 10 -7 11 16 -13 14 -12 -15 -1 -5 20 -6 -10 -3
right_child=-2 2 4 17 19 9 -8 -9 18 -11 13 12 -14 15 -16 -17 -18 -19 -20 -21 -22 -23
leaf_value=-0.057678411732989175 -0.027497363373310962 -0.0082893592311268759 -0.010624167921201511 0.09335142980963973 -0.065971173055220628 -0.052740568204310015 0.048694268134730295 -0.040144658092404986 0.014275891664355009 0.013351249411867092 -0.010627853186620378 0.00011577900173255028 -0.026561936289768776 -0.040606855384631935 0.034528625503594493 0.0082565205481478499 -0.0019442359760904377 0.032420511242824579 -0.0026749532498864417 -0.0030640486952774959 0.079994136907156121 0.049523736973793989
leaf_weight=5.8141530206776206 3.9926600605249396 1.8810745213413609 2.9644143150653708 2.62632787611801 2.5236668215366072 3.8761432902538209 6.707461278885603 2.4564923787256703 2.2337118884897782 2.2710619653807953 9.7984797849785554 143.46449016657425 16.630134680686751 6.7114083011547363 18.458840336825233 10.495224780403076 4.1719315176305827 3.7790233326377347 2.5797170419828035 2.4278225760208443 2.2744105514138937 2.7969229500740767
leaf_count=133 123 73 128 51 52 124 120 61 76 55 204 5148 420 145 387 221 101 94 75 81 58 75
internal_value=0 0.000399753 0.00945482 0.028967 -0.00291056 0.00718135 0.0297509 0.00133479 -0.000962624 -0.0271251 -0.0019895 -0.00456342 -0.00260957 0.00747671 0.018609 -0.0103757 -0.0351396 0.0585802 0.0292138 -0.0366334 0.049093 0.0247041
internal_weight=260.936 256.943 34.3104 13.5398 20.7706 15.8191 9.67188 7.13449 222.633 6.14721 215.545 170.081 160.095 45.464 28.2573 17.2066 9.98608 6.40535 7.08784 4.95149 4.50812 4.678
internal_count=8005 7882 914 354 560 427 248 209 6968 179 6759 5802 5568 957 591 366 234 145 209 133 134 148
is_linear=0
shrinkage=0.0540709


Tree=151
num_leaves=23
num_cat=0
split_feature=99 76 38 41 46 81 108 65 57 111 70 44 103 44 51 76 47 50 67 45 97 96
split_gain=1.13822 1.8384 3.06282 1.49848 4.15883 3.7575 2.58298 2.48719 2.13296 1.46814 2.64607 3.50422 3.4933 4.06686 2.86213 4.92137 3.05858 2.20455 2.02846 1.98906 1.58074 2.96419
threshold=1.0000000180025095e-35 1035.5000000000002 1976295.3190000004 34307.839000000007 2398.5000000000005 5571.9589125000011 0.80224227291841876 6306.1969378939584 7594.9450125000012 0.91666666666666685 774.50000000000011 36.234848484848492 -42.41050000000002 20.013513513513519 1521.5000000000002 268.50000000000006 234.50000000000003 57.500000000000007 45.520833333333336 25.556258363241508 3.6278770182068025 252.77778728338976
decision_type=2 2 2 2 2 2 2 2 2 2 2 2 2 2 2 2 2 2 2 2 2 2
left_child=9 2 3 4 7 -6 8 -2 -5 10 12 -12 13 -1 15 -14 -16 -11 -13 -15 -19 -22
right_child=1 -3 -4 6 5 -7 -8 -9 -10 17 11 18 14 19 16 -17 -18 20 -20 -21 21 -23
leaf_value=-0.0090759027801879093 -0.014040210926866257 -0.055917266217399508 0.09131893896243902 0.0094333236755385127 0.11333880560082266 0.010351277294137038 0.057358275523828266 0.023530517395681346 -0.053723752236856721 0.03031771605856182 -0.033663677998091973 0.022125050966608047 0.00014471865623194566 0.052169335892239474 -0.043338483791008409 0.057438658684646211 -0.0024610422705460574 0.020801507679337999 -0.015777031846148482 0.0072575745518087213 0.013757245245030636 -0.024892543349633579
leaf_weight=7.6262315041385618 34.689926914841635 2.1646188076556419 0.94275428081164037 1.8694807339925299 1.5681491677532893 3.6154054260696284 0.87889959348831315 5.9259651890897649 5.9328901085827965 12.069724678760393 14.908429857110606 7.9654274776112315 75.237848941062111 10.266698434250427 8.7017168963793683 4.670225938782095 14.997983238543382 10.270452339202164 8.4603644853923452 4.577820803038775 11.922788112657146 11.119586197892202
leaf_count=115 4320 118 33 150 35 182 15 369 494 79 116 54 1129 148 69 33 127 67 77 103 85 87
internal_value=-3.00949e-06 -0.0067396 -0.00468344 -0.00648394 -0.00240153 0.0429672 -0.0271642 -0.00837561 -0.0376456 0.00187359 -0.000552196 -0.0146531 0.00289387 0.0222368 -0.00123032 0.00358723 -0.0177843 0.0104501 0.00215356 0.0388202 0.00302842 -0.00457388
internal_weight=260.383 57.5881 55.4235 54.4807 45.7994 5.18355 8.68127 40.6159 7.80237 202.795 157.413 31.3342 126.079 22.4708 103.608 79.9081 23.6997 45.3826 16.4258 14.8445 33.3128 23.0424
internal_count=8005 5716 5598 5565 4906 217 659 4689 644 2289 1971 247 1724 366 1358 1162 196 318 131 251 239 172
is_linear=0
shrinkage=0.0540709


Tree=152
num_leaves=16
num_cat=0
split_feature=104 57 29 27 2 97 57 60 29 87 29 57 57 97 40
split_gain=1.07143 3.61069 1.63428 2.40165 3.40167 2.2417 3.7775 1.87071 1.84251 1.40344 1.3622 1.47098 1.30908 0.626285 0.270082
threshold=-0.85068114658283844 5933.2190035714293 298.50000000000006 1.0000000180025095e-35 3.5000000000000004 18.030303030303035 3985.5483589324626 245.50000000000003 1.0000000180025095e-35 2859.3147500000009 253.50000000000003 1937.8905131578947 1803.3215450000002 64.178571428571431 2179.280663728779
decision_type=2 2 2 2 2 2 2 2 2 2 2 2 2 2 2
left_child=1 12 3 4 5 7 -7 -2 -6 10 11 -5 13 -1 -14
right_child=2 -3 -4 9 8 6 -8 -9 -10 -11 -12 -13 14 -15 -16
leaf_value=0.033562207679313984 0.01862711374010672 -0.033332373427997025 -0.043452177908628264 -0.015459039373745426 0.016539997715099574 -0.041977308265026263 0.014096372123963523 -0.00088918746731724517 -0.059108807361380106 -0.0060111352087049491 0.042068107668831234 0.02619959980607901 0.077719819755941555 -0.026983687916752926 0.039608415634468402
leaf_weight=0.96566996758337875 15.516302400676066 2.7156260004849173 2.5870180926285675 3.7635373356752151 1.0103868842124928 9.4420339984935691 5.339389423839747 188.31983767487691 4.5080151408619713 5.7151882238686076 7.3222356196492902 6.5247714030556381 1.7164848311804233 1.0153129464597439 3.0459701039362699
leaf_count=59 1356 104 53 121 6 553 234 4102 854 38 103 143 59 86 134
internal_value=0 0.0178351 -0.000701216 -0.000224043 -0.00197194 -0.000878894 -0.0212231 0.000560344 -0.043918 0.0162532 0.0238982 0.0102423 0.0395404 0 0.054925
internal_weight=259.508 9.45906 250.049 247.462 224.136 218.618 14.7814 203.836 5.5184 23.3257 17.6105 10.2883 6.74344 1.98098 4.76245
internal_count=8005 442 7563 7510 7105 6245 787 5458 860 405 367 264 338 145 193
is_linear=0
shrinkage=0.0540709


Tree=153
num_leaves=35
num_cat=0
split_feature=99 86 17 97 86 104 65 65 96 53 92 58 17 81 93 97 108 97 17 95 75 24 108 87 98 105 56 52 91 5 108 98 59 103
split_gain=1.03886 1.48995 2.60356 2.90267 2.44337 9.60733 2.58345 6.02826 3.99339 4.25618 2.98174 2.94713 1.86502 1.46874 1.41337 3.12918 3.74892 4.06212 3.87193 3.07504 2.77787 2.49973 4.1084 3.40867 2.42539 3.01321 3.6297 2.6085 3.59885 1.53381 1.38431 0.690795 0.603165 0.0292134
threshold=1.0000000180025095e-35 -5047.2778904999968 13.500000000000002 5.8858444187391568 -2309.5567045000039 -0.18483514292232392 6754.7341007220648 7654.5401513412044 241.04495147679324 0.2564402205969093 24.500000000000004 13.500000000000002 15.500000000000002 4097.2917500000003 1.0000000180025095e-35 6.9921875000000009 0.28683246272117996 12.450268817204302 31.500000000000004 1716.5000000000002 3756.6430416666667 114.50000000000001 0.19260522355186829 155.85875000000033 0.67737304817431376 0.71067287073384744 133771.99050000004 0.58734011403914332 13.500000000000002 396.50000000000006 -0.88779797149122797 0.7643723744612182 154.50000000000003 -19.1495
decision_type=2 2 2 2 2 2 2 2 2 2 2 2 2 2 2 2 2 2 2 2 2 2 2 2 2 2 2 2 2 2 2 2 2 2
left_child=14 2 3 13 5 31 8 12 9 -6 -9 -10 -8 -2 24 19 17 20 -19 21 -17 23 -23 -16 29 26 -26 -27 -29 -1 -4 -3 -5 -7
right_child=1 4 30 32 6 33 7 10 11 -11 -12 -13 -14 -15 15 16 -18 18 -20 -21 -22 22 -24 -25 25 27 -28 28 -30 -31 -32 -33 -34 -35
leaf_value=0.035137162893618602 0.098957233285094134 0.1717317806199915 0.011836963114619486 0.017133738795281069 0.015115721378803902 -0.010625780764303766 0.11784911565752097 0.036737702559090084 0.036519218981806052 -0.03841955969609416 -0.030527885231336128 -0.053661176613140939 0.032367358018922349 0 -0.0027218585756586494 0.042122781228963381 0.042946773550167648 -0.030047934034446503 0.024057341526842985 -0.025559609852745486 0.004395768158648259 0.0051026409562057104 -0.033230466678526381 0.039120346263045849 0.0014638179498569035 -0.026381067960826756 -0.052093201378100119 -0.005525029376140524 0.034020329533528508 -0.00090678953182188999 -0.057400103365735422 0.080744722623308549 -0.050573574440766017 -0.052979732909720079
leaf_weight=6.5165965952910465 1.0393871452542938 0.8636515638791028 0.79829840373713512 0.30478406313341144 14.380446637020219 0.56663102068705473 1.6501882992743042 2.7491829949431104 1.1026338682277117 6.2080508924263986 6.1029890529462136 8.786934191695762 1.9489460252807473 1.0207948963943634 11.051793777849527 11.027390321251007 11.39626503374893 11.72970087954309 5.6294445218518367 13.11940664402209 12.847018162021412 32.391929776640609 10.851479803444816 11.103853546082972 5.8901129695586851 9.7735984469763917 8.8856027666479331 23.772519330028445 9.2815169333480281 6.5219557923264802 5.4240151753765531 1.0262334148865191 1.7347472788242155 1.3193657717783924
leaf_count=78 61 38 40 31 1837 69 75 66 75 739 391 1031 69 102 187 180 115 186 122 128 121 403 69 78 96 90 72 215 82 67 516 95 348 133
internal_value=0 -0.00646814 -0.0251284 0.0067714 -0.00218493 0.0392471 -0.00600308 0.0144517 -0.0146025 -0.000670162 -0.00879884 -0.0428535 0.0736602 0.0535109 0.00179661 0.00514359 0.0153585 0.00755249 -0.0120754 -0.00160944 0.0221334 0.00308276 -0.00434692 0.0179166 -0.00431245 -0.00916204 -0.0302463 -0.00171416 0.00535715 0.0165438 -0.0473288 0.12638 -0.0368279 -0.0441962
internal_weight=258.817 57.0273 10.322 4.09971 46.7053 3.77588 42.9294 12.4513 30.4781 20.5885 8.85217 9.88957 3.59913 2.06018 201.79 131.148 52.6298 41.2336 17.3591 78.5185 23.8744 65.3991 43.2434 22.1556 70.6419 57.6034 14.7757 42.8276 33.054 13.0386 6.22231 1.88988 2.03953 1.886
internal_count=8005 5716 1098 542 4618 335 4283 601 3682 2576 457 1106 144 163 2289 1589 724 609 308 865 301 737 472 265 700 555 168 387 297 145 556 133 379 202
is_linear=0
shrinkage=0.0540709


Tree=154
num_leaves=17
num_cat=0
split_feature=50 49 98 88 69 86 75 57 65 66 55 44 79 42 41 86
split_gain=1.0723 2.79196 2.61533 2.15639 2.53314 2.61517 2.60384 4.6329 4.48108 2.19662 3.12885 3.15658 2.9142 4.18535 2.04131 1.82422
threshold=306.50000000000006 162.50000000000003 0.80454333297907987 0.95000000000000007 86.500000000000014 6189.069172499997 6056.6245212121221 5294.4419803921583 5900.6150507324337 579.50000000000011 53.500000000000007 33.240942028985515 7.5000000000000009 679.94000000000017 25027.272500000003 3386.6365009999868
decision_type=2 2 2 2 2 2 2 2 2 2 2 2 2 2 2 2
left_child=1 3 15 9 5 -5 7 -6 -8 10 11 -1 13 -11 -14 -3
right_child=-2 2 -4 4 6 -7 8 -9 -10 12 -12 -13 14 -15 -16 -17
leaf_value=-0.0020211868616960916 0.023250539750790652 -0.01078181240408301 0.011932873715256111 0.011121088570518318 0.0060085935943183909 -0.052298939488636849 -0.034018939701724114 0.087023149127950519 0.02615315514568594 -0.011443976469029907 0.043473105410341752 0.02781396968292121 0 0.053491490317713067 -0.057634348927133427 -0.065220972129857405
leaf_weight=148.55214845776209 5.6575852083042255 3.4909188864403387 3.3778036509756921 4.5906214474234721 4.5045330006687454 3.0951481976080686 4.9636374699766774 4.1705642752640415 12.839680850083822 29.532272234879201 5.0041798078455022 11.142809320648665 2.6100736124790256 3.1945500489091492 6.0819891078281216 4.7515480216534343
leaf_count=5712 87 77 69 91 92 77 118 79 242 615 87 297 58 68 143 93
internal_value=0 -0.000547334 -0.0264464 0.000674633 0.0132765 -0.013465 0.0213182 0.0458203 0.00895972 -0.00137839 0.00138051 1.46455e-05 -0.0125269 -0.0048765 -0.0404731 -0.0430698
internal_weight=257.56 251.902 11.6203 240.282 34.1642 7.68577 26.4784 8.6751 17.8033 206.118 164.699 159.695 41.4189 32.7268 8.69206 8.24247
internal_count=8005 7918 239 7679 699 168 531 171 360 6980 6096 6009 884 683 201 170
is_linear=0
shrinkage=0.0540709


Tree=155
num_leaves=25
num_cat=0
split_feature=16 26 87 29 29 20 68 20 63 50 70 59 84 43 81 20 95 17 16 73 97 98 73 42
split_gain=0.998839 2.1222 2.09614 1.61291 2.19609 1.98238 1.49645 3.18381 2.20422 2.08071 2.89325 3.65348 2.33126 3.60313 2.09489 1.78241 1.63477 0.864203 0.408788 0.408642 0.248022 0.170617 0.0994426 0.0156946
threshold=40.500000000000007 2.5000000000000004 678.14274999999986 253.50000000000003 198.50000000000003 27.500000000000004 4.5000000000000009 3.5000000000000004 5331.5415000000012 12.500000000000002 133.50000000000003 318.50000000000006 0.69777337951509166 410.50000000000006 3749.9340000000007 17.500000000000004 1516.5000000000002 1.5000000000000002 27.500000000000004 1.5000000000000002 24.916666666666668 0.47666145760839229 14.500000000000002 25.891000000000002
decision_type=2 2 2 2 2 2 2 2 2 2 2 2 2 2 2 2 2 2 2 2 2 2 2 2
left_child=6 2 3 4 5 -2 7 18 -8 12 16 -12 13 -10 -14 -9 -11 21 -1 -19 -20 -4 -21 -23
right_child=1 -3 17 -5 -6 -7 8 15 9 10 11 -13 14 -15 -16 -17 -18 19 20 22 -22 23 -24 -25
leaf_value=0.013526894280234883 -0.0031771584028682338 -0.087214906740863685 0.04232529992509753 0.045630340174641223 -0.083150599367942182 0.096945061015908385 -0.031455895355547138 -0.039244665011569542 0.018907935200365489 -0.046292874866826601 0.026097983414228001 -0.0015947126932538472 0.05643536630204158 -0.043638998434708587 0.0091217515317084542 0.027802693085304135 0 0 0.063762902199298491 -0.057315727092100942 0.027402888288603895 0 -0.012631514653365707 -0.015426098899947963
leaf_weight=1.5624815849587301 17.561682691186451 1.0111731621436764 0.32767807267373328 2.1082488106912924 0.97362863371381436 0.59564778697676857 6.2661277878796673 2.949879489839077 8.8191163388546574 6.1899640890769643 15.213592372369019 162.62837973685237 5.8519854663754796 3.873474709223955 5.9612576743238606 1.7926315485965458 3.8689042875776067 0.28502920898608852 3.3420444834046066 3.3658984250214421 1.7184459776617584 0.10768362187081948 0.62386044720187772 0.19065489612694364
leaf_count=97 2565 33 7 91 19 227 116 91 187 96 224 2302 110 62 117 112 89 49 121 906 65 25 149 145
internal_value=0 -0.0098301 -0.0065469 0.000467108 -0.00412823 0 0.00113514 0.0202665 0.000106806 0.00107303 -0.000822336 0.000733004 0.0159063 0 0.0331914 -0.0123424 -0.0290498 -0.0384386 0.0447287 -0.0475712 0.0528927 0.0121067 -0.0521909 0
internal_weight=257.189 27.1512 26.14 21.2392 19.131 18.1573 230.038 11.3655 218.673 212.407 187.901 177.842 24.5058 12.6926 11.8132 4.74251 10.0589 4.9008 6.62297 4.27479 5.06049 0.626017 3.98976 0.298339
internal_count=8005 4216 4183 2902 2811 2792 3789 486 3303 3187 2711 2526 476 249 227 203 185 1281 283 1104 186 177 1055 170
is_linear=0
shrinkage=0.0540709


Tree=156
num_leaves=30
num_cat=0
split_feature=106 108 108 38 87 48 95 41 98 24 42 106 43 42 45 24 39 61 52 36 86 53 50 56 50 45 54 78 50
split_gain=1.00195 2.18149 2.23514 3.05015 4.63876 5.07541 4.3938 5.37054 3.23346 2.83882 3.1191 2.78408 2.41105 2.18609 1.90464 2.25339 2.28495 2.57296 2.19286 2.12775 3.30643 2.10773 1.90023 1.51598 2.69745 1.298 1.00944 1.66818 0.300814
threshold=0.95000000000000007 -0.73242598314606733 0.52698632199041096 429280.37000000011 6729.9445000000042 158.50000000000003 507.50000000000006 32397.491500000004 0.90856823679187981 358.50000000000006 334.25050000000005 0.28333333333333338 691.50000000000011 346.86000000000007 40.166228099026007 189.00000000000003 6354.0769314814834 0.64640839386602111 0.46776927282668124 81.500000000000014 -9135.1913759999989 0.17257272779162464 5.5000000000000009 160810.3645 13.500000000000002 16.721769566202273 18.500000000000004 0.15459297983569828 3.5000000000000004
decision_type=2 2 2 2 2 2 2 2 2 2 2 2 2 2 2 2 2 2 2 2 2 2 2 2 2 2 2 2 2
left_child=1 13 3 4 5 -3 7 -5 -8 10 11 -4 -6 22 15 16 17 18 -2 20 -18 -19 28 24 -17 -12 27 -24 -1
right_child=14 2 9 6 12 -7 8 -9 -10 -11 25 -13 -14 -15 -16 23 19 21 -20 -21 -22 -23 26 -25 -26 -27 -28 -29 -30
leaf_value=-0.0070234213186120163 0.013109417363586019 -0.013103783216729623 0.04656927739726114 0.05692715287239012 0 0.044555290508864857 -0.0013895723974753837 -0.0056272901419255191 -0.051459921647179663 0.044014539571136428 -0.086897641433075185 -0.012560950729643335 -0.05784262832835322 0.07094172412813865 0.032824786176079271 0.054026005824781349 0.0034397876204899222 0.0082029315656962226 -0.015916696396632533 0.010776734602224629 -0.036038383153388455 0.041537693414434314 -0.035150131684630978 0.054047571103872039 -0.026666081638975825 -0.0076030185884772101 0.057872587329787263 0.041941319067714061 -0.065930504711747023
leaf_weight=0.82412106494302662 12.195013637188824 52.919008466487867 4.1489169583801431 8.1773961498111003 2.5450756119098505 4.8288247652817509 30.450038397291792 7.4954133228020501 4.3614101790590203 5.8402282840688704 1.4814293783274473 5.0054620422888547 9.5054374471947067 2.1382382432930171 6.3010363150387994 2.0956147224642319 10.085911473724991 21.242220913525674 19.658742262981832 8.7254008110612613 14.889072376769036 7.933647400699555 1.5048588493373247 3.8452969123609364 2.772550540510565 1.4010292566090354 1.7389667057432232 1.7402201123186385 0.85991542466217652
leaf_count=93 228 3441 158 161 135 126 893 194 198 121 78 256 367 123 72 113 130 235 185 59 124 89 59 43 44 60 99 79 42
internal_value=0 -0.00293983 -0.00464769 -0.00733855 -0.0146778 -0.0081529 0.00266229 0.0265428 -0.00787785 0.0130425 -0.00137625 0.0134353 -0.0453256 0.0230098 0.00388822 0.00205351 -0.000290003 0.00586996 -0.00457207 -0.0116643 -0.0198007 0.0175232 0.00651344 0.0283732 0.00656069 -0.0509532 0.0242408 0.00391551 -0.0415325
internal_weight=256.71 146.966 138.16 120.283 69.7983 57.7478 50.4843 15.6728 34.8114 17.8771 12.0368 9.15438 12.0505 8.80632 109.745 103.443 94.73 61.0296 31.8538 33.7004 24.975 29.1759 6.66808 8.71346 4.86817 2.88246 4.98405 3.24508 1.68404
internal_count=8005 6683 6188 5515 4069 3567 1446 355 1091 673 552 414 502 495 1322 1250 1050 737 413 313 254 324 372 200 157 138 237 138 135
is_linear=0
shrinkage=0.0540709


Tree=157
num_leaves=24
num_cat=0
split_feature=53 52 93 98 80 103 53 95 80 52 95 84 5 103 53 95 96 72 69 55 106 57 79
split_gain=1.00719 3.00974 2.86714 2.39109 2.73967 1.78925 1.72761 3.97253 2.76281 6.19523 3.11065 3.01798 2.38149 2.10504 2.00675 2.46079 3.8837 2.81194 1.73841 1.43799 1.54697 1.19646 0.939323
threshold=0.36182795698924736 0.40316329082270569 1.5000000000000002 0.70310235504518492 14635.578500000001 -16.909500000000005 0.24443018976040617 74.500000000000014 45553.500000000007 0.57492265406115983 1641.5000000000002 0.65548618097887201 661.50000000000011 -9.6419999999999941 0.23092737854251008 191.50000000000003 222.92865497275133 0.21726138922570584 95.500000000000014 43.500000000000007 0.9833333333333335 2813.3217830882354 1.5000000000000002
decision_type=2 2 2 2 2 2 2 2 2 2 2 2 2 2 2 2 2 2 2 2 2 2 2
left_child=6 2 5 -3 21 -2 12 -8 9 13 -11 -10 14 -9 15 16 -1 -17 -16 20 22 -5 -4
right_child=1 3 19 4 -6 -7 7 8 11 10 -12 -13 -14 -15 18 17 -18 -19 -20 -21 -22 -23 -24
leaf_value=-0.036352412084119816 -0.045169188522767863 -0.081953751173115499 0.018292389460982293 -0.023710533026419869 -0.050687613216450961 0.0029154895771434861 -0.050907045460435632 0.028177314014325973 0.015597983577334691 0.065516974485425608 0 -0.047641144752910938 -0.057577661064949569 -0.0081464494431568463 -0.00034369031677637522 -0.003518866471196948 0.035791987588763993 0.02131336079274334 -0.056014654648489079 0.069728265344343732 0.049460329884793076 0.029299890239437791 -0.045226869754866186
leaf_weight=2.583972091873874 3.4088447320391424 2.2485868118528733 1.1711040754744311 1.9441492584301139 4.1393160226289183 5.9785607141093404 2.81465236362419 6.9329806801397345 4.8911434184410592 10.082477366144301 2.5155803994275621 3.8722383033600636 2.159724085009656 13.85585336899385 3.6255440714885472 144.9086763386149 11.696511518792247 14.645572909590554 3.4714597247075289 2.1436179209267721 1.9899668991565702 3.1360728163854219 1.351280903763836
leaf_count=61 42 74 165 84 84 117 55 188 94 264 108 63 51 355 99 5035 327 441 74 29 39 84 72
internal_value=0 -0.0097922 0.00493338 -0.031034 -0.0177972 -0.0137647 0.00115923 0.0106715 0.0149613 0.0221303 0.0520935 -0.0115069 -0.00113659 0.00361353 -0.000421342 0.000687921 0.0222168 -0.00119292 -0.0286248 0.0324107 0.0130205 0.00755759 -0.0128178
internal_weight=255.568 27.5115 16.0434 11.4681 9.21954 9.38741 228.056 44.9649 42.1503 33.3869 12.5981 8.76338 183.091 20.7888 180.932 173.835 14.2805 159.554 7.097 6.65597 4.51235 5.08022 2.52238
internal_count=8005 790 464 326 252 159 7215 1127 1072 915 372 157 6088 543 6037 5864 388 5476 173 305 276 168 237
is_linear=0
shrinkage=0.0540709


Tree=158
num_leaves=12
num_cat=0
split_feature=117 17 29 26 2 90 87 20 85 85 30
split_gain=0.982941 1.76582 1.35017 2.09568 3.70457 1.4755 1.47292 1.15804 0.907323 0.635951 0.028006
threshold=0.29166666666666669 1.0000000180025095e-35 298.50000000000006 1.5000000000000002 3.5000000000000004 -0.74999999999999989 2859.3147500000009 17.500000000000004 -483.15425000000681 -110583.80774999999 1.5000000000000002
decision_type=2 2 2 2 2 2 2 2 2 2 2
left_child=1 7 3 4 5 -3 8 -1 -5 -9 -11
right_child=-2 2 -4 6 -6 -7 -8 9 -10 10 -12
leaf_value=0.01662558009650076 0.020835523411931556 0.024548518458826163 -0.041350805491345066 0.051236812516957407 -0.050190119607815518 -0.00070319137537211711 -0.0044920209793289645 0.013727935050165677 0.015953376749842992 -0.052185690002076908 -0.10928426069727927
leaf_weight=0.67458959203213398 6.4341588828247032 6.9792806776240459 2.2875129939056924 4.3171525492798528 4.3670553826959795 216.83627481531585 4.4144291225820771 0.18668661755509752 5.9472444246639489 2.2426437088142848 0.35227741487324227
leaf_count=12 62 193 42 84 128 6499 32 12 105 831 5
internal_value=0 -0.000566047 0 0.000364831 -0.000878177 5.14441e-05 0.0201882 -0.0389338 0.031521 -0.0550655 -0.062868
internal_weight=255.039 248.605 245.149 242.861 228.183 223.816 14.6788 3.4562 10.2644 2.78161 2.59492
internal_count=8005 7943 7083 7041 6820 6692 221 860 189 848 836
is_linear=0
shrinkage=0.0540709


Tree=159
num_leaves=18
num_cat=0
split_feature=99 76 76 51 46 78 60 45 45 111 70 103 50 72 50 53 67
split_gain=0.984501 1.65652 2.75097 2.48707 3.94978 4.3354 1.85654 1.33698 2.33925 2.23828 3.06228 3.70595 2.25823 3.51683 2.04758 1.91484 1.32213
threshold=1.0000000180025095e-35 1035.5000000000002 803.50000000000011 3939.0000000000005 2398.5000000000005 0.7936895083236547 365.50000000000006 40.166228099026007 36.186831985173789 0.91666666666666685 774.50000000000011 -42.41050000000002 57.500000000000007 0.22226437363007923 97.500000000000014 0.14481537482094545 53.032795698924737
decision_type=2 2 2 2 2 2 2 2 2 2 2 2 2 2 2 2 2
left_child=7 2 3 4 6 -6 -2 8 9 10 11 -1 -11 -14 -9 -12 -5
right_child=1 -3 -4 16 5 -7 -8 14 -10 12 15 -13 13 -15 -16 -17 -18
leaf_value=0.023764531509144638 0.0046314836631862867 -0.055185188400189086 0.054868155988426939 -0.0572907338361952 0.10129894402060714 -0.0013086569367957274 -0.018052468797355125 0.043171459447584257 -0.029531549663849056 0.034711436483341435 -0.00070095946124858308 -0.0018875892229467759 -0.011337366005666647 0.02883288620078241 -0.00028791859049508714 -0.032379414718639359 0.011078858203346385
leaf_weight=19.682274041464552 17.714933169045253 1.9843125536572177 2.1653691936226087 4.0088418257946605 2.1108978645934249 2.4782057482807431 24.631996693278779 5.6023628690745664 7.2168960799463084 10.740969692589713 10.361759321764113 98.758066830283497 15.45506599370856 10.707792656612581 6.5355389309115708 13.459654306760056 0.82545499241678033
leaf_count=331 2483 118 85 322 58 162 2431 70 63 72 91 1315 124 66 61 96 57
internal_value=0 -0.00636195 -0.00442655 -0.0070516 -0.00307754 0.0443046 -0.00838884 0.00175998 0.000586544 0.00184132 -0.00118912 0.0023132 0.0137231 0.00482184 0.0191665 -0.0189116 -0.0440887
internal_weight=254.44 55.92 53.9357 51.7703 46.936 4.5891 42.3469 198.52 186.382 179.166 142.262 118.44 36.9038 26.1629 12.1379 23.8214 4.8343
internal_count=8005 5716 5598 5513 5134 220 4914 2289 2158 2095 1833 1646 262 190 131 187 379
is_linear=0
shrinkage=0.0540709


Tree=160
num_leaves=20
num_cat=0
split_feature=53 105 105 64 87 77 77 41 90 97 66 78 78 98 79 98 60 98 105
split_gain=0.967286 1.10608 2.76392 2.19453 4.00633 2.96728 3.6706 2.93695 2.92354 2.6533 2.50408 3.49102 2.37587 2.14708 1.98761 3.68563 2.80131 1.7159 0.618907
threshold=0.59073013600572666 0.89808705688280666 0.88993613216732059 6895.5292603686648 18408.25175000001 109.50000000000001 53.500000000000007 20285.292000000005 -1.0000000180025095e-35 16.611111111111118 475.50000000000006 0.43818714510088203 0.78924744130042146 1.3212954176028753 4.5000000000000009 0.80454333297907987 1397.5000000000002 0.8687108232888987 0.62482595371238681
decision_type=2 2 2 2 2 2 2 2 2 2 2 2 2 2 2 2 2 2 2
left_child=1 2 13 5 8 6 9 -8 -5 -3 12 -12 -7 14 16 -16 -1 -10 -2
right_child=18 3 -4 4 -6 10 7 -9 17 -11 11 -13 -14 -15 15 -17 -18 -19 -20
leaf_value=0.0020023424409441035 0 0.029377436218105235 -0.053412654891891363 0.017981837320614986 0.033853876077777838 0.041370116749642326 -0.052974654968687571 0.0087596191808083541 -0.0025300149851188798 -0.019359777097619491 0.049057623908960513 -0.016115637287875378 0.0046833146147906507 -0.04125867418739227 0.001449722421310046 -0.021965568145963732 0.032246823656356713 -0.0571961445188209 -0.05681319155540792
leaf_weight=62.28177198395133 1.1763812956924078 9.5302199622383359 3.015382612560642 2.9114895416423705 4.0792940295068538 16.951875092956474 6.1426016239565779 3.2643265774822794 2.6293227698770334 4.7835360135068177 3.2118461944919536 9.5143235653813445 8.112476583075475 3.8065886448021038 65.884744534676429 27.709046218151343 10.597254640888421 6.6877057210658677 1.4271117092866914
leaf_count=3306 98 284 68 36 95 393 198 94 64 224 48 201 239 129 1382 700 208 193 45
internal_value=-8.55458e-07 0.000310082 -0.00206346 0.00569061 -0.0117312 0.0104299 -0.00430495 -0.0307694 -0.0275455 0.0125731 0.019874 0 0.0297921 -0.00111007 -0.000147106 -0.0054039 0.0065024 -0.0425663 -0.0328035
internal_weight=253.717 251.114 173.295 77.819 16.3078 61.5112 23.7207 9.40693 12.2285 14.3138 37.7905 12.7262 25.0644 170.279 166.473 93.5938 72.879 9.31703 2.60349
internal_count=8005 7862 5793 2069 388 1681 800 292 293 508 881 249 632 5725 5596 2082 3514 257 143
is_linear=0
shrinkage=0.0540709


Tree=161
num_leaves=21
num_cat=0
split_feature=92 38 46 80 109 92 105 78 104 85 92 40 94 98 73 17 48 16 85 74
split_gain=0.936707 1.08537 5.33686 3.51849 2.49154 2.4777 3.99128 2.51304 2.87766 2.46903 2.08028 2.47535 4.61689 3.81016 2.27968 4.5099 2.48058 1.40489 0.678152 0.399899
threshold=49.500000000000007 429280.37000000011 1499.5000000000002 23355.974000000006 0.3626308195560744 23.500000000000004 0.63633675248351074 0.46913634459742476 0.29849739418042293 -28068.222749999983 24.500000000000004 3154.6218799947533 3.5000000000000004 0.7849282782075151 12.500000000000002 25.500000000000004 55.500000000000007 37.500000000000007 -7533.2972499999987 42558.052000000003
decision_type=2 2 2 2 2 2 2 2 2 2 2 2 2 2 2 2 2 2 2 2
left_child=1 2 10 4 -3 6 -5 -7 -9 -8 11 12 -1 -13 16 -16 -12 -6 -4 -19
right_child=-2 3 18 5 17 7 9 8 -10 -11 14 13 -14 -15 15 -17 -18 19 -20 -21
leaf_value=0.01514853737611835 -0.026397523693802889 -0.0074190267797268313 -0.026952972001282296 0.043725497692374556 0.064585658364617465 0.042317926482617223 -0.031750607764492317 -0.014062959817580593 0.031866033452791986 0.013932752576654639 0.0060250066866470815 0.038782256567120942 -0.04886819398508626 -0.010226181647929669 -0.0016502439178543054 0.060151712985935128 -0.01354343647949164 0.00074868249539955523 -0.06825019536000633 0.036275726267816957
leaf_weight=4.6636157419416113 3.8760961967054746 3.3594150534772771 2.9527820116782095 8.8540306753711793 5.2575767649104801 2.8608053544303393 5.2916679625923271 41.481374678187422 4.3279806366481344 9.8734136431012285 72.003630207123933 5.6763157218811129 10.100680273841133 25.114732934132917 7.7785728850139986 5.9014972338918597 25.636551928007975 2.2537566318642348 3.4775343826913732 2.3809800338640343
leaf_count=68 123 103 78 87 66 53 51 1128 81 121 4137 73 161 346 292 75 746 57 85 74
internal_value=-3.66011e-07 0.000380715 -0.00217568 0.00532433 0.0309566 0.000548938 0.0148516 -0.00635801 -0.00956103 -0.00152284 -0.000149083 -0.00992729 -0.0281474 -0.000949373 0.00378615 0.0244758 0.000811203 0.0447346 -0.0504512 0.0206023
internal_weight=253.123 249.247 163.306 85.941 13.2517 72.6893 24.0191 48.6702 45.8094 15.1651 156.876 45.5553 14.7643 30.791 111.32 13.6801 97.6402 9.89231 6.43032 4.63474
internal_count=8005 7882 6061 1821 300 1521 259 1262 1209 172 5898 648 229 419 5250 367 4883 197 163 131
is_linear=0
shrinkage=0.0540709


Tree=162
num_leaves=29
num_cat=0
split_feature=107 16 42 50 95 68 80 97 81 20 17 46 60 41 97 87 86 93 61 81 80 77 59 51 91 43 95 41
split_gain=0.949989 1.99317 2.66589 3.90333 2.6365 4.55896 5.11118 2.31699 2.65389 2.22532 7.9275 3.61978 4.09649 3.12939 2.40273 2.20356 1.90589 1.51194 1.50455 1.50168 1.72986 2.68192 2.23082 2.90581 2.14077 1.26319 0.294536 0.0504167
threshold=1.0000000180025095e-35 35.500000000000007 80.888500000000008 109.50000000000001 173.50000000000003 296.50000000000006 35405.084000000003 5.8858444187391568 2272.8601250000006 22.500000000000004 6.5000000000000009 2155.5000000000005 1210.5000000000002 27028.291000000001 3.5595238095238102 -876.51075000000117 38210.275363000001 1.5000000000000002 0.48431979602986713 11040.053550000002 22940.569000000003 372.50000000000006 554.50000000000011 760.50000000000011 4.5000000000000009 2231.0000000000005 700.00000000000011 28652.178000000004
decision_type=2 2 2 2 2 2 2 2 2 2 2 2 2 2 2 2 2 2 2 2 2 2 2 2 2 2 2 2
left_child=16 2 17 7 5 15 -7 -4 -9 11 14 12 -6 -13 -11 -3 19 26 -17 20 22 -22 23 -1 -24 -23 -2 -28
right_child=1 4 3 -5 9 6 -8 8 -10 10 -12 13 -14 -15 -16 18 -18 -19 -20 -21 21 25 24 -25 -26 -27 27 -29
leaf_value=0.011100389562008447 -0.079747947780434231 -0.070938055819273371 0.065759189056426484 -0.075003766082231513 -0.0053882988460274396 0.1024207542032784 0.008865237757753372 0.043534576851418268 -0.027621339380419298 0.054958950554932065 0.060817385679250796 0.046845132685662559 -0.0357195333156815 0.0005703179275352336 -0.017334109785924697 0.042009620326876135 -0.028200986644072907 -0.0012368278806776274 -0.022481270447269962 0.03127258288944558 -0.024526601038476457 0.023275445559874739 0 -0.019299901776359943 0.039613119967636348 -0.0066299094568554075 -0.054248285753699256 -0.015654380483359768
leaf_weight=33.094884702702984 2.679132716322786 1.4407253702811429 1.8341743876226226 1.8293682617368165 50.694545610895148 3.2033734446740709 4.0687552815943491 2.3333526669885032 4.3960550778720062 1.4619002809049586 6.8261540912790215 5.2915853979066041 17.905990159808425 23.945201688417001 13.055783076721125 1.9131501076626571 5.0529990564100435 1.7647385944728737 2.2516065579839051 6.3415216603316358 13.662851627450438 8.002118426258674 5.9768578489311066 12.645515772048382 11.164825916290281 7.9755536217708132 0.95502639870392136 0.92398425028659403
leaf_count=781 34 66 32 68 2801 51 112 100 217 306 122 102 553 587 840 95 44 75 123 64 102 66 117 184 162 64 106 31
internal_value=0 -0.00279756 -0.0203994 -0.00279298 -0.000513275 0.0226589 0.0511108 0.011785 -0.00184468 -0.00307943 0.0126205 -0.00658021 -0.0134139 0.00920127 -0.00953818 -0.0129398 0.00393984 -0.0481596 0.00537635 0.00565792 0.00382171 -0.00680588 0.0089488 0.00253374 0.025633 0.00788622 -0.0646963 -0.0392391
internal_weight=252.692 148.775 16.7158 10.393 132.059 12.8776 7.27213 8.56358 6.72941 119.181 21.3438 97.8373 68.6005 29.2368 14.5177 5.60548 103.917 6.32288 4.16476 98.8641 92.5226 29.6405 62.8821 45.7404 17.1417 15.9777 4.55814 1.87901
internal_count=8005 6421 663 417 5758 447 163 349 317 5311 1268 4043 3354 689 1146 284 1584 246 218 1540 1476 232 1244 965 279 130 171 137
is_linear=0
shrinkage=0.0540709


Tree=163
num_leaves=24
num_cat=0
split_feature=16 7 26 22 40 61 98 90 81 105 40 43 95 66 59 98 98 70 98 106 105 20 95
split_gain=0.958194 2.1215 2.17004 2.64177 2.08202 3.02914 1.54655 1.44422 1.37725 1.28404 2.09634 3.08066 3.68444 2.5756 2.05187 5.07856 3.72219 3.41032 3.36275 3.27821 1.65849 0.512697 0.228795
threshold=40.500000000000007 1.0000000180025095e-35 2.5000000000000004 1.0000000180025095e-35 4033.0566300468477 0.86496402639900405 0.9388870527911638 -0.74999999999999989 34356.182750000007 0.89808705688280666 7902.9847752386986 1070.5000000000002 157.50000000000003 492.00000000000006 344.50000000000006 0.89437247802640807 1.1501469038014192 602.50000000000011 0.68650568087540986 2.3333333333333335 1.0682810310370916 14.500000000000002 1209.5000000000002
decision_type=2 2 2 2 2 2 2 2 2 2 2 2 2 2 2 2 2 2 2 2 2 2 2
left_child=7 2 3 4 5 -2 21 -1 -6 14 11 12 -11 -13 16 17 18 -16 -9 -17 -12 -5 -3
right_child=1 22 -4 6 8 -7 -8 9 -10 10 20 13 -14 -15 15 19 -18 -19 -20 -21 -22 -23 -24
leaf_value=0.029751699606896873 -0.019067589458403547 -0.062011158295301426 -0.12972609526309459 0.053900991700067513 -0.061605716535317573 0.056734934653258039 -0.0045448661886367267 -0.007687140287420853 0.049459423579378319 -0.046064164483487366 0.0047725824958426057 0.041648859414098273 0.0072405423134224824 0.0062099301740855036 -0.016938346420319512 -0.044945172678281027 -0.034248430605752514 0.0053821606474029563 0.029454149079632112 0.010725725573777956 -0.032639573696763541 0.014445607551711148 -0.026508978188460864
leaf_weight=5.0363694468978784 6.9759358099254367 1.9918565669504449 0.38455384224653144 3.3676923157181591 3.3730680475564454 1.9677064458373932 3.4997629397548735 10.73000178858638 0.28505830309586588 4.3985879574902382 6.9605431926029251 13.285354500170799 27.352470620622626 11.946595252375117 28.127449503866956 13.822933743213072 4.915556203632149 68.987042467138963 19.745159067591885 3.7258721012622109 6.3765239519416355 2.2081206329166889 2.2250018434133381
leaf_count=98 2309 83 3 227 1259 135 78 398 16 46 121 178 513 147 454 281 81 914 423 30 105 31 75
internal_value=-3.07142e-06 -0.00980262 -0.00272604 -0.000119374 -0.0164735 -0.0015542 0.0217733 0.00110667 -0.0509075 0.0004182 0.00647562 0.0110616 0 0.0251644 -0.00237129 -0.00592291 0.00892649 -0.0010067 0.0161349 -0.0327044 -0.0125627 0.0396127 -0.0450538
internal_weight=251.689 26.2788 22.0619 21.6773 12.6018 8.94364 9.07558 225.41 3.65813 220.374 70.3201 56.983 31.7511 25.2319 150.054 114.663 35.3907 97.1145 30.4752 17.5488 13.3371 5.57581 4.21686
internal_count=8005 4216 4058 4055 3719 2444 336 3789 1275 3691 1110 884 559 325 2581 1679 902 1368 821 311 226 258 158
is_linear=0
shrinkage=0.0540709


Tree=164
num_leaves=15
num_cat=0
split_feature=100 106 20 42 82 106 20 106 84 5 5 20 42 20
split_gain=0.937481 1.60687 1.19304 4.59052 1.76582 1.30342 3.16928 6.93634 3.02965 1.85717 1.87139 1.13137 0.487244 0.175008
threshold=33.525000000000006 1.0000000180025095e-35 26.500000000000004 199.54000000000005 77.500000000000014 0.81666666666666676 15.500000000000002 0.48333333333333339 0.9024830501012594 512.50000000000011 358.50000000000006 17.500000000000004 3547.7040000000002 26.500000000000004
decision_type=2 2 2 2 2 2 2 2 2 2 2 2 2 2
left_child=1 11 5 4 -4 6 8 -8 -3 10 -7 -1 13 -13
right_child=-2 2 3 -5 -6 9 7 -9 -10 -11 -12 12 -14 -15
leaf_value=0.016912218236191785 0.019685686107841917 -0.019918935471830164 0.012765254623522685 -0.029935269759990769 0.072152332452106865 0.0046683527181362039 -0.0021811468738750098 0.066341488994192011 0.016725596617300754 0.025176971306422692 -0.011145540469935274 -0.13701479708368278 0 -0.051928626008462819
leaf_weight=0.65877050813287441 6.8533556028269222 45.72158330885577 3.1361864526406844 3.5974160837358795 3.4857064947718754 89.735832010162994 43.938094678567722 4.7704725068761027 7.4866910104756235 9.9397804131731373 28.848301933554467 0.21501533687114793 0.25839442160213355 2.1336096013546921
leaf_count=12 70 2057 102 103 46 1324 2061 39 308 99 936 1 22 825
internal_value=-3.81005e-06 -0.000587479 -4.53182e-05 0.017998 0.0451553 -0.000877716 -0.00546843 0.00438082 -0.0146235 0.00270515 0.0007588 -0.0382516 -0.0550263 -0.0629817
internal_weight=250.779 243.926 240.66 10.2193 6.62189 230.441 101.917 48.7086 53.2083 128.524 118.584 3.26579 2.60702 2.34862
internal_count=8005 7935 7075 251 148 6824 4465 2100 2365 2359 2260 860 848 826
is_linear=0
shrinkage=0.0540709


Tree=165
num_leaves=15
num_cat=0
split_feature=53 25 67 64 53 99 78 53 92 49 47 49 5 98
split_gain=0.897687 2.82827 1.85646 3.65425 2.33531 1.91252 1.70692 1.64022 1.53718 1.51926 4.94163 1.90691 1.81363 1.59069
threshold=0.36182795698924736 174.83333333333334 7.9705882352941186 1540.2046428571432 0.37885677596397416 1.0000000180025095e-35 0.43818714510088203 0.35343308789579841 49.500000000000007 158.50000000000003 972.50000000000011 198.50000000000003 396.50000000000006 0.60436231886377556
decision_type=2 2 2 2 2 2 2 2 2 2 2 2 2 2
left_child=7 2 5 -4 -5 -2 -6 8 9 10 12 -11 -1 -13
right_child=1 -3 3 4 6 -7 -8 -9 -10 11 -12 13 -14 -15
leaf_value=0.0053709710694771085 0.050240541939025121 0.022952943940764511 -0.092281900361686431 -0.059637356654152221 0.0080152168405153712 -0.04704542622030803 -0.033114932261950294 0.04538377587618507 -0.038348368414853715 -0.047090498352320133 0.046596241955738221 0.021266991171915311 -0.0050190466405533197 -0.024417519643630089
leaf_weight=109.11868497758405 2.0106131719658156 5.9385077189654103 2.1552586827019722 2.948462915577692 8.51567962093395 0.76699789089616999 4.3952831156202583 2.4199870759039177 2.9149558980134307 4.1415387652086784 7.1086357022140865 4.2467607638100144 89.015129416482523 4.6177816302515566
leaf_count=3723 56 82 51 66 206 187 142 51 108 121 111 54 2954 93
internal_value=0 -0.00939346 -0.0189888 -0.0255205 -0.0159705 0.0207017 -0.00541756 0.00109011 0.000571586 0.00112565 0.00229307 -0.0167259 0.000665764 -0.00169787
internal_weight=250.314 26.7308 20.7923 18.0147 15.8594 2.77761 12.911 223.583 221.163 218.249 205.242 13.0061 198.134 8.86454
internal_count=8005 790 708 465 414 243 348 7215 7164 7056 6788 268 6677 147
is_linear=0
shrinkage=0.0540709


Tree=166
num_leaves=21
num_cat=0
split_feature=27 2 7 97 72 93 54 90 91 69 48 60 47 104 47 39 33 6 80 50
split_gain=0.912598 2.46555 2.41757 1.45009 1.82638 1.93321 1.71414 1.38174 1.53601 1.32346 2.63488 3.83992 2.45433 2.15223 2.96015 1.82857 0.513515 0.484673 0.101803 0.0934397
threshold=1.0000000180025095e-35 3.5000000000000004 56.700098766926715 22.148148148148156 0.087599020261366969 1.5000000000000002 1.0000000180025095e-35 -0.74999999999999989 7.5000000000000009 40.500000000000007 58.500000000000007 601.50000000000011 278.50000000000006 -0.60476761275103297 160.50000000000003 5670.0773750000008 1.0000000180025095e-35 99.100000000000009 135743.80100000001 22.500000000000004
decision_type=2 2 2 2 2 2 2 2 2 2 2 2 2 2 2 2 2 2 2 2
left_child=1 7 18 4 5 -2 -6 8 19 13 12 -12 -11 15 -15 -9 -8 -7 -3 -1
right_child=3 2 -4 -5 6 17 16 9 -10 10 11 -13 -14 14 -16 -17 -18 -19 -20 -21
leaf_value=0.027497846668633513 -0.044644407572052631 -0.059191460912209108 0.02959283938466296 0.040195276986017936 -0.0039754281983409292 0.024301890312897693 0.05206714480099383 0.02716780780059103 -0.0046520905141286548 0.019835278664316988 -0.060382168485359794 -0.00062525069447460168 -0.015195174307860285 -0.0067520735941950889 -0.044350364358083476 -0.018306785625784281 0.017403675451303235 -0.0067449022881987536 0 0.058247611065325909
leaf_weight=1.8784185568802052 3.6447624482680165 3.9589793207851462 1.1071861395612357 3.9079487894196054 5.2226759026525524 2.3630236689932644 3.4357690499164164 8.5897365648415853 2.7792622994165868 33.421939562045736 3.2568148006102993 98.486681997135747 6.8431596477166741 51.20032139243267 7.1058696079417123 3.4990030623739576 3.3201685063540936 3.3483720188960433 0.31064535123005033 2.0954322242178023
leaf_count=95 56 836 9 95 52 89 97 376 60 816 70 1930 173 2721 198 138 36 75 43 40
internal_value=-9.11389e-07 -0.00112635 -0.037301 0.00971628 0.00378343 -0.0136708 0.0180333 -0.000204751 0.0238262 -0.00100382 0.00196057 -0.00261196 0.0136977 -0.00708879 -0.0114625 0.0133933 0.0361367 0.00481107 -0.0563841 0.0455943
internal_weight=249.776 224.533 5.37681 25.2427 21.3348 9.35616 11.9786 219.157 6.75311 212.404 142.009 101.743 40.2651 70.3949 58.3062 12.0887 6.75594 5.7114 4.26962 3.97385
internal_count=8005 7505 888 500 405 220 185 6617 195 6422 2989 2000 989 3433 2919 514 133 164 879 135
is_linear=0
shrinkage=0.0540709


Tree=167
num_leaves=12
num_cat=0
split_feature=86 75 41 109 92 74 59 105 56 42 95
split_gain=0.902037 1.37488 2.17667 1.89391 2.19091 1.66723 2.79893 3.09496 2.58879 1.98569 0.769927
threshold=86262.34423100001 17857.552300000003 63474.969500000007 1.1319171596919146 24.500000000000004 182280.17850000001 1724.5000000000002 0.6981958188577948 461449.85850000015 313.19850000000002 1169.5000000000002
decision_type=2 2 2 2 2 2 2 2 2 2 2
left_child=1 2 5 4 -3 6 8 -8 -1 -7 -6
right_child=-2 3 -4 -5 10 9 7 -9 -10 -11 -12
leaf_value=-0.00051701122527251554 -0.028880521570389603 0.070533590490165485 -0.054751519356968488 -0.0072627027709631035 0.033846953381552643 0.0020406174890681226 0.041579038892622953 0.0019551531276380948 -0.050527942760984684 -0.052932487863029162 -0.010684059919869657
leaf_weight=196.77484941319562 3.1268220260390072 3.0862814886495453 2.1447241478308561 4.7404403995897155 1.9994520516629561 3.4270576851122305 9.8054732881137188 15.002685805942745 3.0792404091334893 3.757341224103584 2.2791054848348722
leaf_count=6901 72 27 56 112 56 68 227 283 48 81 74
internal_value=-3.36902e-06 0.000333752 -0.00055494 0.0181194 0.0354574 -2.1201e-05 0.000766942 0.0179167 -0.00132508 -0.0256884 0.00840611
internal_weight=249.223 246.097 233.991 12.1053 7.36484 231.847 224.662 24.8082 199.854 7.1844 4.27856
internal_count=8005 7933 7664 269 157 7608 7459 510 6949 149 130
is_linear=0
shrinkage=0.0540709


Tree=168
num_leaves=17
num_cat=0
split_feature=99 76 81 41 85 57 46 45 41 50 96 53 95 95 69 95
split_gain=0.905096 1.52933 2.34821 2.29728 3.51629 2.16107 1.98444 1.1386 2.1679 1.79418 1.77398 2.5833 2.19173 2.53136 1.32887 0.665849
threshold=1.0000000180025095e-35 1035.5000000000002 24519.216375000007 34307.839000000007 78102.03075000002 7594.9450125000012 2398.5000000000005 40.166228099026007 44673.408500000012 97.500000000000014 346.85668370348475 0.10022715663739416 2848.5000000000005 2145.5000000000005 46.500000000000007 486.50000000000006
decision_type=2 2 2 2 2 2 2 2 2 2 2 2 2 2 2 2
left_child=7 2 3 4 6 15 -2 8 10 -9 12 -12 13 -1 -14 -5
right_child=1 -3 -4 5 -6 -7 -8 9 -10 -11 11 -13 14 -15 -16 -17
leaf_value=0.00041765435287626184 -0.009573210460283409 -0.054749046194963021 0.046679008498520358 0.046020848558446396 0.081910069790043033 -0.057037788768697979 0.027578628451540934 0.040727116238633163 -0.024195512947413643 -0.00039345848417087577 -0.00048560557882959109 0.044361737087786283 0.040207474862167865 -0.027342327685656656 0.003678450975957571 -0.017205078250800289
leaf_weight=135.42284226766787 37.86459233322239 1.8558035198366258 2.4747467827110077 0.87775903751025797 1.3876824043691147 4.6272776868281653 4.6528944626043076 5.463224175386129 9.7147957216948253 6.3740866237785667 7.6389623882714641 6.8246174751548097 6.1197603694163245 10.300936301006002 6.4979051630944014 0.88609007067861967
leaf_count=1625 4666 118 67 34 32 477 205 70 89 61 97 86 79 129 53 117
internal_value=-5.72239e-06 -0.00618417 -0.00433405 -0.00699292 -0.0024028 -0.037358 -0.00533247 0.00169284 0.000596849 0.0179644 0.00203369 0.0201681 0.000330287 -0.0014943 0.0219851 0.0100912
internal_weight=248.984 54.6268 52.771 50.2963 43.9052 6.39113 42.5175 194.357 182.52 11.8373 172.805 14.4636 158.341 145.724 12.6177 1.76385
internal_count=8005 5716 5598 5531 4903 628 4871 2289 2158 131 2069 183 1886 1754 132 151
is_linear=0
shrinkage=0.0540709


Tree=169
num_leaves=27
num_cat=0
split_feature=105 97 95 105 66 58 87 43 105 48 105 103 108 87 13 119 20 103 54 20 73 27 16 58 66 81
split_gain=0.860304 2.33742 2.56191 2.31998 2.14936 3.25881 3.30185 3.00981 3.4191 3.18576 3.63385 2.75004 2.70497 2.48216 1.85749 1.9569 4.60526 2.40276 2.39802 3.03213 2.21337 1.48208 1.31375 0.886925 0.455355 0.75646
threshold=0.89808705688280666 17.500000000000004 2361.5000000000005 0.88993613216732059 492.00000000000006 986.50000000000011 3266.4637500000031 1083.5000000000002 1.0139460518584276 56.500000000000007 1.1212718588803881 31.844000000000005 0.19566066651379657 -6694.6269999999995 33.525000000000006 0.20833333333333337 22.500000000000004 21.29049999999997 1.0000000180025095e-35 27.500000000000004 14.500000000000002 1.0000000180025095e-35 36.500000000000007 843.50000000000011 56.500000000000007 1395.0947500000002
decision_type=2 2 2 2 2 2 2 2 2 2 2 2 2 2 2 2 2 2 2 2 2 2 2 2 2 2
left_child=3 4 21 14 7 -6 13 9 23 11 -11 -2 -10 -7 15 18 17 -17 20 -20 -1 24 -8 -9 -3 -26
right_child=1 2 -4 -5 5 6 22 8 12 10 -12 -13 -14 -15 -16 16 -18 -19 19 -21 -22 -23 -24 -25 25 -27
leaf_value=-0.051604286032364666 0.0057639313066320278 -0.074406027294900548 0.039565458028288071 -0.050802560575681624 -0.059248156935435337 0.014922248176549423 0.048414422547700196 0.084592855837137701 0.031288054395273726 -0.04482146921056053 0.023851354333867869 0.052891064214418776 -0.03346305443651322 -0.038403761575735412 0.036796687858871885 0.0030884695307342941 0.041812352743563902 -0.011874881448757266 -0.010876660032786435 0.071335653142884661 0 0 0.0018476201784572862 0.040584290218319538 0 -0.058416522184530015
leaf_weight=7.4993178181612183 17.700030655920276 2.3617166189360423 1.4254224479082038 2.8260177583142641 2.9184659260208745 3.9462273053359276 4.3983870752563226 3.2263827027345533 5.6619351245462877 6.4638382907432952 3.3014362996618729 4.7169525067438363 2.7499293126165867 6.5165729685104434 3.6361572733148924 87.940315277664922 7.331652501365169 48.424507880030433 8.2609875394555257 1.5514687470422348 3.9308161828957964 1.7732668144162742 3.543801124120364 4.0904284922435181 0.89825797663070295 1.2362449940992517
leaf_count=400 548 128 57 69 80 85 46 68 162 140 88 120 66 109 46 3244 118 949 523 394 169 31 141 82 63 79
internal_value=-3.86766e-06 0.00471649 -0.0233086 -0.00216564 0.00793866 -0.00609985 0.00193229 0.014341 0.0338014 0.00459864 -0.0208478 0.0160142 0.0092386 -0.0175857 -0.0013058 -0.00219107 2.22064e-05 -0.00217107 -0.0175092 0.00138193 -0.0343705 -0.0387908 0.0285729 0.0610193 -0.0553276 -0.030705
internal_weight=248.331 76.9293 7.69491 171.401 69.2344 21.3235 18.405 47.9109 15.7287 32.1823 9.76527 22.417 8.41186 10.4628 168.575 164.939 143.696 136.365 21.2426 9.81246 11.4301 6.26949 7.94219 7.31681 4.49622 2.1345
internal_count=8005 2093 358 5912 1735 461 381 1274 378 896 228 668 228 194 5843 5797 4311 4193 1486 917 569 301 187 150 270 142
is_linear=0
shrinkage=0.0540709


Tree=170
num_leaves=29
num_cat=0
split_feature=99 86 17 97 86 104 103 65 65 17 20 96 20 95 81 54 62 36 85 103 108 82 52 72 91 67 98 51
split_gain=0.882496 1.3685 2.17705 2.27305 2.0774 7.05456 4.26913 2.69721 4.54956 3.27807 3.82409 3.20987 2.89099 2.38953 1.16451 1.11769 1.07246 1.87965 2.31082 2.52684 2.64523 2.49546 1.61059 1.69344 2.34197 1.03429 0.876892 0.499494
threshold=1.0000000180025095e-35 -5047.2778904999968 13.500000000000002 5.8858444187391568 -1467.5191579999998 -0.18483514292232392 -6.0785000000000009 6754.7341007220648 7654.5401513412044 24.500000000000004 25.500000000000004 241.04495147679324 15.500000000000002 402.50000000000006 4097.2917500000003 11.500000000000002 27.500000000000004 77.500000000000014 35254.455500000011 -42.41050000000002 -0.11754989623586669 62.500000000000007 0.82657893052918985 0.15475923381103288 10.500000000000002 8.4115384615384645 0.67376931056450673 235.50000000000003
decision_type=2 2 2 2 2 2 2 2 2 2 2 2 2 2 2 2 2 2 2 2 2 2 2 2 2 2 2 2
left_child=16 2 3 14 5 6 25 9 12 10 -6 -11 -9 -10 -2 -4 17 18 19 21 -21 -1 23 -18 -25 -3 -7 -5
right_child=1 4 15 27 7 26 -8 8 13 11 -12 -13 -14 -15 -16 -17 22 -19 -20 20 -22 -23 -24 24 -26 -27 -28 -29
leaf_value=0.03090964612572827 0.085523421655852527 0.083190492816427639 -0.056298853920523362 0.012347175192897804 -0.045833640661623008 0.01161090634182573 0.18301887727026936 0.0095980003376924718 0.04698498997327788 0.020863276474702847 0.025002956801572732 -0.038311896003492191 0.11218258738782477 -0.02289628061047554 0 0.006464048429770386 -0.015159914114468695 -0.019103037743374719 -0.022224455059640453 -0.013093891251011449 0.0057897177037803749 -0.0068739725454316468 0.027690162265339276 -0.0026235468377796955 0.03204956721438687 0 -0.053197424165046456 -0.049987709294152145
leaf_weight=16.73415503976867 1.0479645787854668 0.6698398959124463 4.8464574328972958 0.26669824152486388 12.257871590627476 0.67411183629883398 0.99921704924781796 1.6882910314016037 1.8122313648636899 9.4353588527301309 2.5765333394374457 3.7088549812324336 1.9012737647863103 6.3209429044945864 0.9571992837009019 0.75339858763618384 10.046757595613597 14.326414130977353 10.965300277457571 31.529072919278406 69.443136860558297 6.9412377737462512 10.506331408396361 13.4844094744185 9.4412755129160342 0.89054413625854068 1.7946054755884686 1.5495015073247485
leaf_count=353 61 33 517 22 2216 53 42 69 90 403 707 235 69 362 102 39 75 113 85 447 924 49 82 98 63 107 232 357
internal_value=0 -0.00612836 -0.0249274 0.00481364 -0.00200254 0.0304843 0.0941077 -0.00630472 0.0151492 -0.0155583 -0.0330303 0.00360024 0.0660265 -0.00640844 0.0461557 -0.0465362 0.00168061 -0.000440636 0.00147667 0.00362131 -3.37382e-05 0.0195203 0.00916552 0.00303725 0.0113349 0.0322666 -0.0325148 -0.0367656
internal_weight=247.569 54.1509 9.42122 3.82136 44.7297 5.02832 2.5596 39.7014 11.7227 27.9786 14.8344 13.1442 3.58956 8.13317 2.00516 5.59986 193.418 149.939 135.613 124.648 100.972 23.6754 43.4788 32.9724 22.9257 1.56038 2.46872 1.8162
internal_count=8005 5716 1098 542 4618 467 182 4151 590 3561 2923 638 138 452 163 556 2289 1971 1858 1773 1371 402 318 236 161 140 285 379
is_linear=0
shrinkage=0.0540709


Tree=171
num_leaves=18
num_cat=0
split_feature=87 41 65 104 70 58 22 92 48 85 87 48 72 59 84 45 86
split_gain=0.883537 1.34857 2.06787 3.40947 2.04846 3.72015 1.32992 1.83309 1.88622 2.81684 1.77868 3.70447 2.99179 2.26266 4.37804 2.58906 1.15253
threshold=-37621.614999999998 44673.408500000012 6680.9877288688149 0.061882156672387369 2751.0000000000005 2206.5000000000005 1.0000000180025095e-35 32.500000000000007 145.50000000000003 2467.6900000000032 -7385.5959999999986 165.50000000000003 0.036318141487588905 1724.5000000000002 0.68065336463223802 29.384162526537526 20782.11080250001
decision_type=2 2 2 2 2 2 2 2 2 2 2 2 2 2 2 2 2
left_child=-1 6 -3 4 5 -4 10 8 9 -8 11 12 -2 15 -15 -12 -5
right_child=1 2 3 16 -6 -7 7 -9 -10 -11 13 -13 -14 14 -16 -17 -18
leaf_value=0.028738734373564993 -0.062868781912281652 -0.052688557693963599 0.030458420015473133 -0.0114101704030192 0.04534428734921362 -0.041634065959011132 0.013196802212153576 0.0468771870604653 0.049504694088632901 -0.028867920197984516 0.0011237360511049284 -0.058040425148163509 0.0051837694014107072 0.056475454840448171 0 -0.023093291138518931 -0.062679858571732056
leaf_weight=3.0797270627226672 2.1526590674184325 3.3496841199375949 4.3521780103037617 2.9014413490367579 3.5253502962586927 3.9893762344727293 15.96054360771087 3.8100668229162684 2.6142281860811627 6.5546605138806617 139.57970472506713 4.6878825642052098 14.621201483823823 6.0875502632115994 12.145436032005817 14.186813499691196 3.0996553404838778
leaf_count=46 70 86 93 72 64 106 496 80 45 94 5425 96 397 94 297 367 77
internal_value=0 -0.000393799 -0.013438 -0.00566069 0.0106491 -0.00313607 0.000817545 0.011644 0.00600434 0.000621007 -0.000763872 -0.0154622 -0.00311612 0.00102736 0.0190579 -0.0010628 -0.039136
internal_weight=246.698 243.618 21.2177 17.868 11.8669 8.34155 222.401 28.9395 25.1294 22.5152 193.461 21.4617 16.7739 172 18.233 153.767 6.0011
internal_count=8005 7959 498 412 263 199 7461 715 635 590 6746 563 467 6183 391 5792 149
is_linear=0
shrinkage=0.0540709


Tree=172
num_leaves=28
num_cat=0
split_feature=106 108 108 38 87 49 95 41 98 24 42 106 43 87 45 24 56 56 91 86 38 64 22 56 50 42 50
split_gain=0.889926 1.79066 2.07739 2.36002 4.24498 3.49198 3.25918 3.90877 2.53968 2.15542 2.51647 2.40527 2.09764 1.8633 1.6686 1.78433 1.86716 4.16086 3.11222 2.86998 2.53217 1.63688 1.37301 1.30909 2.25388 1.23811 0.789618
threshold=0.95000000000000007 -0.73242598314606733 0.52698632199041096 429280.37000000011 6729.9445000000042 128.50000000000003 507.50000000000006 32397.491500000004 0.90856823679187981 358.50000000000006 334.25050000000005 0.28333333333333338 691.50000000000011 1095.5335000000002 40.166228099026007 189.00000000000003 227175.37900000004 176787.58900000001 12.500000000000002 -3707.0319210000075 252472.09100000004 8067.797695852536 1.0000000180025095e-35 160810.3645 13.500000000000002 38.410500000000006 10.500000000000002
decision_type=2 2 2 2 2 2 2 2 2 2 2 2 2 2 2 2 2 2 2 2 2 2 2 2 2 2 2
left_child=1 13 3 4 5 -3 7 -5 -8 10 11 -4 -6 21 15 16 17 20 19 -18 -2 22 25 24 -17 -1 -12
right_child=14 2 9 6 12 -7 8 -9 -10 -11 26 -13 -14 -15 -16 23 18 -19 -20 -21 -22 -23 -24 -25 -26 -27 -28
leaf_value=0.034519949044533808 0.0051795389379066777 -0.010205749744977307 0.044901137915695458 0.047771816861587983 0 0.061542520767240018 -0.0019348463522139707 -0.0057274685917522968 -0.049228879846071501 0.040441694641061787 -0.07533470579272282 -0.011174708597147035 -0.056821191926218324 0.086951775737897904 0.031838835994194313 0.053117022656726666 0 0.047039487460703952 0.0093118571859684696 -0.039743242484653621 -0.033203038312147971 0.065598647345738337 0.02560902443428759 0.051917843631372779 -0.024335847119406954 -0.045570187542142399 -0.0096970696248936568
leaf_weight=0.62563196540577193 43.518558526877314 53.157440260314615 4.0159133682318515 8.3097712832386588 2.4526585734274695 2.0347555183107024 29.234335218003253 7.2622667212708611 3.8059424859675337 5.6203869296004987 1.3862655559205443 4.7145693012862466 8.6698070931161038 1.1259643097291698 5.8602374810725442 1.8203320470638562 9.3871215018443763 6.4231175463646641 14.60287798149511 12.414511289913207 5.6702893236652008 1.2743231147760523 2.7343158300500363 3.4508917338680476 2.6670209630392492 2.4518491532944608 1.3629012840392531
leaf_count=56 634 3516 158 161 135 51 893 194 198 121 84 256 367 19 72 113 93 77 107 82 57 56 120 43 44 244 54
internal_value=0 -0.00285179 -0.00442222 -0.00708028 -0.0137277 -0.0074244 0.00183605 0.0223497 -0.00760926 0.0130087 0 0.0137778 -0.0443345 0.021491 0.00371614 0.00199274 -4.93979e-05 0.00610127 -0.00964805 -0.0226862 0.000603426 0.0100233 -0.000911109 0.0265886 0.00544771 -0.0268755 -0.0455146
internal_weight=246.054 140.239 132.027 114.927 66.3147 55.1922 48.6123 15.572 33.0403 17.1 11.4796 8.73048 11.1225 8.21208 105.815 99.9547 92.0165 55.612 36.4045 21.8016 49.1888 7.08612 5.8118 7.93824 4.48735 3.07748 2.74917
internal_count=8005 6683 6188 5515 4069 3567 1446 355 1091 673 552 414 502 495 1322 1250 1050 768 282 175 691 476 420 200 157 300 138
is_linear=0
shrinkage=0.0540709


Tree=173
num_leaves=22
num_cat=0
split_feature=31 16 45 91 29 20 49 54 86 32 66 41 41 45 72 20 16 45 5 16 97
split_gain=0.842575 1.69697 1.68304 2.82093 2.04393 2.92528 1.84484 2.19538 1.61072 1.73008 1.37715 2.01749 2.64066 1.99156 1.75457 3.12518 1.3279 0.564922 0.509988 0.170178 0.153838
threshold=1.0000000180025095e-35 40.500000000000007 18.013475510621738 11.500000000000002 1.0000000180025095e-35 27.500000000000004 3.5000000000000004 6.5000000000000009 7596.2112115000155 165.00000000000003 7.5000000000000009 4407.723500000001 6338.893500000001 10.516555482833038 0.089987146529562953 3.5000000000000004 29.500000000000004 5.9570504177996888 189.00000000000003 40.500000000000007 19.820000000000004
decision_type=2 2 2 2 2 2 2 2 2 2 2 2 2 2 2 2 2 2 2 2 2
left_child=1 10 3 4 17 -6 -4 18 9 19 14 -12 -13 -14 15 16 -1 -3 -8 -2 -17
right_child=8 2 6 -5 5 -7 7 -9 -10 -11 11 12 13 -15 -16 20 -18 -19 -20 -21 -22
leaf_value=0 0.060117946648014439 -0.0018204541274624625 -0.13550913319270877 0.051081638229357379 -0.044533833147620223 0.06640828804782134 0 0.03334630531339302 -0.013498577146660242 0.0019653972920286415 -0.037159597881690806 0.038480956979690714 -0.018929691769309837 0.0010190579394463047 0.068658609007536273 -0.018450217737989886 0.059607223830354293 0.036324065149728468 -0.056219457320145487 0.029391418393137123 -0.057490695998756641
leaf_weight=1.8436376750469188 2.6693305419757944 2.1727040945552312 0.59207980911014502 2.10966461256612 6.9372109540563542 0.72076313888828725 0.31451748777180943 1.124048973113531 4.5765041992999604 5.5871597111690789 4.2670537775848052 5.1857237644144325 15.928694531728977 176.00899811898125 1.8495794258778913 1.5655886511085557 2.7472097100690007 1.8062676647678015 3.3824990949069615 2.3763461280614138 1.0946453205542637
leaf_count=103 54 89 50 126 2307 308 4 120 43 73 66 80 350 2734 50 124 128 58 1001 91 46
internal_value=0 -0.000841155 -0.0162587 -0.00557426 -0.0164881 -0.0331113 -0.0420136 -0.028943 0.0122988 0.0240979 0.000527249 -0.000366533 0.000392817 -0.000598154 0.0211133 0.00794965 0.035799 0.0136492 -0.0498882 0.0471299 -0.0373247
internal_weight=244.86 229.651 19.1598 13.7466 11.6369 7.65797 5.41315 4.82107 15.2093 10.6328 210.491 201.39 197.123 191.938 9.10066 7.25108 4.59085 3.97897 3.69702 5.04568 2.66023
internal_count=8005 7744 4063 2888 2762 2615 1175 1125 261 218 3681 3230 3164 3084 451 401 231 147 1005 145 170
is_linear=0
shrinkage=0.0540709


Tree=174
num_leaves=21
num_cat=0
split_feature=87 109 72 56 77 95 62 98 62 98 60 41 82 78 57 86 46 46 69 5
split_gain=0.8359 2.12538 1.65294 1.40455 3.41957 2.69838 3.26993 3.62868 3.18438 3.04316 3.79106 2.96796 3.3743 2.59917 2.1919 1.96843 1.92732 3.5544 1.80829 1.70494
threshold=27463.415749999989 1.0771310910325134 0.052697022205108406 294426.19800000003 476.50000000000006 524.50000000000011 25.500000000000004 0.73415190080867887 17.500000000000004 0.66837924830438611 2503.5000000000005 27708.513500000005 270.50000000000006 0.61595671972225496 7409.522122995877 18673.598689000013 1881.0000000000002 1521.5000000000002 52.500000000000007 299.50000000000006
decision_type=2 2 2 2 2 2 2 2 2 2 2 2 2 2 2 2 2 2 2 2
left_child=3 -2 -3 4 14 6 7 -5 -7 10 -10 -8 -13 -11 16 -6 17 -1 19 -16
right_child=1 2 -4 5 15 8 11 -9 9 13 -12 12 -14 -15 18 -17 -18 -19 -20 -21
leaf_value=0.00231119608370008 0.006587921627295777 0 -0.068959989239099934 -0.045693001016480994 -0.062262357900248734 0.040919170204720828 0.07230817464234017 0.026254188557075817 0.04968178509857786 0.018185576833467394 -0.0041244398266482383 -0.018267944614369088 0.045439559340947774 -0.0241355689855648 0.017022791627365478 -0.0049710245764844948 0.054872729802040943 -0.039918244791395205 -0.066659358121746573 -0.037019703461653244
leaf_weight=136.84350831659685 5.3865200271102349 1.8561031167046165 2.7656141114130151 3.6074307117960434 4.2250605346634975 4.9518942380091167 4.92840244132094 4.6691598726174561 5.5518871706735835 5.0323916302295428 11.658126524009274 3.9211492617177992 5.9158598912181333 22.353912712016609 3.1501229049463273 3.5144297202350572 1.9331122103030782 6.079825718275969 2.4284213726059534 3.4706850791408215
leaf_count=5517 106 59 90 65 66 116 87 111 103 129 264 86 85 551 120 79 43 131 51 146
internal_value=0 -0.0153201 -0.042443 0.000634844 -0.00213617 0.00690708 0.0221952 -0.00421564 -5.4052e-05 -0.00477114 0.0128079 0.0374985 0.0192954 -0.0160881 -0.000323862 -0.0372103 0.00124044 0.000462502 -0.0261755 -0.0101936
internal_weight=244.244 10.0082 4.62172 234.235 161.645 72.5902 23.042 8.27659 49.5482 44.5963 17.21 14.7654 9.83701 27.3863 153.906 7.73949 144.856 142.923 9.04923 6.62081
internal_count=8005 255 149 7750 6153 1597 434 176 1163 1047 367 258 171 680 6008 145 5691 5648 317 266
is_linear=0
shrinkage=0.0540709


Tree=175
num_leaves=25
num_cat=0
split_feature=105 105 45 79 64 87 90 74 72 75 45 96 67 75 13 106 20 86 54 20 73 57 60 72
split_gain=0.831564 2.07635 1.62312 2.21953 1.99583 3.38477 2.25646 2.17351 3.92798 3.51147 3.41564 2.43177 2.04916 1.70896 1.59177 1.69136 3.93854 2.21329 2.17324 2.43187 1.93429 1.3087 1.19496 0.818718
threshold=0.89808705688280666 0.88993613216732059 10.579178670442834 1.5000000000000002 6895.5292603686648 18408.25175000001 -1.0000000180025095e-35 17905.817500000005 0.12510032102728733 3252.9396098901102 22.493598873593637 215.41944210930075 15.616071428571431 6890.7610541666681 33.525000000000006 0.20833333333333337 22.500000000000004 -1467.5191579999998 1.0000000180025095e-35 27.500000000000004 14.500000000000002 4038.6959886363643 151.50000000000003 0.18769011292406718
decision_type=2 2 2 2 2 2 2 2 2 2 2 2 2 2 2 2 2 2 2 2 2 2 2 2
left_child=1 14 3 22 7 6 -6 8 21 12 -10 -11 -9 -8 15 18 17 -17 20 -20 -1 -4 -2 -5
right_child=2 -3 4 23 5 -7 13 9 10 11 -12 -13 -14 -15 -16 16 -18 -19 19 -21 -22 -23 -24 -25
leaf_value=-0.049807907700059176 -0.019340674191181184 -0.049136055310642968 0.062314263903850503 -0.0052056176840642836 0.017046993882003109 0.032634458304884095 -0.070703737387214013 0.076525903228525094 -0.038187799960331559 -0.011269873449191394 0.031649202881451365 0.02193758327389311 0.019512817175657865 -0.017929921735960516 0.034596067491038753 0.0075183198539875932 0.038850544705637625 -0.0071232597627166284 -0.0099508642054906907 0.06258449720553351 -0.00043145201174413423 0.003032637709616961 0.036386976123476758 -0.070841133800268144
leaf_weight=7.123925694657375 2.3206755749124559 2.7102119325718368 2.6276953658671145 1.0772596249880737 2.5532654561102381 3.9109542832011348 3.2641619930800498 4.4551496129424759 8.7096314444934233 9.5640364695282205 2.5620707099442361 18.50859718650463 3.8774672456493136 5.1644921656989027 3.5055016889236859 45.35495083683054 7.2259881319478145 88.922960175972548 8.067703182139665 1.6138248210627342 3.8935568910092115 2.3350275195261929 2.0725618629367091 2.2643866573926061
leaf_count=400 86 69 68 100 33 90 99 89 279 201 102 456 88 155 46 1117 118 3076 523 394 169 91 64 92
internal_value=0 -0.00213344 0.00470273 -0.0184835 0.00746833 -0.00972963 -0.025493 0.0124746 -0.00359611 0.0198439 -0.0216551 0.0103609 0.0508944 -0.0392573 -0.00131947 -0.00214169 0 -0.0021227 -0.0165775 0.00138819 -0.0330326 0.0359237 0.00527291 -0.0519095
internal_weight=243.686 168.419 75.2674 7.73488 67.5325 14.8929 10.9819 52.6397 16.2344 36.4053 11.2717 28.0726 8.33262 8.42865 165.708 162.203 141.504 134.278 20.699 9.68153 11.0175 4.96272 4.39324 3.34165
internal_count=8005 5912 2093 342 1751 377 287 1374 540 834 381 657 177 254 5843 5797 4311 4193 1486 917 569 159 150 192
is_linear=0
shrinkage=0.0540709


Tree=176
num_leaves=26
num_cat=0
split_feature=107 84 86 16 95 49 81 95 68 80 65 112 81 80 77 82 87 46 87 35 38 53 68 86 48
split_gain=0.925319 1.79924 2.27729 1.76295 2.36029 2.7814 2.52594 2.31957 3.66643 2.9525 2.46549 1.89958 1.73595 1.62528 3.43353 1.6807 1.58821 1.54493 3.74018 3.61964 3.16521 2.96353 0.524873 0.485691 0.092858
threshold=1.0000000180025095e-35 0.93119877049180333 38210.275363000001 35.500000000000007 721.50000000000011 29.500000000000004 6372.1093750000009 173.50000000000003 261.50000000000006 35405.084000000003 917.89534046800372 0.92857142857142871 8905.6970714285726 22940.569000000003 372.50000000000006 83.500000000000014 922.5872499999997 2155.5000000000005 -9585.8512499999943 131.50000000000003 688638.22300000011 0.14609856776068222 454.50000000000006 -3973.5866499999979 62.500000000000007
decision_type=2 2 2 2 2 2 2 2 2 2 2 2 2 2 2 2 2 2 2 2 2 2 2 2 2
left_child=1 2 12 4 5 -2 11 8 10 -10 -5 16 13 15 -15 -1 -6 18 22 20 -19 -20 -9 -12 -8
right_child=3 -3 -4 7 6 -7 24 17 9 -11 23 -13 -14 14 -16 -17 -18 19 21 -21 -22 -23 -24 -25 -26
leaf_value=0.0032099289678552039 -0.0002061496638811138 0.031502961362141715 -0.03653450979498378 0.042111098899766233 -0.022084194528698507 -0.063862278550149226 -0.015491494120853598 -0.074439014494397077 0.077812615957107839 0.010902538012577127 -0.0082339865909487175 0.077566299492495522 0.025977939501770062 -0.032355483105365686 0.0094601145652932102 0.037258242780347992 0.058339873076502013 0.042416573350734031 -0.01844604585118129 -0.044729400223940598 0.0020907511427519995 0.0036679272464476939 -0.02937339959189007 -0.064709652946997959 -0.056761889194039225
leaf_weight=52.67246438836446 3.65180977352429 6.5197538933716706 4.2485260376706711 1.224617854139068 2.2686043676512777 5.1995618188811932 0.86928794100822449 2.4170701146940692 3.8053042757383064 4.5216430933505762 1.0160691596975076 1.4503765302943064 9.3406042758142558 11.205854425556028 11.379847545293158 4.6990685649216166 1.0375877965998368 7.8059289253287742 27.56693685380742 3.5507502330001435 22.62627841073845 48.577757210718119 2.1914440197579097 1.8789229145913859 1.3356839295884126
leaf_count=1147 123 95 33 95 183 84 68 94 69 118 50 58 81 86 99 43 59 207 2256 129 554 1989 82 115 88
internal_value=0 0.00396656 0.00196771 -0.00281219 -0.0198538 -0.038441 0.0027224 -0.000634948 0.0214595 0.0423793 -0.0190325 0.025885 0.00388314 0.00120895 -0.0109605 0.00612882 0.000943032 -0.00309652 -0.00721023 0.00646116 0.0126796 -0.00424131 -0.0546364 -0.0474603 -0.0438715
internal_weight=243.062 100.066 93.5464 142.996 15.8129 8.85137 6.96154 127.183 12.4466 8.32695 4.11961 4.75657 89.2978 79.9572 22.5857 57.3715 3.30619 114.736 80.7532 33.983 30.4322 76.1447 4.60851 2.89499 2.20497
internal_count=8005 1584 1489 6421 663 207 456 5758 447 187 260 300 1456 1375 185 1190 242 5311 4421 890 761 4245 176 165 156
is_linear=0
shrinkage=0.0540709


Tree=177
num_leaves=32
num_cat=0
split_feature=106 95 105 61 61 50 45 109 78 108 108 46 57 95 65 39 67 96 105 98 57 96 105 61 43 109 17 109 107 95 54
split_gain=0.855228 1.65649 2.77242 2.33428 2.60261 2.37431 2.27768 2.06284 2.14296 1.59033 1.76917 2.0974 4.46213 4.00405 3.44464 4.61003 2.05486 3.62453 3.22353 1.80221 1.71654 1.39553 1.32528 0.993039 0.969399 0.841823 0.758203 0.631624 0.816136 0.619704 0.156132
threshold=0.95000000000000007 2200.5000000000005 0.87737571655386304 0.37721767851525639 0.63355079771929856 92.500000000000014 30.289465089606789 1.0814252507675619 0.56290938864628826 -0.73242598314606733 0.52698632199041096 1073.0000000000002 3948.556179087876 3575.0000000000005 2344.5930562451763 4316.7174599358978 27.211111111111112 242.77420841524741 0.93850400430759062 0.82358671045078247 2149.6118134796238 218.03639284115937 0.65002782573997053 0.86496402639900405 258.50000000000006 0.73940269466117126 19.500000000000004 0.73940269466117126 1.0000000180025095e-35 409.50000000000006 31.500000000000004
decision_type=2 2 2 2 2 2 2 2 2 2 2 2 2 2 2 2 2 2 2 2 2 2 2 2 2 2 2 2 2 2 2
left_child=9 3 22 27 7 6 -6 8 -5 20 11 12 13 -11 -13 -16 17 18 -12 -14 26 -22 -3 24 -23 -18 -1 28 30 -19 -2
right_child=1 2 -4 4 5 -7 -8 -9 -10 10 16 14 19 -15 15 -17 25 29 -20 -21 21 23 -24 -25 -26 -27 -28 -29 -30 -31 -32
leaf_value=0.0033217846494611428 0.017116652110443508 -0.0071375572637076903 0.017922952073146217 -0.034131462364987708 0.011122609808352399 0.037714195011135515 -0.023126389787489175 0.012747516596117951 0.0020474770085482227 -0.0080128145926755823 -0.014581344393094069 -0.066007372078497412 -0.0093940011305590418 0.078461812560554622 0.07155086698385546 -0.00099313604053593674 0.06596313002826143 0 0.054321538815070368 -0.050501532068710248 -0.0071735277980995689 0.1006673971307997 -0.045643596996888969 0.011963079126890076 0.029303390341379108 0.017229231181050377 -0.065393179144020958 0.060857640111468971 0 -0.054138315768361339 0.053050701141686508
leaf_weight=0.67717676368192659 1.3612873230595142 5.7414812091738003 5.9258195096626869 11.547285939101135 36.75726270256564 8.2661898215301317 6.6095923739485434 8.0839219046756607 7.5478335991501799 30.749809932924109 3.6303525697148888 2.252748844359302 4.9710334939009071 1.6395767428330135 2.668061093077994 59.36396295348095 2.2917000124871256 0.8662163406988842 4.0653663437697105 11.303620820341164 1.5830290616140699 1.5030957619892436 5.7792285354807973 1.8986473429249597 1.4961487801920155 2.9096906663617119 0.81344725552480668 2.2560184635221958 2.6185498107224685 3.0884384993260028 1.9868532284162939
leaf_count=104 30 87 65 146 462 77 73 71 55 2541 172 78 257 87 60 1964 41 80 111 528 101 49 45 95 97 93 49 23 44 176 144
internal_value=0 0.00366495 -0.0113838 0.00676667 0.00380029 0.0109962 0.00573136 -0.00959785 -0.0194452 -0.00282175 -0.00430863 -0.00678877 -0.0152604 -0.00340225 -0.000260435 0.0020103 0.0118747 -0.000115446 0.0208624 -0.0384024 0.0204569 0.0330393 -0.0271001 0.0475421 0.0675776 0.0401401 -0.0292659 0.0342914 0.0229899 -0.0427952 0.0406673
internal_weight=242.253 104.481 17.4465 87.0348 78.8121 51.633 43.3669 27.179 19.0951 137.772 129.801 112.949 48.664 32.3894 64.2848 62.032 16.8518 11.6504 7.69572 16.2747 7.97154 6.48092 11.5207 4.89789 2.99924 5.20139 1.49062 8.22271 5.96669 3.95465 3.34814
internal_count=8005 1322 197 1125 884 612 535 272 201 6683 6188 5515 3413 2628 2102 2024 673 539 283 785 495 342 132 241 146 134 153 241 218 256 174
is_linear=0
shrinkage=0.0540709


Tree=178
num_leaves=34
num_cat=0
split_feature=99 16 5 69 69 5 48 16 119 85 105 76 105 105 93 97 108 97 119 24 108 103 62 75 98 105 51 85 44 109 5 93 86
split_gain=0.841743 1.41168 2.73534 2.08592 3.09769 2.77782 2.37346 1.95875 2.22872 2.00368 1.88923 1.50719 1.19765 2.93899 1.05073 2.66485 2.84461 3.39189 2.94428 2.19787 4.32034 3.77959 2.33759 2.10292 1.76965 2.54317 2.82338 2.07767 2.42943 1.62454 1.25202 0.922715 0.146186
threshold=1.0000000180025095e-35 39.500000000000007 297.50000000000006 146.50000000000003 94.500000000000014 299.50000000000006 59.500000000000007 37.500000000000007 0.91666666666666685 36383.701499999988 0.51005666501585423 401.50000000000006 0.64417786563071811 0.63970188452732468 1.0000000180025095e-35 6.9921875000000009 0.28683246272117996 12.450268817204302 1.0500000000000003 114.50000000000001 0.32692734858293765 -15.527000000000006 27.500000000000004 3756.6430416666667 0.67737304817431376 0.71067287073384744 1254.5000000000002 -16669.891999999993 15.705698005698009 0.87328688372817742 396.50000000000006 1.0000000180025095e-35 28027.499104500017
decision_type=2 2 2 2 2 2 2 2 2 2 2 2 2 2 2 2 2 2 2 2 2 2 2 2 2 2 2 2 2 2 2 2 2
left_child=14 7 12 4 6 -5 -4 8 9 10 -2 -6 13 31 24 19 17 23 -19 21 22 -16 -21 -17 30 26 -26 -27 -29 -23 -1 -3 -9
right_child=1 2 3 5 11 -7 -8 32 -10 -11 -12 -13 -14 -15 15 16 -18 18 -20 20 -22 29 -24 -25 25 27 -28 28 -30 -31 -32 -33 -34
leaf_value=0.032035445384474309 0.0028332938490478942 0.0520582684104152 0.016891052819687304 0.044568938276080272 0.022163464126862164 -0.053344305408842434 -0.04094913062205488 -0.055161555778045393 0.013442678738704172 0.026459540965202234 -0.051741742539177966 0.10687448876429717 -0.056418110087171874 0.11567498441857345 -0.016160282241425253 0.039033017734956515 0.039220480221436073 -0.027904393454858668 0.021470863365646665 -0.014252105370015405 -0.052594840807715981 0.039898546575603523 0.011513367700628222 0.0048801540537240212 0 0.019064166490060007 -0.048651874844512846 0.015123400596295121 -0.018871424214828077 0.0048123081261418925 -0.001440353468823798 -0.036370119437555352 -0.011081518081261612
leaf_weight=6.0817912421189231 2.2975914854323545 0.32086229010019751 14.032913513045068 1.116119154205079 1.4545835551252815 2.9134397157031344 2.3816291110706507 3.5884391478030002 7.5899794973665839 1.6819493642979058 6.1560897535237018 1.5607482716441152 2.7784305506938836 0.4747101257671601 9.6211798931472021 10.308034037356267 10.72945863206405 10.732449131784959 5.1029379372484973 22.839055741089396 5.8021549936383954 10.099793609697373 18.547971331514418 11.954288124863522 5.8558578626252702 10.828243833966548 8.0976631585508567 8.5380799071863347 20.561115755466744 7.0912745036184779 6.1996311547700316 3.2225492080906406 0.70882997545413662
leaf_count=78 210 21 1177 11 123 324 207 336 90 112 681 52 1030 8 114 180 115 186 122 371 42 160 126 121 99 125 69 79 183 52 67 1288 46
internal_value=0 -0.00608952 0.00126567 0.0102498 0.0178142 -0.0243813 0.00804434 -0.0165291 -0.00808503 -0.0249344 -0.036038 0.068505 -0.0286508 -0.00759178 0.00166237 0.00464845 0.0144695 0.0073031 -0.0115258 -0.00173199 -0.00884142 0.0105046 -0.0025265 0.0210281 -0.00376948 -0.00808 -0.0279699 -0.000942797 -0.00864254 0.0258579 0.014538 -0.0262512 -0.049619
internal_weight=241.27 52.2789 30.256 23.4594 19.4299 4.02956 16.4145 22.0229 17.7256 10.1356 8.45368 3.01533 6.79655 4.01812 188.991 122.829 48.8272 38.0977 15.8354 74.0014 47.1892 26.8122 41.387 22.2623 66.1624 53.881 13.9535 39.9274 29.0992 17.1911 12.2814 3.54341 4.29727
internal_count=8005 5716 4241 1894 1559 335 1384 1475 1093 1003 891 175 2347 1317 2289 1589 724 609 308 865 539 326 497 301 700 555 168 387 262 212 145 1309 382
is_linear=0
shrinkage=0.0540709


Tree=179
num_leaves=9
num_cat=0
split_feature=51 51 40 41 74 34 78 49
split_gain=0.837088 1.42172 1.31543 2.40114 1.37556 1.24456 1.521 1.21542
threshold=11019.000000000002 9151.0000000000018 16884.34985599131 51155.927000000003 140308.68400000004 1.0000000180025095e-35 0.65370853936329809 343.00000000000006
decision_type=2 2 2 2 2 2 2 2
left_child=1 2 3 5 -5 7 -7 -1
right_child=-2 -3 -4 4 -6 6 -8 -9
leaf_value=-0.00071218738115600962 -0.029018414017139442 0.044613781372482772 0.039548079453998602 -0.0029490201203685633 -0.053243475396149494 -0.0006604871273054217 0.042921893575105341 0.042639421401890573
leaf_weight=214.94600310826354 2.8719742727116673 2.0997355789295389 2.4239159750140962 3.2520749189716289 3.8831118448142661 4.3085829312913102 4.4028248854447156 1.9028767755953584
leaf_count=7481 69 46 53 95 98 85 57 21
internal_value=0 0.000338238 -2.61371e-05 -0.000470498 -0.0313637 0.000474277 0.0205234 -0.000297264
internal_weight=240.091 237.219 235.119 232.695 7.13519 225.56 8.71141 216.849
internal_count=8005 7936 7890 7837 193 7644 142 7502
is_linear=0
shrinkage=0.0540709


Tree=180
num_leaves=16
num_cat=0
split_feature=87 41 65 104 78 58 34 78 87 48 39 105 44 105 86
split_gain=0.821821 1.18252 1.89311 2.90203 1.82021 1.78479 1.35676 1.79749 1.60562 3.01349 2.53618 1.6419 2.90426 2.87962 0.982816
threshold=-37621.614999999998 44673.408500000012 6680.9877288688149 0.061882156672387369 0.893584355059997 2641.5000000000005 1.0000000180025095e-35 0.65370853936329809 -7385.5959999999986 167.50000000000003 7165.8302054953574 0.72582287989197203 39.243887895050698 0.74858291295904267 20782.11080250001
decision_type=2 2 2 2 2 2 2 2 2 2 2 2 2 2 2
left_child=-1 6 -3 4 5 -4 8 -8 9 10 -2 12 -10 -13 -5
right_child=1 2 3 14 -6 -7 7 -9 11 -11 -12 13 -14 -15 -16
leaf_value=0.02815308844544475 -0.021692528355202457 -0.051177365099978486 0.021136779574162601 -0.010620348887667178 0.036326364409112362 -0.03374460329553202 -0.0006246154318060612 0.047806399600537126 -0.0083410467491039416 -0.052905578414261328 0.018846289484162861 0.042249918422502961 0.021398464740180919 0.0037549810205554086 -0.059490069343577118
leaf_weight=2.9883745850529513 10.103708841284975 3.2155139782262294 3.1901033174362983 2.7870530511572715 4.646430901309941 3.6153564733394887 4.3097625083755684 4.0880833272822201 69.552392553465324 4.5877708182670167 8.0464583322755043 6.0941670406027688 11.040933923126429 98.673670917385607 2.928560674918117
leaf_count=46 279 86 70 72 115 78 85 55 3478 98 220 163 270 2813 77
internal_value=0 -0.000370032 -0.012841 -0.00522449 0.0099763 -0.00693433 0.00077008 0.022078 -5.4507e-05 -0.0136485 -0.00331329 0.00157331 -0.00417469 0.00606554 -0.0369659
internal_weight=239.868 236.88 20.383 17.1675 11.4519 6.80546 216.497 8.39785 208.099 22.7379 18.1502 185.361 80.5933 104.768 5.71561
internal_count=8005 7959 498 412 263 148 7461 140 7321 597 499 6724 3748 2976 149
is_linear=0
shrinkage=0.0540709


Tree=181
num_leaves=28
num_cat=0
split_feature=106 95 61 72 109 39 42 50 86 108 42 20 17 87 86 83 17 17 20 104 50 99 54 78 42 50 20
split_gain=0.805598 1.49653 2.6391 2.28895 2.32703 2.48288 2.95624 1.78664 2.76033 1.49324 1.57552 1.54406 2.64892 2.67016 3.18224 2.91778 2.07288 3.06134 4.55872 2.10076 1.3796 0.902352 0.768307 1.12479 0.441067 0.176313 0.0535086
threshold=0.95000000000000007 2200.5000000000005 0.70563815089679804 0.012179669439877352 0.55966472621829377 9196.1019590497763 121.07750000000001 120.50000000000001 14402.136275999977 -0.73242598314606733 346.86000000000007 15.500000000000002 1.0000000180025095e-35 6441.6709999999957 28027.499104500017 79.500000000000014 8.5000000000000018 20.500000000000004 8.5000000000000018 -0.29997010029469251 5.5000000000000009 1.0000000180025095e-35 18.500000000000004 0.15459297983569828 3547.7040000000002 3.5000000000000004 26.500000000000004
decision_type=2 2 2 2 2 2 2 2 2 2 2 2 2 2 2 2 2 2 2 2 2 2 2 2 2 2 2
left_child=9 3 -3 21 5 6 -5 8 -6 10 20 16 24 15 -15 -14 -11 19 -19 -18 25 -2 23 -22 26 -1 -13
right_child=1 2 -4 4 7 -7 -8 -9 -10 11 -12 12 13 14 -16 -17 17 18 -20 -21 22 -23 -24 -25 -26 -27 -28
leaf_value=-0.0059367726081816048 0.054173419179767715 -0.038844862944609329 0.004587032555965204 -0.03247972785033694 0.010917375692504267 -0.046750916457230111 0.017532443899244052 0.030884713070775262 -0.022203771240771969 0.016949433692195499 0.061493826380672696 -0.12372666986358204 -0.0060135350975367386 -0.03248785804081894 0.015892087759058354 0.02363130063998858 0.0053173078420920639 -0.01260550912695208 0.034899292343988121 -0.034072252174617505 -0.031814508339201998 0.0099203927305353858 0.052038675286249184 0.036251829032350393 0 -0.058019356547557223 -0.051151087161645452
leaf_weight=0.73550395615165942 3.9351784624159336 6.2867529937066164 11.022176153492181 5.5391172538511482 41.771474925335497 4.645846444182097 9.1326137431897205 9.4912131803575885 8.8266208921559137 7.3766448521055272 2.0135733756760601 0.22529289126396168 15.355628117074955 10.188303958275357 6.2841287357150568 24.914927905483637 4.4583635186136261 28.141629940233543 7.4455650569871059 21.709189436311135 1.326875008933712 2.761864054016768 1.5387049580458549 1.4810588760883545 0.24452229851158325 0.80124406889081001 1.832693790864141
leaf_count=93 265 78 119 75 382 61 154 72 69 107 123 1 1185 408 107 669 214 1450 139 1112 59 47 99 79 20 42 776
internal_value=0 0.00358256 -0.0107637 0.00655255 0.00388761 -0.0122736 -0.000847299 0.00920641 0.00499276 -0.00274855 0.0199064 -0.0042023 0.00211686 0.00454511 -0.0135829 0.0121441 -0.00970634 -0.0130106 -0.00245733 -0.0270788 0.0044 0.0370359 0.0210798 0.00145745 -0.0544659 -0.0379385 -0.0628058
internal_weight=239.487 103.413 17.3089 86.1039 79.4069 19.3176 14.6717 60.0893 50.5981 136.074 7.89696 128.177 59.0455 56.743 16.4724 40.2706 69.1314 61.7547 35.5872 26.1676 5.88339 6.69704 4.34664 2.80793 2.30251 1.53675 2.05799
internal_count=8005 1322 197 1125 813 290 229 523 451 6683 495 6188 3166 2369 515 1854 3022 2915 1589 1326 372 312 237 138 797 135 777
is_linear=0
shrinkage=0.0540709


Tree=182
num_leaves=16
num_cat=0
split_feature=49 104 104 72 29 47 6 98 72 32 29 39 69 34 96
split_gain=0.816584 2.0312 2.7684 2.93897 1.51075 1.29714 4.04479 3.14536 2.14652 1.7003 2.20948 1.85719 1.61882 1.36907 1.68428
threshold=162.50000000000003 -0.20740293074091792 0.081507814243440904 0.22644428408991513 298.50000000000006 857.50000000000011 158.04166666666671 0.80272483290639285 0.30658093841132167 149.50000000000003 253.50000000000003 11664.37512545788 268.50000000000006 1.0000000180025095e-35 232.84839432103749
decision_type=2 2 2 2 2 2 2 2 2 2 2 2 2 2 2
left_child=4 -2 3 -3 5 9 7 8 -7 10 12 -12 -1 14 -11
right_child=1 2 -4 -5 -6 6 -8 -9 -10 13 11 -13 -14 -15 -16
leaf_value=0.001470143165559844 -0.051875383050779975 -0.015144752236405963 -0.045930551670965471 0.046466501409863241 -0.04293633302628088 0.046157160482124274 0.061628131125048877 -0.036532766817633511 -0.0097020322539537098 -0.002908201026533404 0.042069924370100181 -0.033647000675719525 -0.024756584636841248 0.010878694047128509 -0.042738922374338219
leaf_weight=173.20538436363859 3.026482312125153 4.6676396439288492 3.1172386432081103 4.1960263907094486 2.2728521982207885 4.3670131240505743 4.2066435927990815 4.3761786889808718 3.3941643919388298 6.3010375759331527 6.3337598269863511 1.0022757238184565 7.1537468118185634 3.872190384194254 7.0595689662732184
leaf_count=6413 48 93 82 84 52 87 39 105 78 102 450 64 120 44 144
internal_value=0 -0.0122207 -0.00157921 0.0131923 0.000807598 0.00129075 0.015952 0 0.0207805 8.52127e-05 0.00161349 0.0307111 0.000388623 -0.0161297 -0.0245109
internal_weight=238.552 15.0074 11.9809 8.86367 223.545 221.272 16.344 12.1374 7.76118 204.928 187.695 7.33604 180.359 17.2328 13.3606
internal_count=8005 307 259 177 7698 7646 309 270 165 7337 7047 514 6533 290 246
is_linear=0
shrinkage=0.0540709


Tree=183
num_leaves=23
num_cat=0
split_feature=53 52 93 104 16 53 95 50 62 49 20 69 5 53 68 95 96 72 16 3 105 20
split_gain=0.782719 2.37949 2.49246 2.20644 1.78404 1.41283 2.93425 3.39477 2.66111 2.64495 2.6309 1.88729 1.71861 1.48445 1.87076 1.86046 2.89719 2.21783 1.15849 1.12216 0.945007 0.417865
threshold=0.36182795698924736 0.40316329082270569 1.5000000000000002 -0.10101169566484129 36.500000000000007 0.24443018976040617 74.500000000000014 28.500000000000004 19.500000000000004 37.500000000000007 12.500000000000002 141.50000000000003 661.50000000000011 0.23092737854251008 321.50000000000006 191.50000000000003 222.92865497275133 0.21726138922570584 36.500000000000007 0.91666666666666685 0.8004442453662276 1.0000000180025095e-35
decision_type=2 2 2 2 2 2 2 2 2 2 2 2 2 2 2 2 2 2 2 2 2 2
left_child=5 2 18 4 -3 12 -7 8 10 -9 -8 -11 13 15 -15 16 -1 -17 -2 -4 -5 -21
right_child=1 3 19 20 -6 6 7 9 -10 11 -12 -13 -14 14 -16 17 -18 -19 -20 21 -22 -23
leaf_value=-0.032556326868510885 0.0074302294299865533 0.033835755825757485 0.044459976538484353 -0.069134221673117266 -0.035734185432611337 -0.045197695399817356 0.044530503777516897 -0.038267876179099131 0.10450553466672642 0.032845700384182476 -0.019776636761921963 0.00011904802212401738 -0.052467511954548109 -0.0002267116409311648 -0.061031125635301407 -0.0033670908915950431 0.031848528300071399 0.019371292680968513 -0.031166736600449316 0.016950998332292837 -0.021086289111252824 -0.038451488970421013
leaf_weight=2.3972427044063798 3.7869533674966096 2.268085767631419 4.6706051067449144 3.4997673984325939 2.0471330880536698 2.5877943678933653 6.819100520340724 3.7416112585051478 1.6445851108292107 7.569006197081765 2.3735230342717841 17.574359826481668 1.884438088920432 3.9475181940506436 2.6317755408817902 134.73082336282823 11.028840827813836 13.78331195937062 4.8933265600644518 0.68821695470251121 2.6608835690130945 0.72861564537743106
leaf_count=61 68 38 51 92 109 55 219 100 23 182 187 361 51 109 64 5035 327 441 91 25 87 229
internal_value=0 -0.00902093 0.00453164 -0.0288282 0 0.00104879 0.00990998 0.0136884 0.0395656 0.0037216 0.0271219 0.0102668 -0.0011081 -0.000489252 -0.0256842 0.000489054 0.0197951 -0.00120677 -0.0134791 0.0314231 -0.0495956 -0.00634657
internal_weight=237.958 25.2436 14.7677 10.4759 4.31522 212.714 42.31 39.7222 10.8372 28.885 9.19262 25.1434 170.404 168.52 6.57929 161.94 13.4261 148.514 8.68028 6.08744 6.16065 1.41683
internal_count=8005 790 464 326 147 7215 1127 1072 429 643 406 543 6088 6037 173 5864 388 5476 159 305 179 254
is_linear=0
shrinkage=0.0540709


Tree=184
num_leaves=16
num_cat=0
split_feature=87 41 65 104 70 58 34 78 87 48 71 105 77 105 42
split_gain=0.772541 1.0307 1.71725 2.6108 1.60813 2.97216 1.19775 1.66502 1.41251 2.71297 3.03094 1.49737 2.70264 2.56848 0.950488
threshold=-37621.614999999998 44673.408500000012 6680.9877288688149 0.061882156672387369 2751.0000000000005 2206.5000000000005 1.0000000180025095e-35 0.65370853936329809 -7385.5959999999986 165.50000000000003 0.60011389521640102 0.72582287989197203 356.50000000000006 0.74858291295904267 248.99950000000004
decision_type=2 2 2 2 2 2 2 2 2 2 2 2 2 2 2
left_child=-1 6 -3 4 5 -4 8 -8 9 10 -2 12 -10 -13 -5
right_child=1 2 3 14 -6 -7 7 -9 11 -11 -12 13 -14 -15 -16
leaf_value=0.027267178205287585 0.049916713481941183 -0.049062028754428992 0.027696098081521375 -0.0081657024809444981 0.040447696194432614 -0.038735700703679626 -0.00078734137871429907 0.046467548143272745 -0.01072649446375603 -0.04916799308130626 -0.01248890687780314 0.040101559526045889 0.010771458834918658 0.0035660637117325773 -0.057024586437600729
leaf_weight=2.9918099543428971 2.6613678533758565 3.1459125224064364 4.0955958312843013 2.595490828738547 3.4626287983846851 3.7441690868290607 4.2426229857373965 3.9194321662653238 55.468554603721714 4.7731309931259593 15.103926287047214 6.0382135079853461 24.439042559395602 97.829275974392658 2.9452163364330772
leaf_count=46 51 86 93 75 64 106 85 55 3218 101 445 163 530 2813 74
internal_value=0 -0.000373041 -0.0121358 -0.00479464 0.0095995 -0.00309027 0.000688895 0.0210055 -7.92472e-05 -0.0128877 -0.00271914 0.00145151 -0.00405892 0.00576196 -0.0354827
internal_weight=237.456 234.465 19.989 16.8431 11.3024 7.83976 214.476 8.16206 206.314 22.5384 17.7653 183.775 79.9076 103.867 5.54071
internal_count=8005 7959 498 412 263 199 7461 140 7321 597 496 6724 3748 2976 149
is_linear=0
shrinkage=0.0540709


Tree=185
num_leaves=22
num_cat=0
split_feature=106 20 30 106 84 24 17 46 84 49 92 66 5 45 48 29 48 94 65 85 17
split_gain=0.79785 2.53811 5.13818 2.93707 2.58562 3.52431 2.38841 2.12755 3.58726 3.07267 2.04885 2.27707 1.71355 1.80399 2.03275 1.73706 1.57863 1.49828 1.10024 0.482104 0.202266
threshold=0.81666666666666676 15.500000000000002 1.0000000180025095e-35 0.38333333333333336 0.9024830501012594 358.50000000000006 1.0000000180025095e-35 317.50000000000006 0.38488309834017492 124.50000000000001 39.500000000000007 4.5000000000000009 512.50000000000011 40.166228099026007 262.50000000000006 165.00000000000003 195.50000000000003 5.5000000000000009 3171.078475078149 -92583.006999999969 34.500000000000007
decision_type=2 2 2 2 2 2 2 2 2 2 2 2 2 2 2 2 2 2 2 2 2
left_child=1 3 -3 18 7 17 19 8 -5 -9 11 -8 13 14 15 16 -2 -6 -1 -4 -15
right_child=12 2 6 4 5 -7 10 9 -10 -11 -12 -13 -14 20 -16 -17 -18 -19 -20 -21 -22
leaf_value=-0.0063755357158116746 0.00069605979317022542 0.056810566485368981 0 -0.022936948549073032 0.012247458788813463 0.057892336677667494 0.045617682388074197 -0.04144958426156059 0.0557781717439342 0.0030308575354542492 -0.05391391976886617 0.00071314793036839855 0.024614592587355006 0.015674578295289659 -0.035256315385831051 -0.036081692851280808 0.031736297200354091 -0.054740827188987345 0.025570688914350079 -0.061523428489202184 0.040804111826846061
leaf_weight=5.2711653867736441 95.189884244493442 4.9933713885257012 0.17631027472089078 6.0426219781802484 1.6646399514283978 2.8244666717946529 3.5897943255258715 21.209583162853964 2.3466812174301594 5.3917320467880918 1.8332810013089318 45.897946509416215 9.8595681019360182 3.3331552954332428 4.7290294076083219 3.5489817620255044 5.081154581741429 1.9581150354351846 6.88633225671947 2.1682132321147938 3.0816313661634922
leaf_count=106 2021 41 16 744 31 33 537 917 146 136 94 1645 103 76 65 28 70 236 68 838 54
internal_value=0 -0.00333168 0.00434799 -0.0118746 -0.0187977 0.0118999 -0.000397824 -0.0246655 -2.89779e-05 -0.0321566 0.00190234 0.00412169 0.0029504 0.00102771 -0.000552364 0.000957923 0.00234336 -0.0219321 0.0111131 -0.0538527 0.0289082
internal_weight=237.078 112.254 58.6589 53.5953 41.4378 6.44722 53.6655 34.9906 8.3893 26.6013 51.321 49.4877 124.823 114.964 108.549 103.82 100.271 3.62275 12.1575 2.34452 6.41479
internal_count=8005 5588 3171 2417 2243 300 3130 1943 890 1053 2276 2182 2417 2314 2184 2119 2091 267 174 854 130
is_linear=0
shrinkage=0.0540709


Tree=186
num_leaves=23
num_cat=0
split_feature=87 82 49 87 92 74 82 71 92 86 87 65 82 65 45 42 42 67 94 42 108 71
split_gain=0.791915 2.03616 1.44875 1.27341 2.15646 2.59334 3.6738 1.91082 1.27403 2.56979 3.22563 2.9801 2.68287 2.44636 2.32808 2.09865 4.3238 4.01374 2.45642 2.4254 2.20308 1.96051
threshold=27463.415749999989 456.50000000000006 38.500000000000007 13189.294250000004 23.500000000000004 52632.66550000001 375.50000000000006 0.73040279673739195 24.500000000000004 7305.6619114999967 1498.4272500000022 3123.5756060301046 32.500000000000007 7505.5044291012327 24.799041604256715 243.74850000000001 217.74300000000002 32.836021505376351 5.5000000000000009 254.87950000000004 0.11343753829656845 0.65672535487456085
decision_type=2 2 2 2 2 2 2 2 2 2 2 2 2 2 2 2 2 2 2 2 2 2
left_child=3 2 -2 8 -5 -6 7 -7 9 11 14 12 -1 -13 -11 16 20 -18 21 -20 -10 -17
right_child=1 -3 -4 4 5 6 -8 -9 15 10 -12 13 -14 -15 -16 18 17 -19 19 -21 -22 -23
leaf_value=-0.010110726495673234 0 0.011267650967759116 -0.060470834732017829 0.032879841636962462 -0.05334255889280623 -0.0017213469228199113 -0.037834089679457061 0.044312483828250288 0.0083622832628806668 -0.032706181012310299 0.036444106294139945 0.0079247878690282981 -0.052476517866985671 -0.031421124759944435 0.015949935882580198 -0.01585293470761253 0.051447753418231448 -0.031562937130640407 -0.061154628679299494 -0.010962211710760325 -0.010436274002012143 0.023615035091539893
leaf_weight=9.5364761424571061 2.0080805794568715 4.2301574903540313 3.2462476235668873 9.2415285943716317 2.2756969918264103 4.0247751094866526 3.5317208781634681 6.2912306663201889 55.972507436716114 5.8843593815690856 7.6153767578653051 17.93486211751588 8.9777822456089762 6.1859031684871288 5.4053957761498168 5.5019868089584625 9.9092119874258042 1.9384578012977716 3.2764593627653111 26.109180518324138 26.82111714137136 10.306524351617552
leaf_count=198 55 99 101 81 103 96 76 172 3183 75 97 257 118 95 68 95 353 55 118 1363 978 169
internal_value=0 -0.0153223 -0.0381312 0.000623307 0.0120583 0 0.00891417 0.0256395 -0.000780438 -0.00728977 0.00906206 -0.0147139 -0.0310573 -0.00186121 -0.00875708 0.00203146 0.00665039 0.0372389 -0.00747737 -0.0168142 0.00218308 0.00941085
internal_weight=236.225 9.48449 5.25433 226.741 25.365 16.1234 13.8477 10.316 201.376 61.5402 18.9051 42.635 18.5143 24.1208 11.2898 139.835 94.6413 11.8477 45.1942 29.3856 82.7936 15.8085
internal_count=8005 255 156 7750 528 447 344 268 7222 908 240 668 316 352 143 6314 4569 408 1745 1481 4161 264
is_linear=0
shrinkage=0.0540709


Tree=187
num_leaves=29
num_cat=0
split_feature=106 108 57 108 38 87 48 38 103 20 98 20 67 42 45 24 43 63 50 50 16 46 48 17 67 51 17 43
split_gain=0.81186 1.42207 1.46976 1.45362 1.79791 3.58012 3.26146 2.7372 2.55317 2.0084 1.8693 1.75526 2.15722 2.26512 1.27048 1.49379 1.57938 1.726 1.51815 1.7979 1.71652 1.22629 1.67807 1.18583 1.525 0.949694 0.627433 0.165456
threshold=0.95000000000000007 -0.73242598314606733 2149.6118134796238 0.52698632199041096 429280.37000000011 6729.9445000000042 158.50000000000003 688638.22300000011 61.012999999999984 22.500000000000004 0.45140164452507175 26.500000000000004 27.211111111111112 299.17100000000005 40.166228099026007 189.00000000000003 2201.0000000000005 222632.08250000005 54.500000000000007 27.500000000000004 28.500000000000004 913.50000000000011 41.500000000000007 11.500000000000002 9.658333333333335 1000.5000000000001 19.500000000000004 163.50000000000003
decision_type=2 2 2 2 2 2 2 2 2 2 2 2 2 2 2 2 2 2 2 2 2 2 2 2 2 2 2 2
left_child=1 2 26 4 5 6 -3 8 -6 -7 -9 12 13 -5 15 16 18 -18 19 -2 -20 22 27 -4 -25 -26 -1 -17
right_child=14 3 23 11 7 9 -8 10 -10 -11 -12 -13 -14 -15 -16 21 17 -19 20 -21 -22 -23 -24 24 25 -27 -28 -29
leaf_value=0.0016635102990736272 0.0076353118938567452 -0.010957340208854959 -0.0082340060168474352 0.0028974891409543012 0.026993939513231126 -0.05701646532936179 0.036298176313961678 0.025535517957536988 -0.016210177598837295 -0.00022593794017506316 -0.01628378585059858 0.064792838233784233 0.034802584235545261 -0.059963276101242823 0.029083744223112027 0.011742808889255493 -0.031603570375395532 0.0011826555926635514 0.034685644383127129 -0.012239725326098167 0 0.050951287568718022 -0.031395455417943023 0.095779845229927593 -0.0026602840801370265 0.049437422338978652 -0.060860157601958391 0.052979280345790448
leaf_weight=0.65763390235951991 32.301117135677487 48.313890559409629 1.4020290123880839 7.9226721302256937 15.794185163729709 7.3151125313015637 4.6281572239531661 3.5179210214410004 5.1250295371864913 2.7752197813097155 22.138676901995495 1.5981402643665195 4.7018522271246175 2.0650855611893348 5.4589265487156799 1.1284816984552883 8.651125489734115 9.3622849206440133 8.6890031876973826 22.574884044937789 7.5901468400843433 3.1915963019710034 1.8967766729183493 1.3186267662094904 1.6724595764535481 1.907998059352394 0.77827326190890744 1.2248984035104511
leaf_count=104 553 3441 113 344 503 366 126 88 161 136 694 109 115 105 72 88 65 72 76 202 82 47 23 50 105 74 49 42
internal_value=0 -0.00280028 0.019528 -0.0042315 -0.00651329 -0.0124784 -0.00668537 0.00140093 0.0160554 -0.0421327 -0.01026 0.0106689 0.0042687 -0.00937004 0.00360388 0.00208702 6.11803e-05 -0.0141549 0.00376427 -0.000406355 0.0182754 0.0253611 0.00439006 0.0313378 0.0441692 0.0230522 -0.0271259 0.0363726
internal_weight=235.702 133.633 7.73702 125.896 109.608 63.0324 52.942 46.5758 20.9192 10.0903 25.6566 16.2878 14.6896 9.98776 102.069 96.6103 89.1686 18.0134 71.1552 54.876 16.2792 7.44175 4.25016 6.30111 4.89908 3.58046 1.43591 2.35338
internal_count=8005 6683 495 6188 5515 4069 3567 1446 664 502 782 673 564 449 1322 1250 1050 137 913 755 158 200 153 342 229 179 153 130
is_linear=0
shrinkage=0.0540709


Tree=188
num_leaves=18
num_cat=0
split_feature=107 84 86 98 81 84 58 98 68 61 68 64 75 65 75 109 78
split_gain=0.76404 1.49104 1.776 1.47758 1.47189 1.56344 1.5023 1.45004 3.48458 2.49835 1.863 5.17041 3.36671 3.17558 2.89614 2.84487 0.356157
threshold=1.0000000180025095e-35 0.93119877049180333 37092.192014499997 1.4438057529829535 8905.6970714285726 0.88378424007090717 1924.5000000000002 1.191153197506164 244.50000000000003 0.65682558343806174 296.50000000000006 3415.2930526315795 1975.2675378787881 2499.627703618055 1275.8191363636367 2.9349369080007865 0.37462871287128713
decision_type=2 2 2 2 2 2 2 2 2 2 2 2 2 2 2 2 2
left_child=1 2 4 7 5 6 -1 10 9 -9 12 -12 14 -13 -2 -14 -5
right_child=3 -3 -4 16 -6 -7 -8 8 -10 -11 11 13 15 -15 -16 -17 -18
leaf_value=0.0055353591647472689 -0.0085294853019820451 0.029709051518821927 -0.031586737219899651 -0.0049304770425661493 0.024945192698990672 -0.028675167568966577 -0.023724162419104203 0.075143965054207673 -0.033865909183569395 0 0.088409037527022838 -0.058276308410372027 -0.028896755041349521 0.0017715222791847979 0.033678098083360045 0.036480349713946668 -0.062509153514437948
leaf_weight=67.393947795499116 15.466468951039134 6.0607054465799584 4.3748489585705093 0.78011407065787297 8.5604037783341465 4.7624437640188253 5.4846192479599258 3.2275066515139761 2.2614778485876741 2.2593390423571691 1.9675048917415541 2.6651838053367092 25.917721101839565 73.291790809373197 6.7870517088304032 2.0051508018805171 1.4888772300910202
leaf_count=1276 1893 95 36 55 78 45 54 125 128 116 47 72 1261 2232 270 111 111
internal_value=0 0.00366659 0.00184175 -0.00260125 0.00362479 0.00117826 0.00323132 -0.00182141 0.0207618 0.0446283 -0.00324541 0.00190609 -0.0113928 -0.00023974 0.00401323 -0.0239349 -0.0459908
internal_weight=234.755 96.637 90.5763 138.118 86.2014 77.641 72.8786 135.849 7.74832 5.48685 128.101 77.9245 50.1764 75.957 22.2535 27.9229 2.26899
internal_count=8005 1584 1489 6421 1453 1375 1330 6255 369 241 5886 2351 3535 2304 2163 1372 166
is_linear=0
shrinkage=0.0540709


Tree=189
num_leaves=23
num_cat=0
split_feature=5 48 82 83 65 108 108 42 92 16 55 9 98 98 47 69 66 52 38 53 69 50
split_gain=0.743377 2.41796 2.37978 2.4521 2.09209 1.98323 2.06386 2.32444 1.93668 1.91081 2.35204 3.57351 2.10634 3.38179 1.84673 1.83486 3.74139 2.28305 1.80451 0.818074 0.722074 0.586727
threshold=396.50000000000006 262.50000000000006 292.50000000000006 327.50000000000006 8470.1557608608273 -0.73242598314606733 -0.30960749487517902 218.64450000000002 28.500000000000004 40.500000000000007 4.5000000000000009 119.50000000000001 1.0749773991549487 1.1353796373386258 285.50000000000006 91.500000000000014 318.50000000000006 0.58931093975761728 433822.9875000001 0.078166689277800364 3.5000000000000004 39.500000000000007
decision_type=2 2 2 2 2 2 2 2 2 2 2 2 2 2 2 2 2 2 2 2 2 2
left_child=1 2 3 15 -4 8 7 19 20 12 11 -11 18 -14 -9 17 -17 -1 -8 -7 -2 -12
right_child=5 -3 4 -5 -6 6 9 14 -10 10 21 -13 13 -15 -16 16 -18 -19 -20 -21 -22 -23
leaf_value=-0.014119480877095738 0.080070721156168492 -0.027980110450867252 0.052922836080711404 -0.035278396900875988 0 -0.0011422862558446531 -0.012743767617752309 -0.032339062237567766 -0.014566247421570169 -0.076817120385540311 -0.068546490839653543 0.050057783034613078 0.067234806149686493 0.00035624515973950427 0.034223125003386271 0.06092502053082987 0.0070012338124960036 0.0058572356857370033 0.0046895696621370398 -0.054943737854844986 0.025090082426078048 -0.0183946744416934
leaf_weight=24.132979158253875 1.5886612702161067 7.0243169375607968 5.3544964115717431 4.818475872903945 4.0358132061810466 1.2961870424915085 31.927886182835209 2.3168585507955868 1.9007386079174464 0.9429116025567047 2.9752168820705265 1.9962226978968829 3.3857946743955818 7.0176358237513341 2.5407962253084406 4.5343469527142615 25.021589493378997 54.391108243988128 37.275213331769919 5.7981263618567027 2.2827358441718388 1.4895740701467728
leaf_count=1718 64 100 99 103 103 35 1018 106 101 8 334 242 69 207 41 107 449 1723 713 235 110 320
internal_value=0 0.00271926 0.00454355 0.00229705 0.0307593 -0.00340901 -0.00526884 -0.0263952 0.0271876 -0.00228135 -0.0285554 0.00681513 7.01796e-05 0.0228417 0.000955134 0.00404132 0.0155279 -0.000188348 -0.00324691 -0.0461587 0.0495922 -0.0534862
internal_weight=234.048 129.313 122.289 112.898 9.39031 104.735 98.9624 11.952 5.77214 87.0105 7.40393 2.93913 79.6065 10.4034 4.85765 108.08 29.5559 78.5241 69.2031 7.09431 3.8714 4.46479
internal_count=8005 4402 4302 4100 202 3603 3328 417 275 2911 904 250 2007 276 147 3997 556 3441 1731 270 174 654
is_linear=0
shrinkage=0.0540709


Tree=190
num_leaves=18
num_cat=0
split_feature=99 76 76 51 51 74 92 87 87 105 98 67 108 108 104 44 72
split_gain=0.743902 1.39257 1.70541 1.57 2.54853 1.78628 1.63287 0.960648 1.40053 1.30274 2.5003 3.67282 2.10883 3.91519 2.91615 2.02461 0.0954712
threshold=1.0000000180025095e-35 1035.5000000000002 871.50000000000011 3939.0000000000005 3794.5000000000005 126628.86150000001 19.500000000000004 -17727.405000000002 -9186.9812500000025 0.73866222229601652 0.9989394006637593 15.616071428571431 0.13333855075337023 0.044884263217324645 0.0082114130345462034 28.084876543209877 0.016968347505614455
decision_type=2 2 2 2 2 2 2 2 2 2 2 2 2 2 2 2 2
left_child=7 2 3 4 5 -2 -5 -1 -9 12 11 -11 13 -10 -14 -12 -8
right_child=1 -3 -4 6 -6 -7 16 8 9 10 15 -13 14 -15 -16 -17 -18
leaf_value=0.019435360650267089 -0.0076166855135271208 -0.054493352151907565 0.052115860157259962 0.031223632565104732 0.083428332430603172 0.040259874413350515 -0.010037595245524987 -0.018249795044148354 -0.0033731696075099313 0.033675046212759595 0.00094410632082529732 0.0040000188893222193 -0.0098832447561846108 -0.047012728725064803 0.027852975075743084 -0.03220976600391566 -0.055302820961040208
leaf_weight=8.4314941999036801 39.129590417796862 1.6849013268583792 1.5053038799087506 0.75392386823659663 0.9750113237532777 2.3824045375949927 0.58042340251267921 10.658702112501485 41.474057682789862 17.509839047444984 24.870033311628507 42.566860111779533 11.168313317350114 7.132123712101019 12.435983338335062 6.7401865920983246 3.351205601626134
leaf_count=78 4957 118 45 16 33 148 34 105 864 211 279 434 100 60 95 63 365
internal_value=0 -0.00584132 -0.00400312 -0.0059529 -0.00248874 -0.00468901 -0.0357724 0.00157931 0.000674248 0.00195025 0.006257 0.012773 -0.00341576 -0.0099304 0.00968581 -0.00589315 -0.0505085
internal_weight=233.35 50.3628 48.6779 47.1726 42.487 41.512 4.68555 182.988 174.556 163.897 91.6869 60.0767 72.2105 48.6062 23.6043 31.6102 3.93163
internal_count=8005 5716 5598 5553 5138 5105 415 2289 2211 2106 987 645 1119 924 195 342 399
is_linear=0
shrinkage=0.0540709


Tree=191
num_leaves=22
num_cat=0
split_feature=27 28 1 82 82 83 104 52 41 98 96 72 97 41 109 97 72 5 54 17 95
split_gain=0.722056 1.54723 2.05688 1.87103 3.01969 2.3375 1.77274 2.78915 2.74059 2.02769 5.03932 3.00145 1.65923 2.20449 1.16949 1.11271 1.3916 1.34777 1.2722 0.458721 0.456498
threshold=1.0000000180025095e-35 0.75000000000000011 1.0000000180025095e-35 280.50000000000006 241.50000000000003 465.50000000000006 -0.37877538800519228 0.57492265406115983 12159.965000000002 1.0891597072005699 238.87510864787387 0.19447380784590088 19.505852842809368 7134.9830000000011 0.33907295748016214 22.148148148148156 0.087599020261366969 396.50000000000006 1.0000000180025095e-35 7.5000000000000009 1480.5000000000002
decision_type=2 2 2 2 2 2 2 2 2 2 2 2 2 2 2 2 2 2 2 2 2
left_child=1 3 6 4 12 -5 7 -3 -9 11 -11 -8 13 -1 -14 16 17 -2 -18 -20 -4
right_child=15 2 20 5 -6 -7 9 8 -10 10 -12 -13 14 -15 -16 -17 18 -19 19 -21 -22
leaf_value=0.027354729670834518 0.01648383538563453 -0.051694713149668642 -0.061563343687580159 0.036913143009349052 -0.037000388819761344 0.0009491955281036267 -0.0066807886176323333 0.070290852431469181 -0.0015296414485680412 0.056805576820286766 -0.052945534849859081 -0.048058386323084387 0 0.00026428773787998507 -0.041945033402048464 0.037431596227247933 -0.0022498242989484559 -0.027099122893388596 0.014653854529887123 0.049839432446883623 -0.019944087579620417
leaf_weight=9.5485859345644695 2.9726352880243265 1.2725049805303559 2.516458101279567 9.1795176765881497 6.4577174168080083 13.488561336882411 22.238938354763381 3.068540005304385 2.7507173469202826 3.5947165026736903 1.7969288624008184 6.9029100532206931 3.4982581839431068 116.88876725663431 4.3462802325375378 3.4855289838742456 4.8032358632190135 5.9219627076527104 2.9013907043263316 3.0256049823947251 2.0934833580395207
leaf_count=255 103 224 90 66 48 105 3175 172 330 302 282 1077 109 1165 50 95 52 117 36 97 55
internal_value=0 -0.00102371 -0.0097766 0.00140774 -0.000864647 0.0158411 -0.0057753 0.0184602 0.0350843 -0.0109671 0.0188508 -0.0167385 0.000818677 0.00236906 -0.023222 0.00904611 0.00362445 -0.0117022 0.0170176 0.0338736 -0.0442839
internal_weight=232.753 209.643 46.2352 163.408 140.74 22.6681 41.6253 7.09176 5.81926 34.5335 5.39165 29.1418 134.282 126.437 7.84454 23.1104 19.6248 8.8946 10.7302 5.927 4.60994
internal_count=8005 7505 5707 1798 1627 171 5562 726 502 4836 584 4252 1579 1420 159 500 405 220 185 133 145
is_linear=0
shrinkage=0.0540709


Tree=192
num_leaves=15
num_cat=0
split_feature=29 22 2 67 65 115 0 53 61 115 35 20 97 5
split_gain=0.721358 1.41662 1.47764 1.34652 2.07399 1.76632 1.45039 1.11788 2.17958 2.93644 1.61605 1.85662 1.35679 1.04948
threshold=298.50000000000006 1.0000000180025095e-35 3.5000000000000004 31.091269841269845 4600.8294336793651 254.42344128967514 3.5000000000000004 0.36182795698924736 0.38678727406905561 157.18664485268764 149.50000000000003 22.500000000000004 7.4023338406900061 391.50000000000006
decision_type=2 2 2 2 2 2 2 2 2 2 2 2 2 2
left_child=1 2 7 4 5 6 -3 10 12 -10 11 -1 -9 -4
right_child=-2 3 13 -5 -6 -7 -8 8 9 -11 -12 -13 -14 -15
leaf_value=-0.00024129519197683304 -0.029407529320274128 0.043729683588832634 0.041376278943161274 -0.010009263642046868 0.051000815528812658 -0.020089306742255297 0.0045914706414954074 0.022835329207114237 -0.06125024308837046 -0.002565525413123119 -0.030535619221532525 0.018465713499720777 -0.015556420346572883 -0.054465637868143353
leaf_weight=156.1357407180767 2.4154253441956817 4.6453685455489984 0.29724721610546057 6.03528161603026 4.5521285697759586 4.3016338433953925 8.1013644794584252 5.6741885637165996 4.7975713191844971 5.7685692779486999 4.6966375862248233 17.137142907260568 4.9515827902359888 2.3919821203307947
leaf_count=4804 54 251 2 90 88 112 167 91 127 170 105 884 254 806
internal_value=0 0.000282116 -0.00125681 0.011789 0.0182221 0.00903092 0.0194396 -0.000681253 -0.0124385 -0.0299179 0.000677359 0.00156643 0.00424989 -0.0411009
internal_weight=231.902 229.486 201.851 27.6358 21.6005 17.0484 12.7467 199.161 21.1919 10.5661 177.97 173.273 10.6258 2.68923
internal_count=8005 7951 7243 708 618 530 418 6435 642 297 5793 5688 345 808
is_linear=0
shrinkage=0.0540709


Tree=193
num_leaves=29
num_cat=0
split_feature=106 95 105 72 109 45 57 72 91 105 108 57 20 17 87 86 83 95 44 45 108 103 96 99 61 43 17 85
split_gain=0.720025 1.36252 2.36911 2.03216 2.01373 2.04631 2.82789 1.71731 2.11371 1.37412 1.12539 1.29536 1.25835 2.18888 2.27361 2.77228 2.35424 1.79568 2.49098 2.32474 2.2918 2.23417 1.08164 0.910005 0.714773 0.590172 0.54368 0.505336
threshold=0.95000000000000007 2200.5000000000005 0.87737571655386304 0.012179669439877352 0.55966472621829377 29.767756705208665 5450.9885727345008 0.069070574520876074 5.5000000000000009 0.65234155560712603 -0.73242598314606733 2149.6118134796238 15.500000000000002 1.0000000180025095e-35 6441.6709999999957 28027.499104500017 79.500000000000014 2796.5000000000005 28.710084033613452 14.217178011701888 0.21638247217806031 13.556500000000002 218.03639284115937 1.0000000180025095e-35 0.86496402639900405 258.50000000000006 19.500000000000004 -110583.80774999999
decision_type=2 2 2 2 2 2 2 2 2 2 2 2 2 2 2 2 2 2 2 2 2 2 2 2 2 2 2 2
left_child=10 3 9 23 5 6 -5 -6 -9 -3 11 26 17 27 16 -16 -15 18 19 -12 -20 -19 -13 -2 25 -24 -1 -14
right_child=1 2 -4 4 7 -7 -8 8 -10 -11 12 22 13 14 15 -17 -18 21 20 -21 -22 -23 24 -25 -26 -27 -28 -29
leaf_value=0 0.053903312497574449 -0.0051377110472019902 0.017356293547924596 -0.01786554458081344 -0.014369167079006808 -0.041055072953894538 0.033710242320396676 0.024214143065078839 0.0017360208346357613 -0.044427648882359179 -0.00732663846985187 -0.0070884510636257201 0.0054939279217072713 -0.0057017120979598723 -0.031537977864392906 0.014225645547722576 0.021291584001866679 0.045416555563195668 -0.0087278824739190596 -0.034636337703413775 0.029835221130074988 -0.018210938695777754 0.086117373823038953 0.0088511805722600364 0.0095610022299770919 0.025517021862316233 -0.058444120432791957 -0.062017362789500631
leaf_weight=0.62803293942124472 3.6489428360946476 5.8345586294308323 5.6881707422435275 9.3500556296203303 7.7916393228806546 5.0000764979049555 4.647167846094816 23.952882457990199 26.562347327359021 5.5242183874361217 20.246873729745857 1.4769337595207614 0.15797763396403786 14.727675829053622 9.6322840933280514 6.2074095734860739 24.657025686203269 3.7130915245506904 15.076996297240841 17.950346541620092 6.3719387517776331 2.6474407312925905 1.4733677389449442 2.7462434857152394 1.7315779339114667 1.3551333252398761 0.75623101947712712 1.8687343783822132
leaf_count=104 265 88 65 153 87 54 83 233 203 44 1450 101 12 1185 408 107 669 119 434 768 165 86 49 47 95 97 49 785
internal_value=0 0.00340295 -0.010367 0.00629597 0.0037651 -0.011354 -0.000211511 0.00881814 0.0125414 -0.0249014 -0.00267976 0.0175853 -0.00396015 0.00179888 0.00394993 -0.0131376 0.0110102 -0.00906714 -0.0120539 -0.0203552 0.00238554 0.0177741 0.0290084 0.0357218 0.0423174 0.0597367 -0.0268693 -0.0531117
internal_weight=231.425 100.746 17.0469 83.6994 77.3042 18.9973 13.9972 58.3069 50.5152 11.3588 130.679 7.42128 123.258 57.2511 55.2244 15.8397 39.3847 66.0067 59.6462 38.1972 21.4489 6.36053 6.03701 6.39519 4.56008 2.8285 1.38426 2.02671
internal_count=8005 1322 197 1125 813 290 236 523 436 132 6683 495 6188 3166 2369 515 1854 3022 2817 2218 599 205 342 312 241 146 153 797
is_linear=0
shrinkage=0.0540709


Tree=194
num_leaves=13
num_cat=0
split_feature=13 29 27 28 99 86 59 48 59 20 41 78
split_gain=0.703377 1.14991 1.24996 1.76745 2.67711 1.68512 1.38911 2.11058 1.93055 1.15861 1.2695 1.22085
threshold=33.525000000000006 298.50000000000006 1.0000000180025095e-35 0.75000000000000011 1.0000000180025095e-35 -5047.2778904999968 2007.0000000000002 262.50000000000006 2469.5000000000005 18.500000000000004 30211.791000000001 0.73581443655876766
decision_type=2 2 2 2 2 2 2 2 2 2 2 2
left_child=1 2 3 6 -5 -6 7 -1 -8 10 11 -4
right_child=-2 -3 9 4 5 -7 8 -9 -10 -11 -12 -13
leaf_value=0.00073213602428689301 0.018293836237403025 -0.039918082605804497 0.0036371464008473149 -0.054121245319172916 -0.03226836992825096 -0.0011964575733265251 0.033921753814809559 -0.027124542623454557 0.00085542898738773677 0.04263658429552368 -0.021356318118058951 0.041601373818350454
leaf_weight=130.53976582689211 5.963903429452329 2.1437340587144709 9.6413115188479477 3.941726525721605 6.2803980721291728 30.329461330773483 8.4864691607654112 8.4453486754791793 14.409159248694776 3.2625447195023289 3.5585377793759099 3.6006681858561924
leaf_count=1539 70 53 286 142 1068 4448 63 60 127 36 59 54
internal_value=0 -0.000515975 -0.000102732 -0.00141157 -0.0115217 -0.0067303 0.00107552 -0.000907777 0.0134366 0.0127336 0.00648195 0.0145233
internal_weight=230.603 224.639 222.495 202.432 40.5516 36.6099 161.881 138.985 22.8956 20.0631 16.8005 13.242
internal_count=8005 7935 7882 7447 5658 5516 1789 1599 190 435 399 340
is_linear=0
shrinkage=0.0540709


Tree=195
num_leaves=12
num_cat=0
split_feature=50 49 69 48 49 50 109 29 72 86 72
split_gain=0.687388 1.74473 2.01062 1.3501 3.02786 2.51058 1.70606 1.53875 1.08933 0.8799 0.814734
threshold=306.50000000000006 162.50000000000003 265.50000000000006 195.50000000000003 120.50000000000001 163.50000000000003 0.89937919185457804 298.50000000000006 0.50093109869646202 6755.7650040000053 0.30658093841132167
decision_type=2 2 2 2 2 2 2 2 2 2 2
left_child=1 3 -3 5 9 7 -6 8 -1 -5 -4
right_child=-2 2 10 4 6 -7 -8 -9 -10 -11 -12
leaf_value=0.0013377327921712651 0.019426737198139209 0.0044631605560370166 -0.063072815657020331 -0.033688882905924651 0.012335396381027881 -0.052426687039538615 0.063514748245701719 -0.047694614579967952 -0.022286524949401219 0.0064944540805756202 -0.017675744810097045
leaf_weight=189.86084978219878 5.1877649573434601 4.211324716510715 3.1173967346767313 2.9369324326835331 4.4606673117232258 2.6933530686510485 4.0158042347466107 1.945901246042921 5.8639998906292012 2.9603308657533489 2.7496177629509475
leaf_count=7024 87 103 89 75 76 83 76 49 240 56 47
internal_value=0 -0.000476378 -0.0224785 0.000522048 0.0165463 -0.000590777 0.0374639 7.86874e-05 0.000591938 -0.0122697 -0.0430709
internal_weight=230.004 224.816 10.0783 214.738 14.3737 200.364 8.47647 197.671 195.725 5.89726 5.86701
internal_count=8005 7918 239 7679 283 7396 152 7313 7264 131 136
is_linear=0
shrinkage=0.0540709


Tree=196
num_leaves=26
num_cat=0
split_feature=105 120 92 44 57 84 96 95 92 67 95 33 87 87 47 53 71 82 46 50 81 65 48 29 119
split_gain=0.682253 1.28566 1.40291 0.856022 2.68983 2.6628 2.22344 2.39631 2.18122 2.79568 2.65289 2.54696 2.2292 2.91366 2.20603 2.42803 2.0499 1.98958 3.78864 3.22362 1.75198 1.67137 1.27249 1.15182 1.14103
threshold=1.3503255667508227 3.5000000000000004 25.500000000000004 33.240942028985515 7476.9306050000005 0.59573932312651101 222.92865497275133 335.50000000000006 29.500000000000004 22.277931034482766 454.50000000000006 1.0000000180025095e-35 -1178.0507500000019 -12733.711250000002 376.50000000000006 0.27387794198139032 0.53476859313838376 89.500000000000014 383.50000000000006 58.500000000000007 8217.8101041666687 5289.5118097831228 182.50000000000003 139.00000000000003 0.75000000000000011
decision_type=2 2 2 2 2 2 2 2 2 2 2 2 2 2 2 2 2 2 2 2 2 2 2 2 2
left_child=3 2 -2 8 5 24 16 -8 9 17 20 -12 13 -10 15 -14 -6 18 -1 -19 -11 -9 -18 -15 -5
right_child=1 -3 -4 4 6 -7 7 21 12 10 11 -13 14 23 -16 -17 22 19 -20 -21 -22 -23 -24 -25 -26
leaf_value=0.0072877441350891132 0.022034555084491807 0.049709317993679662 -0.033973562447263718 -0.01654171590468698 0.012203564045309487 0.061963115770036083 0.036547475802861162 -0.034343748068611277 -0.020684010846202909 -0.0089815437572613663 -0.034780879127431621 0.010303727589388689 0.0019925685368026658 0.065731450479374356 0.040569170717910476 -0.046910825757675245 -0.067370932627543748 0.028161366200050889 -0.017800718120236599 -0.010284215212161675 0.040421119645880674 0.003883774174684738 -0.014172026955216115 0.020158071259590911 0.029375693711407289
leaf_weight=33.752587846756796 3.570932537157204 2.2954238340607844 2.0488601941033266 3.0524474016856384 2.7087512274156307 4.4102868355403189 6.0047817678496349 3.7980848666047704 2.2938249130384065 7.1941554143995727 22.321013284759832 4.0969972069287897 15.859651908191159 4.431096858927047 3.394154346882714 3.5857356545457142 3.1230582934367703 15.113095041306225 36.190390177274821 10.670261901177581 2.9023528111429187 27.387715277312964 3.0127270159428008 3.4855035541404504 3.1041551703674486
leaf_count=2576 129 82 65 81 57 67 121 103 56 244 520 206 570 65 89 127 74 334 1153 250 83 646 75 169 63
internal_value=0 0.0155686 0.000295209 -0.000583877 0.0051116 0.0297218 -0.000378011 0.00525371 -0.00257899 -0.00571955 -0.0184579 -0.027509 0.00976309 0.0307678 4.7291e-05 -0.0066494 -0.0248899 -0.00078302 -0.00558818 0.0119648 0.00449353 -0.00053699 -0.0424682 0.0466109 0.00541189
internal_weight=229.808 7.91522 5.61979 221.893 56.602 10.5669 46.0351 37.1906 165.291 132.241 36.5145 26.418 33.05 10.2104 22.8395 19.4454 8.84454 95.7263 69.943 25.7834 10.0965 31.1858 6.13579 7.9166 6.1566
internal_count=8005 276 194 7729 1287 211 1076 870 6442 5366 1053 726 1076 290 786 697 206 4313 3729 584 327 749 149 234 144
is_linear=0
shrinkage=0.0540709


Tree=197
num_leaves=23
num_cat=0
split_feature=106 20 30 106 39 46 36 87 51 17 92 66 24 5 45 85 85 69 95 48 85 95
split_gain=0.702596 2.00793 4.18368 2.44964 2.13953 3.1616 3.57325 2.7231 2.68806 1.98415 1.75324 1.83323 1.56178 1.4907 1.58991 1.80257 2.25429 2.89807 2.17591 1.03338 0.4796 0.209096
threshold=0.81666666666666676 15.500000000000002 1.0000000180025095e-35 0.38333333333333336 9500.3115746753265 317.50000000000006 17.500000000000004 12882.599500000002 3146.0000000000005 1.0000000180025095e-35 39.500000000000007 4.5000000000000009 358.50000000000006 512.50000000000011 40.166228099026007 -92583.006999999969 -22269.347249999933 191.50000000000003 857.00000000000011 29.500000000000004 -110583.80774999999 549.50000000000011
decision_type=2 2 2 2 2 2 2 2 2 2 2 2 2 2 2 2 2 2 2 2 2 2
left_child=1 3 -3 19 5 6 -5 12 -7 20 11 -11 -6 14 15 -2 17 -17 -18 -1 -4 -16
right_child=13 2 9 4 7 8 -8 -9 -10 10 -12 -13 -14 -15 21 16 18 -19 -20 -21 -22 -23
leaf_value=-0.0057518999854153504 -0.039106332104053072 0.050982756181247896 0.0031935736480234985 -0.02334256131206023 -0.051975948019178875 -0.04572513724701141 0.0474734711162446 0.036591839251291544 0.0022915930523467742 0.040718653916437121 -0.053025795980400012 0.00016330761396710232 0.0058655651654274102 0.02330734153267593 0.011613964683602098 0.026177734181489689 0.0057822849772269621 -0.022502105665353284 -0.011947890919767506 0.025615035778866965 -0.06146435109671982 0.037664105406810915
leaf_weight=5.4772923691198212 3.4268806047039098 4.990181542816571 0.15277053872705471 5.8003197741054482 2.5359178381622751 16.870014365966203 3.236241557111498 4.2973298480792437 3.910016108013223 3.5465342641109592 1.6628074358450238 44.699466341553489 2.5244591133669019 9.5776655423687753 2.6000768939265972 17.507668380392719 38.429808862216305 4.3312972880667067 42.028794766461942 6.2113380115479231 1.889862174684821 3.5147861409932375
leaf_count=109 64 41 12 758 151 936 169 89 108 537 94 1645 32 103 42 350 794 41 935 65 842 88
internal_value=0 -0.00319602 0.00368134 -0.0110404 -0.0175926 -0.0247104 0.00120619 0.00429783 -0.0363353 -0.000721864 0.0012725 0.0032994 -0.0216706 0.00280152 0.000978947 -0.000503171 0.000718553 0.0161834 -0.00338756 0.0102859 -0.0530156 0.0278038
internal_weight=229.222 107.805 56.9416 50.8629 39.1743 29.8166 9.03656 9.35771 20.78 51.9514 49.9088 48.246 5.06038 121.417 111.839 105.724 102.298 21.839 80.4586 11.6886 2.04263 6.11486
internal_count=8005 5588 3171 2417 2243 1971 927 272 1044 3130 2276 2182 183 2417 2314 2184 2120 391 1729 174 854 130
is_linear=0
shrinkage=0.0540709


Tree=198
num_leaves=20
num_cat=0
split_feature=87 82 36 81 83 78 83 97 81 81 86 71 61 61 71 71 49 20 50
split_gain=0.724447 1.70491 1.99347 1.05292 2.82407 2.99201 2.12072 2.28783 1.59397 1.84764 1.30882 1.20999 2.01372 3.17645 1.5086 1.46954 1.16167 1.03976 0.259885
threshold=27463.415749999989 487.50000000000006 66.500000000000014 9468.4970357142865 465.50000000000006 0.93042166149719174 767.50000000000011 4.5075757575757587 11040.053550000002 10072.314133928574 37092.192014499997 0.94583059166651851 0.89793989429420173 0.91005220023563227 0.88178240525549267 0.96426934660206898 65.500000000000014 1.0000000180025095e-35 120.50000000000001
decision_type=2 2 2 2 2 2 2 2 2 2 2 2 2 2 2 2 2 2 2
left_child=3 2 -2 10 5 8 7 -6 9 -5 11 12 14 -14 -1 -13 -10 -17 -9
right_child=1 -3 -4 4 6 -7 -8 18 16 -11 -12 15 13 -15 -16 17 -18 -19 -20
leaf_value=7.559700265796074e-05 0.0049771909842855136 0.013653497233916888 -0.057969745435300313 0.038491365162190448 0.01171806032271642 -0.018651837840633144 0.016166206255452165 -0.028451956692398004 0.061681078078416746 -0.018860538972079757 -0.044661991809812757 -0.052299522484007377 0.064814214571170717 0 -0.023267778402461064 0.043252991235635405 0.017595549112973105 -0.03008804078549104 -0.062224327919573344
leaf_weight=161.16134212886391 2.1394273749610857 3.4561581598245539 3.6137375538528431 3.4415218102367389 2.5668087998492393 3.8954536045785053 5.2338837015267927 2.3249548480889644 6.2470727215404604 2.9553073755523656 1.9801155650930002 2.85743260703748 3.5689360714604828 6.1589515301020583 8.4878443858615338 1.1122103785164656 3.1811401192680933 1.085623174527427 2.8999403197376523
leaf_count=6064 77 85 93 75 55 127 111 69 119 87 46 94 100 225 272 43 83 111 69
internal_value=0 -0.0148677 -0.0332844 0.000611175 0.00957317 0.0225906 -0.00956813 -0.0278026 0.0332109 0.0108426 -0.000923574 -0.000413391 0.00028125 0.0242353 -0.00104903 -0.0265125 0.0475976 0.00367248 -0.0486285
internal_weight=228.368 9.20932 5.75316 219.159 32.7461 19.7205 13.0256 7.7917 15.825 6.39683 186.412 184.432 179.377 9.72789 169.649 5.05527 9.42821 2.19783 5.2249
internal_count=8005 255 170 7750 795 491 304 193 364 162 6955 6909 6661 325 6336 248 202 154 138
is_linear=0
shrinkage=0.0540709


Tree=199
num_leaves=19
num_cat=0
split_feature=13 17 42 42 94 69 52 92 52 50 98 92 97 93 54 42 97 108
split_gain=0.685129 1.00499 0.77585 4.80637 3.79099 3.19765 2.77151 2.2303 2.56447 1.73058 2.56889 1.52532 2.8445 2.65355 1.52232 0.75367 0.165403 0.0291666
threshold=33.525000000000006 1.0000000180025095e-35 243.74850000000001 217.74300000000002 8.0000000000000018 78.500000000000014 0.6305956129678667 20.500000000000004 0.6576109693507376 87.500000000000014 0.91142774290928774 33.500000000000007 5.3927710843373502 1.0000000180025095e-35 1.0000000180025095e-35 1098.6200000000001 49.583333333333336 -0.67834884230287851
decision_type=2 2 2 2 2 2 2 2 2 2 2 2 2 2 2 2 2 2
left_child=1 15 3 11 6 -6 -5 8 -4 10 -9 13 -13 -3 -11 16 17 -1
right_child=-2 2 7 4 5 -7 -8 9 -10 14 -12 12 -14 -15 -16 -17 -18 -19
leaf_value=0 0.018170705622538467 -0.016084015418219241 -0.006609212233473093 0.0427302729825128 0.021324914443753899 0.095454633628025976 -0.013656260043049703 0.0045308877238928709 0.04037139614204751 -0.030250756738360769 -0.023439061248026798 0.038996399109651851 -0.0068979940409401846 0.0020608259380701446 0.0068125520224628366 0.013272862066849262 0 -0.058604707880855506
leaf_weight=0.13989993990981009 5.9001292674802235 34.95463395427214 6.7182111970614624 4.0345182162418514 3.8473355897003776 3.5875348307890818 6.6684523867734242 35.513232179015176 6.4405830713221803 14.94958351753303 13.051757987035669 7.2803574939025557 8.1511400978779402 70.672982434029109 3.7467092195292926 0.50468554711551394 0.16163637323188584 1.6499805284329334
leaf_count=37 70 593 63 102 93 47 268 1152 80 361 398 134 303 3408 73 61 68 694
internal_value=0 -0.000494476 -7.58853e-05 0.00233251 0.0283092 0.0581059 0.00691273 -0.00433636 0.0158267 -0.00839128 -0.00283451 -0.00149886 0.0142779 -0.00387396 -0.0224281 -0.0348823 -0.05112 -0.0558463
internal_weight=227.973 222.073 219.617 139.197 18.1378 7.43487 10.703 80.4201 13.1588 67.2613 48.565 121.059 15.4315 105.628 18.6963 2.4562 1.95152 1.78988
internal_count=8005 7935 7075 4948 510 140 370 2127 143 1984 1550 4438 437 4001 434 860 799 731
is_linear=0
shrinkage=0.0540709


Tree=200
num_leaves=31
num_cat=0
split_feature=99 16 91 20 67 44 98 84 20 16 119 95 6 103 43 104 103 45 108 43 83 58 85 85 108 101 46 82 24 96
split_gain=0.69589 1.27969 2.37025 2.28411 2.25016 3.07431 2.34716 1.98757 1.98189 1.80371 1.68327 1.60169 1.57073 0.96595 2.50294 2.69541 1.69554 2.35997 1.68505 2.39432 3.20862 2.38977 2.04398 2.5237 1.83681 1.81033 0.852464 0.656969 0.240152 0.121029
threshold=1.0000000180025095e-35 39.500000000000007 3.5000000000000004 27.500000000000004 8.4115384615384645 17.144957983193283 1.0891597072005699 0.99970963995354245 28.500000000000004 37.500000000000007 0.91666666666666685 259.50000000000006 102.50000000000001 -43.390499999999996 3108.5000000000005 0.28465900440112135 -137.76649999999998 25.556258363241508 -0.11754989623586669 567.50000000000011 76.500000000000014 152.50000000000003 2882.2909999999943 -27550.562249999984 -0.24390859165242865 3.8888888888888888 106.50000000000001 95.500000000000014 99.500000000000014 322.15658696148313
decision_type=2 2 2 2 2 2 2 2 2 2 2 2 2 2 2 2 2 2 2 2 2 2 2 2 2 2 2 2 2 2
left_child=13 9 3 7 -4 27 -7 28 -5 10 11 -2 -13 14 15 16 -1 -18 22 21 -21 26 23 -15 -25 -22 -20 -6 -3 -11
right_child=1 2 4 8 5 6 -8 -9 -10 29 -12 12 -14 18 -16 -17 17 -19 19 20 25 -23 -24 24 -26 -27 -28 -29 -30 -31
leaf_value=0.05864282508156457 0.012995200895590468 -0.01947092173376877 0.045946379302019683 0.14506575576309333 -0.05729889766803177 0.0028205093645350915 0.063724847676744842 0.046867749049068166 -0.026180885639705775 -0.054854641020997727 0.010984374784603738 0.017649109099377613 -0.04885177414838391 0.017684271585665438 -0.017547009738479672 -0.014306926747149996 0.028533554766051367 -0.016557297869086343 0.0083492805848203542 -0.030382815945814309 0.016913373526052711 0.035923732951779606 0.011275353962440884 -0.016616143877448638 -0.054756590222991675 -0.0023515783949183923 -0.027690843570589839 0 -0.052924650344321082 -0.010599274601655363
leaf_weight=3.9293216386577141 2.3173635893035733 1.6737744132988179 4.2905883567873415 0.40791328204795707 2.5420896185387423 10.906999593731596 2.305658121535088 0.6970101884799077 0.26440130987612065 3.2782193830353203 7.2855783867416894 1.0862335311248896 5.6774746323353611 4.1173058969434377 7.6969652188708997 6.115963790100067 14.733494727639487 4.184640501625835 10.008966160239654 9.9202409968711418 18.741679471335374 11.315401774772907 8.1685882955789548 13.799502793117432 5.5812383303418747 58.05619104183279 2.3508954504504791 1.0368059742031617 4.4478825298283482 0.6566196095664053
leaf_count=62 88 73 126 7 190 494 71 70 367 317 90 18 897 107 86 64 238 81 374 129 140 128 84 230 44 470 52 46 2797 65
internal_value=0 -0.00572406 0.0014148 -0.024405 0.0109413 0.00155191 0.0140166 -0.0345091 0.0668937 -0.0161347 -0.00769044 -0.0234857 -0.0370772 0.00155671 0.00939055 0.0168051 0.0254574 0.0181682 -0.000412993 0.00268695 -0.00139504 0.0179494 -0.0114526 -0.0196683 -0.027986 0.00225393 0.000892745 -0.0423821 -0.0449949 -0.0493569
internal_weight=227.595 48.8746 28.5731 7.49098 21.0821 16.7916 13.2127 6.81867 0.672315 20.3015 16.3667 9.08107 6.76371 178.72 36.6604 28.9634 22.8475 18.9181 142.06 110.393 86.7181 23.6753 31.6666 23.498 19.3807 76.7979 12.3599 3.5789 6.12166 3.93484
internal_count=8005 5716 4241 3314 927 801 565 2940 374 1475 1093 1003 915 2289 531 445 381 319 1758 1293 739 554 465 381 274 610 426 236 2870 382
is_linear=0
shrinkage=0.0540709


Tree=201
num_leaves=30
num_cat=0
split_feature=106 20 17 106 39 46 36 51 76 98 69 20 95 86 90 29 98 5 45 95 82 98 69 39 69 46 94 74 20
split_gain=0.671041 1.73951 3.60374 2.11946 1.96523 2.85385 3.11436 2.52959 1.77904 4.18043 3.30201 2.62547 2.31434 2.17282 1.83965 1.54885 1.721 1.34871 1.42279 1.47844 1.95098 2.35953 1.73671 2.16072 1.84987 1.47275 1.22086 0.822082 0.745
threshold=0.81666666666666676 15.500000000000002 14.500000000000002 0.38333333333333336 9500.3115746753265 317.50000000000006 17.500000000000004 3146.0000000000005 111.50000000000001 1.1043112252282909 3.5000000000000004 17.500000000000004 808.50000000000011 -3417.0892774999998 1.0000000180025095e-35 165.00000000000003 0.60436231886377556 512.50000000000011 40.166228099026007 1558.5000000000002 41.500000000000007 0.84836739950096163 191.50000000000003 4017.5326642156865 310.50000000000006 786.50000000000011 8.0000000000000018 36647.229500000009 -2.4999999999999996
decision_type=2 2 2 2 2 2 2 2 2 2 2 2 2 2 2 2 2 2 2 2 2 2 2 2 2 2 2 2 2
left_child=1 3 8 27 5 6 -5 -7 10 11 13 -10 -11 -3 -12 16 -6 18 19 22 25 -22 23 -2 -24 -21 -20 28 -1
right_child=17 2 -4 4 15 7 -8 -9 9 12 14 -13 -14 -15 -16 -17 -18 -19 26 20 21 -23 24 -25 -26 -27 -28 -29 -30
leaf_value=-0.022943999068196587 -0.0044922516956200954 0.10888073128257357 0.047109392007977043 -0.022205979083867063 0.010029908085086641 -0.044345276970452485 0.043949003724084147 0.0025645669302566581 -0.034115461542688783 0.005357809099313591 -0.04912340273571679 0.006055540899089322 0.09633632271092829 0.0010757498377667555 0.012114580276025124 0.027805910068003824 -0.054310239699479776 0.02232563996642865 0 0.014514375391105732 -0.0038786851087800125 -0.047705217595759845 -0.031239659672611643 0.015837004926514322 0.0071644948772739093 -0.027325655949952017 0.05114601474486119 0.025096192998606329 0.013973934944184254
leaf_weight=3.0582417193800211 25.352930235298118 0.64022758032660565 4.999341632006689 5.7401889696193411 2.6629794236505386 16.267554941245184 3.2496276865131222 3.8671961501822798 5.7382258361612903 1.6140958701143966 7.3573589058360067 27.520081952498003 2.1467405346338637 4.7110255340230678 1.554961811758403 4.4751433733617887 2.0352317860379117 9.5131966230692324 2.9912544609687748 9.9679070248967054 8.3326205573393946 6.9039472418371579 7.8191282460174971 36.834512406727299 6.4333081195363775 3.2029533133609212 2.9892061376012862 5.330836440436542 3.1788677957374585
leaf_count=49 704 17 41 758 72 936 169 108 164 70 601 1102 77 857 242 49 151 103 70 279 181 144 84 645 75 72 60 41 84
internal_value=0 -0.00314565 0.00326985 -0.0105347 -0.0167312 -0.0236474 0.000890496 -0.0349691 -0.000861581 0.00523739 -0.0172071 -0.000654918 0.0592795 0.0153932 -0.0376095 0.00442211 -0.0162815 0.00275217 0.00100494 -0.000389095 -0.010984 -0.0242262 0.00345179 0.00743034 -0.0133877 0.0037756 0.0266713 0.00934059 -0.00294509
internal_weight=226.489 106.148 56.2821 49.8659 38.2979 29.1246 8.98982 20.1348 51.2827 37.0191 14.2636 33.2583 3.76084 5.35125 8.91232 9.17335 4.69821 120.341 110.828 104.847 28.4074 15.2366 76.4399 62.1874 14.2524 13.1709 5.98046 11.5679 6.23711
internal_count=8005 5588 3171 2417 2243 1971 927 1044 3130 1413 1717 1266 147 874 843 272 223 2417 2314 2184 676 325 1508 1349 159 351 130 174 133
is_linear=0
shrinkage=0.0540709


Tree=202
num_leaves=30
num_cat=0
split_feature=104 94 119 119 49 58 20 119 82 38 20 45 42 104 70 25 67 51 47 42 42 20 84 108 87 41 63 71 16
split_gain=0.703357 2.69331 3.89294 4.21819 3.19734 3.57705 2.96241 2.68696 3.6729 2.49386 2.47379 2.87223 2.37375 2.83428 2.17804 1.96163 2.3781 2.14003 2.32159 2.0649 1.88021 1.61998 1.60313 2.09779 1.37759 1.31115 0.976101 0.531944 0.444243
threshold=-0.036244200612899728 8.0000000000000018 1.7500000000000002 1.0833333333333337 59.500000000000007 1179.5000000000002 6.5000000000000009 0.38333333333333336 176.50000000000003 645665.64200000011 -6.4999999999999991 20.407627770282392 3.3310000000000004 -0.045264301077452961 175.50000000000003 80.500000000000014 17.298148148148154 4915.5000000000009 1077.5000000000002 700.38750000000016 86.188000000000017 17.500000000000004 0.76428065201984419 0.23044116282220631 -357.78824999999773 38714.180500000009 120985.13350000001 0.66948396194420157 36.500000000000007
decision_type=2 2 2 2 2 2 2 2 2 2 2 2 2 2 2 2 2 2 2 2 2 2 2 2 2 2 2 2 2
left_child=12 2 3 7 6 -6 10 8 -2 -7 -3 -12 14 15 -1 16 27 18 -17 -19 -5 -9 28 -24 -18 -11 -4 -14 -8
right_child=1 4 26 20 5 9 22 21 -10 25 11 -13 13 -15 -16 17 24 19 -20 -21 -22 -23 23 -25 -26 -27 -28 -29 -30
leaf_value=-0.073045286872534199 0.019155055495645935 -0.021626286029956209 -0.049725882117584927 -0.0053981266632032012 0.065025948919841092 -0.027569768602550119 -0.016490117885364076 -0.027025745738056769 -0.032320155430247369 0.045978049110163163 0.041213078266846122 -0.009354574045940544 0.049945518358036602 0.059597068252277285 0 -0.0006909683700491707 -0.014906514679172611 -0.053164694332427917 0.038568508130378383 0.006307142807448431 0.038059922212794216 0.02318597446243106 -0.031454452247148934 0.028654532851552929 0.018360131228032817 0.0017004090652556337 -0.016211027918482675 0.021679592570895384 -0.060784004062443539
leaf_weight=2.2205254096479612 13.532186844109676 5.0859317393042174 7.5809704461134952 3.9665068220347157 4.8938434028823421 3.5853624707669942 1.4740136478794719 23.596065345249375 5.7415687944812808 4.4650846273725602 8.5990045412909257 4.9804149728734037 5.1231050807982701 2.7155264625034752 2.5719054940855131 63.922580052145349 6.9720638729631901 4.244672959073795 4.7058742299705036 2.5138977446185891 8.6683858153410238 1.8800231540226366 4.2540846232004697 2.7389863909629639 7.4892689399421197 4.1262592801795108 5.0320133212953806 5.3328704149462283 3.3703745033126324
leaf_count=66 1271 66 127 100 72 83 127 1670 245 66 127 62 74 69 90 2555 50 114 80 71 114 50 149 87 100 88 38 65 129
internal_value=0 -0.00289488 -0.00968585 -0.00356419 0.00694174 0.0257292 -0.00333123 -0.0114657 0.00343545 0.00932009 0.00980589 0.022124 0.0031519 0.00494532 -0.0338433 0.0033908 0.0165581 -0.000863644 0.0018945 -0.0299555 0.0238335 -0.0230286 -0.0246682 -0.00685328 0.00181084 0.0255782 -0.036946 0.0362433 -0.0488451
internal_weight=225.383 117.571 69.9977 57.3847 47.5734 17.0705 30.5028 44.7498 19.2738 12.1767 18.6654 13.5794 107.812 103.02 4.79243 100.304 24.9173 75.387 68.6285 6.75857 12.6349 25.4761 11.8375 6.99307 14.4613 8.59134 12.613 10.456 4.84439
internal_count=8005 4671 3615 3450 1056 309 747 3236 1516 237 255 189 3334 3178 156 3109 289 2820 2635 185 214 1720 492 236 150 154 165 139 256
is_linear=0
shrinkage=0.0540709


Tree=203
num_leaves=19
num_cat=0
split_feature=27 2 7 97 72 91 109 35 20 17 97 17 20 97 32 24 52 81
split_gain=0.647876 1.63317 1.72459 1.03309 1.22677 1.16811 1.08693 1.02254 1.51091 2.58972 2.60831 2.35895 3.36529 2.24562 2.00672 0.490346 0.408605 0.100939
threshold=1.0000000180025095e-35 3.5000000000000004 56.700098766926715 22.148148148148156 0.087599020261366969 3.5000000000000004 1.0814252507675619 149.50000000000003 22.500000000000004 4.5000000000000009 4.7744310575635884 10.500000000000002 19.500000000000004 6.0334281650071135 131.50000000000003 297.50000000000006 0.68975914322534781 21831.970250000002
decision_type=2 2 2 2 2 2 2 2 2 2 2 2 2 2 2 2 2 2
left_child=1 7 17 4 5 15 16 8 11 10 -10 13 -13 -1 -11 -2 -6 -3
right_child=3 2 -4 -5 6 -7 -8 -9 9 14 -12 12 -14 -15 -16 -17 -18 -19
leaf_value=-0.00086998024564424715 0.024614705914969833 -0.056983311600061273 0.024821472104126295 0.03714534743644099 0.014245998433270447 -0.034280995511500968 -0.00084426601384472732 -0.023344106622455535 0.051763838675166075 -0.0036956801725401395 -0.024516109114208873 -0.00069812841727721843 0.050273069933724518 -0.050547369131635399 0.046408905041308908 -0.0083456960402392474 0.049444239907567945 0
leaf_weight=5.9231626077380479 2.230247879168024 2.9889354829138024 0.93619289435446251 3.2564655296737319 2.7120526472572219 3.6841664888197556 4.7465141211287118 5.4476841180003239 1.621757233224346 2.937238117825471 6.2578856998734409 158.82604286335118 3.8744277204386881 5.3395467255613767 7.9515711918938905 2.8113832729868591 2.698733986238949 0.23168672157044046
leaf_count=425 94 845 9 95 59 60 55 124 213 203 476 4623 64 397 92 66 71 34
internal_value=0 -0.00096489 -0.0345108 0.00877723 0.00348995 -0.0108733 0.0165562 -0.0002236 0.000391822 0.0149946 -0.00786877 -0.00114132 0.000470888 -0.0250829 0.0322166 0.00477378 0.0331801 -0.0540564
internal_weight=224.476 202.336 4.15682 22.1396 18.8831 8.7258 10.1573 198.179 192.732 18.7685 7.87964 173.963 162.7 11.2627 10.8888 5.04163 5.41079 3.22062
internal_count=8005 7505 888 500 405 220 185 6617 6493 984 689 5509 4687 822 295 160 130 879
is_linear=0
shrinkage=0.0540709


Tree=204
num_leaves=26
num_cat=0
split_feature=103 80 83 71 77 45 62 17 103 36 36 98 66 104 47 52 49 97 69 49 63 48 48 17 17
split_gain=0.662539 2.49402 2.48312 2.35602 2.24447 2.12181 1.99454 2.53315 1.9146 2.37723 2.60533 1.54686 1.69451 1.32162 1.01069 2.03995 2.00422 3.11257 2.64213 2.6292 2.65615 2.40706 2.08568 1.20902 0.147494
threshold=-43.390499999999996 26994.387500000004 354.50000000000006 0.78428015041633103 189.50000000000003 28.67174139154578 15.500000000000002 30.500000000000004 -32.656500000000001 31.500000000000004 54.500000000000007 0.82148002842514634 410.50000000000006 -0.39903672910746191 972.50000000000011 0.57145670398919723 67.500000000000014 5.2357439857439863 100.50000000000001 52.500000000000007 213952.65100000004 180.50000000000003 57.500000000000007 21.500000000000004 31.500000000000004
decision_type=2 2 2 2 2 2 2 2 2 2 2 2 2 2 2 2 2 2 2 2 2 2 2 2 2
left_child=1 4 3 24 6 -6 7 13 9 -2 -11 -8 -13 -1 16 23 19 18 -18 22 -21 -19 -10 -16 -3
right_child=8 2 -4 -5 5 -7 11 -9 14 10 -12 12 -14 -15 15 -17 17 21 -20 20 -22 -23 -24 -25 -26
leaf_value=0.042813669029050885 0.01639521362636976 -0.038677657324920095 0.017290063699581495 0 0.060260114920977013 0.0022613884537155773 -0.032811550591104674 0.055147009195101272 0.002208888664969448 -0.075561410579321267 -0.0052635660333754551 -0.02362049187685265 0.034047020853247963 -0.018141479076671348 -0.024635626898711828 0.034765868316041448 0.041870133622183676 -0.047339411004675098 -0.010430607760380689 0.0057948218336656534 0.054413582983823969 0 -0.016133840464586019 0.016918006025972016 -0.071484648858275421
leaf_weight=1.4233140100259332 2.6095152152993233 2.380723761423722 4.8617811448202692 4.0395762483676663 5.2033288311649795 3.2808336626330856 4.962201080445082 4.1404736541444436 90.526305624378438 3.4557710616500117 3.2216693488589954 2.5935712124191923 3.303315520985052 3.7992769627308061 4.3288806982454826 6.981585371613618 3.8274127754993996 9.7819876268913486 10.499621147646392 10.355032523468251 5.1127544441260389 4.6353354359453069 22.560838896075438 3.7305250631179661 2.2981853149831295
leaf_count=60 82 121 118 120 111 64 76 182 4574 81 116 87 68 181 98 129 103 289 247 270 77 123 569 47 12
internal_value=0 0.00608492 -0.012711 -0.0302884 0.0152345 0.0387092 0.00501723 0.0235467 -0.00142968 -0.0253454 -0.042764 -0.0102805 0.00743136 -0.000103811 -9.77328e-05 0.0132451 -0.00142073 -0.0143511 0.00302975 0.00141315 0.0223485 -0.0321335 -0.00138536 -0.00448512 -0.0563964
internal_weight=223.914 42.2866 13.5803 8.71849 28.7063 8.48416 20.2222 9.36306 181.627 9.28696 6.67744 10.8591 5.89689 5.22259 172.34 15.041 157.299 28.7444 14.327 128.555 15.4678 14.4173 113.087 8.05941 4.67891
internal_count=8005 1200 371 253 829 175 654 423 6805 279 197 231 155 241 6526 274 6252 762 350 5490 347 412 5143 145 133
is_linear=0
shrinkage=0.0540709


Tree=205
num_leaves=25
num_cat=0
split_feature=99 76 76 42 85 42 42 47 103 80 77 62 17 108 43 65 58 86 85 85 108 39 94 92
split_gain=0.658139 1.32877 1.42821 1.28795 1.85636 1.63669 2.49933 1.99286 0.844759 2.33251 1.90504 1.85675 1.80486 1.40454 2.12516 2.85959 2.04395 2.0005 1.85062 2.22958 1.6253 1.43178 0.838613 0.801522
threshold=1.0000000180025095e-35 1035.5000000000002 871.50000000000011 545.90350000000012 -12248.169999999998 346.86000000000007 239.02300000000002 21.500000000000004 -43.390499999999996 28235.532000000003 199.50000000000003 15.500000000000002 30.500000000000004 -0.11754989623586669 567.50000000000011 2499.627703618055 152.50000000000003 5988.3815509999977 2882.2909999999943 -27550.562249999984 -0.24390859165242865 3679.6440044014089 5.5000000000000009 26.500000000000004
decision_type=2 2 2 2 2 2 2 2 2 2 2 2 2 2 2 2 2 2 2 2 2 2 2 2
left_child=8 2 3 5 22 6 -2 -7 9 10 11 12 -1 18 16 21 23 -17 19 -10 -21 -16 -5 -15
right_child=1 -3 -4 4 -6 7 -8 -9 13 -11 -12 -13 -14 14 15 17 -18 -19 -20 20 -22 -23 -24 -25
leaf_value=0.00044351940223204278 -0.0013661712510571579 -0.054436404315811933 0.048668996470802528 0.04893779204796643 -0.055419525166676385 0.085062270910466586 -0.048104475813216085 0.0056892025366393076 0.017153452005299046 -0.011861450234349617 0.043910608813820418 -0.005009759110177839 0.054912148041653348 0.0099957947706462384 -0.0040738140155155795 0.015018557267866089 0.033838619710753637 -0.0037467040512055376 0.011338758432352145 -0.015471755122113363 -0.051761963718429393 -0.041523306369412094 -0.023141912463939217 -0.021209206916164132
leaf_weight=3.7525583722163054 30.078354324868997 1.5974024823299249 1.4394125846447412 0.91228550300002076 3.333457509699655 1.2495294965628989 3.8193471521080928 4.5181446846836479 4.0270885713398483 10.579673744854516 6.3846331825479856 10.818297473713754 3.938869989127852 9.0412710672244447 6.0516416125465167 25.484765659144614 11.105967597977722 46.718752530956408 8.0372752959374321 13.747584635450044 5.4432705203071228 6.9829673470230773 0.83353501014062203 3.2357684383168808
leaf_count=89 3974 118 45 25 442 50 600 336 107 93 59 108 182 334 54 212 128 390 84 230 44 83 126 92
internal_value=0 -0.00563163 -0.00378107 -0.00563582 -0.0313783 -0.00215155 -0.00685308 0.0241914 0.00152669 0.00898633 0.0181434 0.00885206 0.0293059 -0.00031242 0.00253945 -0.00134176 0.0170025 0.00277452 -0.0104595 -0.0183239 -0.0261549 -0.024707 0.0103092 0.0011671
internal_weight=223.132 47.7815 46.1841 44.7447 5.07928 39.6654 33.8977 5.76767 175.35 35.474 24.8944 18.5097 7.69143 139.876 108.621 85.2381 23.383 72.2035 31.2552 23.2179 19.1909 13.0346 1.74582 12.277
internal_count=8005 5716 5598 5553 593 4960 4574 386 2289 531 438 379 271 1758 1293 739 554 602 465 381 274 137 151 426
is_linear=0
shrinkage=0.0540709


Tree=206
num_leaves=22
num_cat=0
split_feature=32 87 69 91 31 54 16 45 92 58 118 93 49 54 87 92 44 41 92 56 69
split_gain=0.656701 1.98197 2.57022 1.39707 1.11357 1.84783 1.1501 1.44656 2.17167 1.59263 1.52229 1.17549 1.20181 1.19806 1.16104 2.79262 3.52245 3.39225 2.34967 2.8884 2.25985
threshold=149.50000000000003 4486.0010000000048 86.500000000000014 3.5000000000000004 1.0000000180025095e-35 3.5000000000000004 40.500000000000007 18.013475510621738 26.500000000000004 292.50000000000006 -1.0000000180025095e-35 1.5000000000000002 3.5000000000000004 6.5000000000000009 -357.78824999999773 30.500000000000004 35.527772105370637 25992.631500000007 25.500000000000004 219757.99600000007 137.50000000000003
decision_type=2 2 2 2 2 2 2 2 2 2 2 2 2 2 2 2 2 2 2 2 2
left_child=4 2 3 -2 6 -6 14 8 10 -10 -8 12 -9 -13 15 17 -17 -1 20 -20 -16
right_child=1 -3 -4 -5 5 -7 7 11 9 -11 -12 13 -14 -15 18 16 -18 -19 19 -21 -22
leaf_value=-0.021279372287209598 0.00098172370206195923 -0.038345986413918967 0.029183976269339749 -0.042411083144662104 0 0.054122229227402438 0.011070654966367088 -0.16087451514927059 -0.0052049077404456969 0.067965619001307126 -0.033171571573900896 -0.040918675351158687 -0.04227311917837321 0.030662681665053159 0.016753528717636839 0.035969302855160534 -0.02535535212679383 0.0065307499660936857 0.0060751733616085726 -0.02508039763878369 -0.0023477226060491666
leaf_weight=31.328565777293989 4.3314104382006935 5.1329924254387143 5.6107704467140129 3.7884332583053038 4.1976006440818301 3.0077592709567398 3.3286993058864027 0.42349672701675345 1.3241000998095835 1.8361530275433322 6.0264707176684187 1.8834179495206629 1.3955179607000898 0.9653131071536335 50.930379370081937 9.3384075091307732 3.7309961689970796 21.165722613033722 20.637820521602407 14.730315636508747 27.127924003187218
leaf_count=441 79 112 78 95 34 130 188 4 78 82 2538 802 237 130 940 247 76 333 703 388 290
internal_value=0 -0.00965892 0.00053148 -0.0183597 0.000886677 0.0217649 8.19189e-05 -0.0132386 -0.00300965 0.0349885 -0.0166408 -0.0390682 -0.0741028 -0.0140653 0.00140214 -0.00426665 0.0178959 -0.00992572 0.00474404 -0.00669245 0.0100206
internal_weight=222.242 18.8636 13.7306 8.11984 203.379 7.20536 196.173 17.1832 12.5154 3.16025 9.35517 4.66775 1.81901 2.84873 178.99 65.5637 13.0694 52.4943 113.426 35.3681 78.0583
internal_count=8005 364 252 174 7641 164 7477 4059 2886 160 2726 1173 241 932 3418 1097 323 774 2321 1091 1230
is_linear=0
shrinkage=0.0540709


Tree=207
num_leaves=31
num_cat=0
split_feature=104 94 106 106 49 43 20 106 51 20 45 108 104 47 20 48 43 103 95 91 87 78 103 103 93 41 17 65 95 108
split_gain=0.624269 2.39617 3.33465 3.75882 2.90329 3.53189 2.66668 2.38859 2.77988 2.18251 2.58617 2.07317 2.00816 1.86057 1.69628 1.64758 1.64497 3.7466 1.74043 1.59728 2.55473 1.49229 1.4315 1.41702 1.41199 1.24815 1.94404 0.910439 0.894718 0.535041
threshold=-0.036244200612899728 8.0000000000000018 1.7500000000000002 1.0833333333333337 59.500000000000007 1702.0000000000002 6.5000000000000009 0.38333333333333336 1468.5000000000002 -6.4999999999999991 20.407627770282392 0.081472521080311791 -0.045264301077452961 655.50000000000011 -5.4999999999999991 53.500000000000007 3406.5000000000005 -64.772000000000006 1263.5000000000002 8.5000000000000018 2444.2182499999985 0.7228509804376313 81.200499999999991 126.89600000000003 1.5000000000000002 29330.865500000004 24.500000000000004 8013.3106947329516 3458.0000000000005 -0.36569002403043854
decision_type=2 2 2 2 2 2 2 2 2 2 2 2 2 2 2 2 2 2 2 2 2 2 2 2 2 2 2 2 2 2
left_child=12 2 3 7 6 -6 9 8 -2 -3 -11 13 16 -7 21 -4 17 25 27 20 -19 -5 28 -9 -21 29 -27 -18 -8 -1
right_child=1 4 15 14 5 11 22 23 -10 10 -12 -13 -14 -15 -16 -17 18 19 -20 24 -22 -23 -24 -25 -26 26 -28 -29 -30 -31
leaf_value=0.033523235500666583 0.020407808196889723 -0.020339494775220318 -0.0097666843622356333 0.029324505347900653 0.066176407767156969 0.016699224544559164 -0.043033481433411222 -0.02754640622226262 -0.021913254891532001 0.039265243754960551 -0.0089479724404893067 0.034785625387034752 0.047556475956383563 -0.038125802340433841 0.049730624435104738 -0.051273825832507072 -0.022747217242576768 -0.015471699841307194 -0.046692984190160595 0.004286368926651401 0.011383044506286289 -0.017090214540341424 0.0060033825599833373 0.006694515372644907 0.036823795238337891 -0.021329701094855231 0.04783768875521404 0.020387712680959371 0 0.074514914898039089
leaf_weight=3.2953385366708972 11.364750507505962 5.0573468790389624 5.3425882104784232 4.2121696721296757 4.4526424361101844 3.5561391801456903 7.1564369320476526 21.123345154417624 7.4728652465673795 8.4346269683446753 4.9450689002405843 5.332513335524709 2.8853888686426208 3.4845101622049697 4.4401876663323474 7.3202562993392348 2.7385582289425638 31.243712259260064 4.0045330582288443 31.903812322052545 15.189004316831413 3.7203794582746923 3.0313716337259384 3.8464597520360249 4.5947213239269322 2.2986694844585145 2.2957698716782033 2.9898678773606662 1.341631836039596 2.3909813057689444
leaf_count=152 1166 66 117 115 69 67 297 1630 350 127 62 93 75 80 46 48 64 1383 115 754 474 53 65 90 85 73 67 67 130 25
internal_value=0 -0.00275818 -0.0092201 -0.00342328 0.00659095 0.024617 -0.00328485 -0.0109703 0.00322617 0.00918231 0.020895 0.00905502 0.00298887 -0.00938832 0.022698 -0.0343498 0.00166693 0.00394173 -0.0193555 3.5233e-05 -0.00652772 0.00662569 -0.0238604 -0.0219757 0.00858688 0.0347286 0.0116305 0 -0.0353815 0.0520806
internal_weight=221.466 115.635 68.843 56.1802 46.7923 16.8258 29.9665 43.8074 18.8376 18.437 13.3797 12.3732 105.83 7.04065 12.3727 12.6628 102.945 93.212 9.73296 82.9313 46.4327 7.93255 11.5294 24.9698 36.4985 10.2808 4.59444 5.72843 8.49807 5.68632
internal_count=8005 4671 3615 3450 1056 309 747 3236 1516 255 189 240 3334 147 214 165 3259 3013 246 2696 1857 168 492 1720 839 317 140 131 427 177
is_linear=0
shrinkage=0.0540709


Tree=208
num_leaves=26
num_cat=0
split_feature=107 16 95 49 95 68 80 75 81 73 84 86 20 17 17 84 20 81 71 49 45 87 44 62 75
split_gain=0.630042 1.50105 1.90109 1.98369 1.84781 2.75889 2.28459 1.90544 1.82089 1.56276 1.32913 1.67021 1.2649 4.07311 2.10718 1.90472 1.8525 1.20039 1.39505 2.49396 1.4752 1.01897 0.334503 0.0427538 0.0302715
threshold=1.0000000180025095e-35 35.500000000000007 721.50000000000011 29.500000000000004 173.50000000000003 261.50000000000006 35405.084000000003 1358.3175000000001 6372.1093750000009 13.500000000000002 0.93119877049180333 38210.275363000001 22.500000000000004 6.5000000000000009 8.5000000000000018 0.63282737761846097 26.500000000000004 8905.6970714285726 0.8832013063181775 25.500000000000004 15.163939265789086 922.5872499999997 3.524193548387097 21.500000000000004 3181.2075576923085
decision_type=2 2 2 2 2 2 2 2 2 2 2 2 2 2 2 2 2 2 2 2 2 2 2 2 2
left_child=10 2 3 -2 5 7 -7 -3 9 21 11 17 14 16 22 -16 -14 18 20 -20 -1 -4 -6 -10 -9
right_child=1 4 8 -5 12 6 -8 24 23 -11 -12 -13 13 -15 15 -17 -18 -19 19 -21 -22 -23 -24 -25 -26
leaf_value=0.012584608411991475 -0.0015428578928273434 0.028560043573953378 -0.019316164886665103 -0.059469632558047825 0 0.07017611695839869 0.0088673070454726964 -0.026597983659273471 -0.013761958382799418 0.083091497238435202 0.028840659429713277 -0.033012438699968505 -0.03120518450185783 0.045207097109658437 -0.013157723559275565 0.0033282731089919657 0.010434267193138162 0.022972228540988564 0.0063345754508015665 -0.054274290677764223 -0.003583562918384158 0.041415856462325117 -0.055543994762042005 -0.053922622593155542 -0.064365969985127003
leaf_weight=30.099385568755679 3.1800389830896147 1.4295560927421305 1.9929637758759784 4.6502774894906906 0.31863995391176958 3.6619528056762647 4.070579076447757 1.0857311489671704 0.74638800648244785 0.97595240497321345 5.6842573376197825 3.836005847377236 5.5475048261869251 6.3720659274840719 35.920412532854243 46.583462395654351 6.7979438978545659 8.2626104768132773 4.1220078740734598 3.5217175546567887 35.478557145397644 1.3135779617587102 2.7729150764062069 1.0752958784796645 1.1516068097698733
leaf_count=690 123 127 186 84 110 69 118 73 57 37 95 33 559 122 1897 1714 587 81 98 45 542 77 322 99 60
internal_value=0 -0.00242238 -0.0191972 -0.0368951 -0.000338104 0.0202549 0.0388689 -0.0169825 0.00229994 0.0226921 0.00344689 0.00166778 -0.00265976 0.00993266 -0.00549993 -0.00375995 -0.00768028 0.00339195 0.00108088 -0.0206307 0.00372487 0.00258809 -0.0495102 -0.0415563 -0.0493819
internal_weight=220.651 129.647 13.9345 7.83032 115.712 11.3994 7.73253 3.66689 6.10418 4.28249 91.0045 85.3203 104.313 18.7175 85.5954 82.5039 12.3454 81.4843 73.2217 7.64373 65.5779 3.30654 3.09156 1.82168 2.23734
internal_count=8005 6421 663 207 5758 447 187 260 456 300 1584 1489 5311 1268 4043 3611 1146 1456 1375 143 1232 263 432 156 133
is_linear=0
shrinkage=0.0540709


Tree=209
num_leaves=16
num_cat=0
split_feature=87 41 65 65 41 24 4 60 85 108 85 44 67 67 53
split_gain=0.628472 0.970113 1.36724 2.20775 2.37395 0.988349 0.981347 1.14642 1.58236 2.56694 1.08906 1.50292 2.63765 1.7694 0.693908
threshold=-37621.614999999998 44673.408500000012 6680.9877288688149 9196.3362373691434 60304.314500000008 297.50000000000006 0.22500000000000003 1500.0000000000002 2467.6900000000032 0.30893288558019089 -92583.006999999969 33.240942028985515 21.550055617352619 27.211111111111112 0.067981301767905566
decision_type=2 2 2 2 2 2 2 2 2 2 2 2 2 2 2
left_child=-1 6 -3 -4 5 -5 10 8 9 -8 -2 12 -12 -13 -6
right_child=1 2 3 4 14 -7 7 -9 -10 -11 11 13 -14 -15 -16
leaf_value=0.02572866199436508 -0.032712604111503042 -0.046784995768446302 0.030655308787780854 -0.01274651163770291 -0.0091159697984045576 -0.059352359191014191 0.0022296533598320616 0.033324772288410472 -0.018832147515664199 0.056547062357006565 0.0022070991631214579 0.048854524296299467 -0.014185278662027789 0.0058108812675514996 0.028719804762412735
leaf_weight=2.7377790278696912 3.0617293090326703 2.8831739675442831 3.6524673315798273 2.9133219237701251 2.6205984074622393 3.5251519757221104 13.172935747075835 5.1957817659713319 5.9610846576979375 3.252659846795722 94.611749097493885 3.1795921451994209 40.88475018513418 29.589263412726723 2.6623737180780154
leaf_count=46 88 86 85 66 83 130 499 75 95 46 4594 88 1293 683 48
internal_value=0 -0.000330301 -0.0122814 -0.00532432 -0.0171698 -0.0394228 0.000729604 0.0102136 0.00451681 0.0134418 -0.00075422 -0.00012837 -0.00268474 0.0102159 0.00855698
internal_weight=219.904 217.167 18.2571 15.3739 11.7214 6.43847 198.91 27.5825 22.3867 16.4256 171.327 168.265 135.496 32.7689 5.28297
internal_count=8005 7959 498 412 327 196 7461 715 640 545 6746 6658 5887 771 131
is_linear=0
shrinkage=0.0540709


Tree=210
num_leaves=21
num_cat=0
split_feature=105 54 92 98 98 98 53 59 68 36 51 61 98 95 39 53 86 67 108 54
split_gain=0.625616 1.05513 1.14582 0.859107 1.98195 1.78467 1.59379 1.22731 2.77096 2.0239 1.74716 1.34077 1.0295 3.27885 2.32019 1.43792 1.31601 2.31675 2.23469 0.367189
threshold=1.3503255667508227 3.5000000000000004 25.500000000000004 1.1501469038014192 1.1842189340197919 1.1043112252282909 0.15665566075554488 184.50000000000003 219.50000000000003 30.500000000000004 297.50000000000006 0.79616219428689561 0.9989394006637593 419.50000000000006 5539.3766205128222 0.18501380246104898 -1831.1419349999994 9.3603896103896123 -0.032228448819891557 20.500000000000004
decision_type=2 2 2 2 2 2 2 2 2 2 2 2 2 2 2 2 2 2 2 2
left_child=3 2 -2 5 -5 12 -7 10 9 -9 19 -10 16 15 -15 -14 17 -1 -18 -6
right_child=1 -3 -4 4 7 6 -8 8 11 -11 -12 -13 13 14 -16 -17 18 -19 -20 -21
leaf_value=0.050177701022108591 0.021407288898172408 0.04707054689164638 -0.03038171770362488 -0.048575110509213613 -0.0063246285818945184 0 0.053364108034258326 0.075323112360650202 -0.049475990383427509 0.0029066744975730328 -0.05273523335436249 0.0078817416818520118 0.050704146840531178 -0.009156270254743205 -0.056125963953732927 -0.0019969119273946499 -0.022322842729757264 0.004731695385057637 0.00045913195288915272 0.033057033324033147
leaf_weight=3.5655152685794738 3.3574437967326949 2.1852312971896026 1.9638151473773175 3.4840415186190539 1.5544827994162909 2.6293071133841286 3.4700490981340408 2.2305050639843085 2.380540014586586 2.7406461725622648 2.8672378187038703 2.0114038356914534 2.7177232538379057 9.3349887481745082 4.9783837156355721 2.8455613221012754 14.338455553057427 51.173526357859373 98.602431333423738 1.0208768155134746
leaf_count=150 129 82 65 110 90 86 127 51 82 94 67 71 81 322 172 83 475 1587 4006 75
internal_value=0 0.0153359 0.000901477 -0.000545725 -0.0117631 0.000475645 0.0292724 -0.00259556 0.00870443 0.0369041 -0.0233886 -0.0215345 -0.000421747 -0.0120832 -0.0260153 0.0224298 0.000916653 0.00782879 -0.00236809 0.00643345
internal_weight=219.452 7.50649 5.32126 211.946 18.2897 193.656 6.09936 14.8057 9.3631 4.97115 5.4426 4.39194 187.557 19.8767 14.3134 5.56328 167.68 54.739 112.941 2.57536
internal_count=8005 276 194 7729 640 7089 213 530 298 145 232 153 6876 658 494 164 6218 1737 4481 165
is_linear=0
shrinkage=0.0540709


Tree=211
num_leaves=24
num_cat=0
split_feature=99 76 43 38 43 51 60 62 92 73 20 68 65 67 119 31 95 44 39 58 93 36 69
split_gain=0.633883 1.21593 1.28167 1.89553 1.62843 3.7305 2.15078 0.825787 1.65134 1.53652 2.64464 4.79703 2.6387 2.69557 1.96011 2.97978 2.43206 1.80755 2.60854 1.60685 1.53603 1.69437 0.0963675
threshold=1.0000000180025095e-35 1035.5000000000002 4671.0000000000009 842338.42000000004 1457.5000000000002 1825.5000000000002 365.50000000000006 27.500000000000004 26.500000000000004 8.5000000000000018 17.500000000000004 426.50000000000006 4245.8541065993859 21.550055617352619 0.48333333333333339 1.0000000180025095e-35 2239.5000000000005 15.903085177733066 5187.6692361111127 673.50000000000011 1.0000000180025095e-35 86.500000000000014 21.500000000000004
decision_type=2 2 2 2 2 2 2 2 2 2 2 2 2 2 2 2 2 2 2 2 2 2 2
left_child=7 2 3 4 6 -6 -2 9 20 12 17 -12 14 -14 15 -1 -16 -11 -19 -15 -9 -22 -5
right_child=1 -3 -4 22 5 -7 -8 8 -10 10 11 -13 13 19 16 -17 -18 18 -20 -21 21 -23 -24
leaf_value=-0.045721369717321478 0.0038477014794259931 -0.053955885870382532 0.039798028141068871 -0.0061567528280489581 0.088831569119886794 0.00082239094549578712 -0.025257360946689188 -0.016464654122158529 0.0291710501098526 0.0080039734177363465 0.048304527846568898 -0.01667986769189788 0.049416881112772926 -0.0162408987776432 0.0099605909439636226 0.0066454347557832862 -0.024336773162228872 -0.038905141470030671 -0.0078284437659255773 0.019998406701044937 0.023415931593941699 -0.0071354799473668865 -0.053848162198836369
leaf_weight=6.6055082210223173 15.466827647811444 1.4922027095526562 1.8442599045556551 0.51964067140943315 1.6809404960658856 9.7375298607221321 13.65907792594953 8.8220017773564923 8.7778747654519957 8.7362738185329345 6.2901917644776386 6.8116695031058043 6.5969181428663459 5.2292729240725739 33.74911026796326 5.7084044893272221 7.291160335938911 12.574245545314623 23.439829484326765 10.487287441152146 12.295736667845633 8.8340037884190661 2.4160128141047608
leaf_count=100 2482 118 90 21 61 925 1746 72 78 69 57 84 107 82 749 164 116 103 170 170 95 73 273
internal_value=0 -0.00557867 -0.00382038 -0.00584239 -0.00261009 0.01444 -0.00954872 0.0015166 0.00847783 -0.000447366 -0.00713107 0.0139579 0.00456508 0.0202062 -0.0018383 -0.0208485 0.00368631 -0.013471 -0.0188857 0.00746993 0.0021649 0.0102937 -0.047933
internal_weight=219.066 46.8165 45.3243 43.48 40.5444 11.4185 29.1259 172.249 38.7296 133.52 57.8522 13.1019 75.6677 22.3135 53.3542 12.3139 41.0403 44.7503 36.0141 15.7166 29.9517 21.1297 2.93565
internal_count=8005 5716 5598 5508 5214 986 4228 2289 318 1971 483 141 1488 359 1129 264 865 342 273 252 240 168 294
is_linear=0
shrinkage=0.0540709


Tree=212
num_leaves=20
num_cat=0
split_feature=32 87 69 24 24 83 56 22 40 59 63 95 0 15 40 91 95 83 78
split_gain=0.638748 1.73639 2.2778 1.38202 3.00078 2.9313 2.3966 1.99112 1.83701 1.80888 1.98625 1.5424 1.86566 1.59221 1.31736 1.24396 0.787188 0.496469 1.19243
threshold=149.50000000000003 4486.0010000000048 86.500000000000014 358.50000000000006 299.50000000000006 456.50000000000006 294426.19800000003 1.0000000180025095e-35 5538.9501712576466 457.50000000000006 80936.367500000008 84.500000000000014 1.5000000000000002 1.5000000000000002 3600.4345349521691 3.5000000000000004 584.50000000000011 350.50000000000006 0.74008914619348898
decision_type=2 2 2 2 2 2 2 2 2 2 2 2 2 2 2 2 2 2 2
left_child=3 2 15 4 7 6 9 11 16 14 -11 12 -1 -13 -5 -2 -9 18 -8
right_child=1 -3 -4 5 -6 -7 17 8 -10 10 -12 13 -14 -15 -16 -17 -18 -19 -20
leaf_value=0 0 -0.037342165319017753 0.027079353017947713 0.0086227597648304202 -0.072996252409883292 -0.035846103413887997 0.055460410858528722 0.017884113995295214 -0.0046677296466405317 -0.051347905236176661 0.0048245441921893799 -0.0016984618674193361 -0.056656078316698728 0.02757557351069646 0.054924082015116303 -0.041370358457951908 0.060557311255866872 0.061796106329732786 0.00015802525962525706
leaf_weight=3.3843937856145194 4.2404987158952299 4.8661316068028091 5.4992809460964054 6.6674422608048278 1.6718478731345374 3.2619505015027235 2.5289006339444295 3.1148018512176332 3.9156184636522084 2.5445598871883686 5.9834168516026693 146.1669727995577 3.2342869919084478 5.6285849064588538 2.7589898461883422 3.6567673007375561 3.2548933238722384 3.1000433312001405 2.5759626605722588
leaf_count=50 79 112 78 300 37 76 52 189 95 85 139 6008 177 63 105 95 129 43 93
internal_value=0 -0.00968129 0 0.000882403 -0.000946371 0.0117229 0.0179395 -0.000187598 0.0228138 0.00638565 -0.0110784 -0.00172795 -0.0272992 -0.000563909 0.022968 -0.0182304 0.0408632 0.0423134 0.0290135
internal_weight=218.055 18.2627 13.3965 199.793 170.371 29.4213 26.1593 168.7 10.2853 17.9544 8.52798 158.414 6.61868 151.796 9.42643 7.89727 6.3697 8.20491 5.10486
internal_count=8005 364 252 7641 6748 893 817 6711 413 629 224 6298 227 6071 405 174 318 188 145
is_linear=0
shrinkage=0.0540709


Tree=213
num_leaves=28
num_cat=0
split_feature=106 87 115 105 105 57 94 86 39 108 69 104 83 92 39 57 41 20 53 106 85 57 108 115 61 16 67
split_gain=0.604186 1.06217 2.08326 1.58297 4.96621 2.38845 3.44779 1.68522 1.93411 0.989407 1.02443 1.77585 1.50578 2.90715 1.66265 1.45612 2.10244 1.72142 1.7206 1.43558 1.15062 1.00121 0.910065 0.861884 0.464062 0.408032 0.211669
threshold=0.95000000000000007 7818.648000000001 258.3739751727116 0.64417786563071811 0.70427900690695 2879.884371212122 5.5000000000000009 -2309.5567045000039 4752.6599029080671 -0.73242598314606733 33.500000000000007 -0.44081047254867411 465.50000000000006 22.500000000000004 7123.518699521459 3029.6177791666673 39542.230500000012 27.500000000000004 0.16190983517816637 1.0000000180025095e-35 -13293.584999999994 2149.6118134796238 -0.13704535982608504 218.03639284115937 0.86496402639900405 39.500000000000007 8.5751879699248139
decision_type=2 2 2 2 2 2 2 2 2 2 2 2 2 2 2 2 2 2 2 2 2 2 2 2 2 2 2
left_child=9 3 -3 7 -5 -6 -7 -2 22 21 15 -12 14 -14 -13 17 18 20 -17 -19 -11 25 -9 -23 26 -1 -25
right_child=1 2 -4 4 5 6 -8 8 -10 10 11 12 13 -15 -16 16 -18 19 -20 -21 -22 23 -24 24 -26 -27 -28
leaf_value=-0.052969130683287867 0.036545585167956716 0.03262827804821343 -0.0041919286413826199 -0.045550021111236114 -0.022950031692706103 -0.0065569812493678926 0.026207560861635948 -0.0095405633485737534 -0.016785651601313671 0.048366305626045804 -0.046060424336499727 -0.0017723910939610116 0.013173980330888941 -0.037660492490543131 0.016100581469527288 -0.040869871679753818 0.020232137351608902 -0.021214624243943235 0.010787977929491689 0.11347792345439837 -0.0094860320193934401 -0.0051116110694030764 0.027318142052862166 0.077533545988151889 0.010498341251658695 0 0.031380783394295744
leaf_weight=0.6640869979164552 6.1559896701946881 9.4205618770793098 7.9879302983172229 7.4801838758867225 9.0337685476988536 20.666249983012676 16.836787266889587 2.223730672150853 7.7170940281357607 1.0552074658917252 2.4351681991975047 44.935635208945314 5.4850530058611167 7.6569132693621214 22.570479256566614 11.251880467229055 2.4704248320704201 0.22481554302794471 2.0064924185571718 0.67894862592220306 13.860770101498929 1.3832547451893331 8.2089495714753848 1.1752882659202444 1.6002035124693064 0.62386035965755582 1.5062952958687672
leaf_count=35 116 71 68 75 89 228 221 49 115 37 114 1936 53 352 740 722 118 261 162 7 1686 101 290 30 95 118 116
internal_value=0 0.00321649 0.0153103 0.000433734 -0.00462433 0.00179694 0.00795608 0.0119782 0.00323496 -0.00252631 -0.00378062 -0.000537227 0.000746902 -0.0158828 0.00409423 -0.0120872 -0.0237413 -3.12829e-05 -0.0324942 0.0718433 -0.00489146 0.0170851 0.018753 0.0274846 0.0397376 -0.0228973 0.0544091
internal_weight=217.316 95.7312 17.4085 78.3228 54.017 46.5368 37.503 24.3058 18.1498 121.585 114.632 83.0832 80.6481 13.142 67.5061 31.5485 15.7288 15.8197 13.2584 0.903764 14.916 6.95299 10.4327 5.66504 4.28179 1.28795 2.68158
internal_count=8005 1322 139 1183 613 538 449 570 454 6683 6188 3195 3081 405 2676 2993 1002 1991 884 268 1723 495 339 342 241 153 146
is_linear=0
shrinkage=0.0540709


Tree=214
num_leaves=13
num_cat=0
split_feature=13 29 27 2 52 9 16 97 39 64 47 70
split_gain=0.591904 1.01048 0.992571 2.79031 0.883966 1.40023 1.07467 0.874599 2.03609 1.3205 0.594505 0.086879
threshold=33.525000000000006 298.50000000000006 1.0000000180025095e-35 3.5000000000000004 0.75169545891948875 109.50000000000001 38.500000000000007 28.401002506265666 4017.5326642156865 1421.2660588235296 98.500000000000014 1808.5000000000002
decision_type=2 2 2 2 2 2 2 2 2 2 2 2
left_child=1 2 3 7 5 -4 -7 9 -9 -1 -6 -5
right_child=-2 -3 4 11 10 6 -8 8 -10 -11 -12 -13
leaf_value=0.016950823391323637 0.017438353342697797 -0.038693069189131006 -0.005287027801753154 -0.056296355239629232 0.013996612616074594 0.0067017018677733011 0.051463708811852707 -0.040234405733593284 0.014784198300803563 -0.00091288756780803109 -0.016092975602752486 0
leaf_weight=13.024394162290262 5.5445494633167973 1.9999514758237626 3.4118693330092373 2.7375014763310896 3.4558801206294438 3.0155854211188853 4.5950325299054384 4.8462367196334517 3.0593882054890855 166.52204369394894 4.1561855921754614 0.2181982887777848
leaf_count=1457 70 53 124 807 82 65 104 474 179 4464 60 66
internal_value=0 -0.000455533 -5.39515e-05 -0.00125473 0.0118177 0.0216572 0.0347053 -0.000392766 -0.0180099 0.000341979 -0.00146148 -0.0533818
internal_weight=216.587 211.042 209.042 190.408 18.6346 11.0225 7.61062 187.452 7.90562 179.546 7.61207 2.9557
internal_count=8005 7935 7882 7447 435 293 169 6574 653 5921 142 873
is_linear=0
shrinkage=0.0540709


Tree=215
num_leaves=17
num_cat=0
split_feature=99 76 81 71 71 85 45 72 45 62 59 81 81 59 105 95
split_gain=0.596923 1.09738 1.38542 1.65982 1.56367 1.56778 0.819812 1.12756 1.11861 1.26318 2.22173 4.36817 2.4555 1.34355 1.98663 0.21601
threshold=1.0000000180025095e-35 1035.5000000000002 24519.216375000007 0.93760521885521897 0.91935615347874555 78102.03075000002 40.166228099026007 0.10315858070454181 36.186831985173789 27.500000000000004 887.50000000000011 3819.0152500000008 3991.2625000000003 1888.5000000000002 0.73866222229601652 361.50000000000006
decision_type=2 2 2 2 2 2 2 2 2 2 2 2 2 2 2 2
left_child=6 2 3 4 5 -2 8 -8 9 10 12 -12 -1 14 -11 -5
right_child=1 -3 -4 15 -6 -7 7 -9 -10 13 11 -13 -14 -15 -16 -17
leaf_value=-0.0018794839415764953 -0.0076000249674748306 -0.053226262567396522 0.037874859164323649 0 0.054893532925684801 0.048394484516622593 0.0360630462440353 0 -0.022392301689562275 -0.013658497738538432 0.023887160096863373 -0.023796027129369287 0.01849547139192723 0.02676886823188341 0.018959327582566937 -0.054275947031252443
leaf_weight=66.41380582092097 37.018328842354094 1.3858689072003461 2.1674233261655891 0.48585233189078225 1.2913009723561106 1.4926450893144636 4.6301655301358533 5.0491032289573923 5.9621491264551869 10.483788826386446 7.0683041950687757 25.392294963239692 23.161536813771818 10.659181457449447 11.204999556008259 2.2685591547196964
leaf_count=1281 5038 118 67 53 122 55 69 62 63 83 126 211 215 89 90 263
internal_value=0 -0.00545522 -0.00380717 -0.00610554 -0.00309589 -0.00523522 0.001481 0.016786 0.000510803 0.00144347 -0.00101941 -0.0131844 0.00330669 0.0109629 0.00285219 -0.0468781
internal_weight=216.135 46.11 44.7241 42.5567 39.8023 38.511 170.025 9.67927 160.346 154.384 122.036 32.4606 89.5753 32.348 21.6888 2.75441
internal_count=8005 5716 5598 5531 5215 5093 2289 131 2158 2095 1833 337 1496 262 173 316
is_linear=0
shrinkage=0.0540709


Tree=216
num_leaves=27
num_cat=0
split_feature=104 42 104 94 87 36 105 20 87 103 20 13 32 87 50 41 68 25 44 41 77 75 108 77 68 72
split_gain=0.610647 2.16978 2.2277 2.08689 2.59653 2.63483 3.91445 3.19403 2.51994 2.34382 2.21356 1.99734 2.35488 2.34107 2.11504 1.98828 1.76533 1.74788 2.24098 2.21435 1.78475 1.7204 1.62425 1.55459 1.54808 1.44633
threshold=-0.036244200612899728 3.3310000000000004 -0.045264301077452961 8.0000000000000018 -13275.992249999998 64.500000000000014 0.46889321708961712 9.5000000000000018 -676.93649999999991 -16.067499999999999 -1.4999999999999998 33.525000000000006 99.500000000000014 -407.86499999999836 58.500000000000007 15357.234000000002 96.500000000000014 80.500000000000014 22.706018518518519 27180.028000000002 903.00000000000011 2891.0425694444452 0.42428181549010441 4.5000000000000009 644.50000000000011 0.13017265981735157
decision_type=2 2 2 2 2 2 2 2 2 2 2 2 2 2 2 2 2 2 2 2 2 2 2 2 2 2
left_child=1 16 17 10 -5 7 -7 8 -6 -8 15 12 13 -12 -14 21 -1 18 25 -20 24 23 -9 -2 -19 -3
right_child=3 2 -4 4 5 6 9 22 -10 -11 11 -13 14 -15 -16 -17 -18 20 19 -21 -22 -23 -24 -25 -26 -27
leaf_value=-0.069821691794577381 0.03266189510667749 0.0087302184949168572 0.054900846814184008 -0.040700331452719035 0.04332239799614851 -0.033002326570730933 0 -0.04977996755107824 -0.0038943360333579874 0.044759776885928061 -0.046882425376905706 0.044359106154826008 0.012217157152929132 -0.01469237434665192 -0.029091702706709199 -0.010084260171967121 0 -0.0024038563636448302 -0.024026559713565911 0.021019830029175065 -0.04469027023271039 0.061086817386565732 0.00392045836589003 -0.027270102140303818 0.020562074525949648 0.050694381108969129
leaf_weight=2.0893982567358753 3.0569943715818244 4.5944805573672074 2.5419865647636462 3.1619274103504713 4.7945048010442397 2.9144150904903681 4.2481186596342075 5.0288585175585458 9.8871856229379791 13.307928692738637 10.140685558741096 1.569029927253722 12.003746625807254 22.197212156443129 5.1869205194088854 7.9593605936970553 2.5189473788341274 59.370016114327882 5.8050993580836785 7.063467176631093 2.608390585264714 2.9207768398337066 2.0862155383802019 2.0645002003293484 9.9963369229517394 6.4510585083626211
leaf_count=58 168 71 69 85 67 50 122 262 182 221 541 19 544 2017 179 97 98 2436 63 78 75 26 67 24 309 77
internal_value=0 0.0030063 0.00477005 -0.00275491 0.00609795 0.0097756 0.0237476 -0.00300816 0.0110257 0.0335923 -0.00885884 -0.0144084 -0.0164212 -0.0250177 0 0.00840025 -0.0330475 0.00336281 0.0160415 0.000124199 -0.000747446 0.0276108 -0.0329995 0.00705912 0.000799737 0.0339132
internal_weight=215.568 103.039 98.4308 112.528 45.4292 42.2672 20.4705 21.7968 14.6817 17.556 67.0992 51.0976 49.5286 32.3379 17.1907 16.0016 4.60835 95.8888 23.9141 12.8686 71.9747 8.04227 7.11507 5.12149 69.3664 11.0455
internal_count=8005 3334 3178 4671 1056 971 393 578 249 343 3615 3300 3281 2558 723 315 156 3109 289 141 2820 218 329 192 2745 148
is_linear=0
shrinkage=0.0540709


Tree=217
num_leaves=13
num_cat=0
split_feature=87 41 65 104 70 70 46 46 68 82 95 42
split_gain=0.592032 0.810849 1.21259 1.97955 1.16938 1.79595 0.829269 1.81525 1.16695 1.3087 1.19469 0.827526
threshold=-37621.614999999998 44673.408500000012 6680.9877288688149 0.061882156672387369 2751.0000000000005 1609.0000000000002 4244.0000000000009 3579.0000000000005 969.50000000000011 395.50000000000006 1388.5000000000002 248.99950000000004
decision_type=2 2 2 2 2 2 2 2 2 2 2 2
left_child=-1 6 -3 4 5 -4 7 8 9 -2 -10 -5
right_child=1 2 3 11 -6 -7 -8 -9 10 -11 -12 -13
leaf_value=0.025289782161915676 0.00049163932217660689 -0.044811346727760139 0.016317226082162895 -0.0058508267998417319 0.035909545292779475 -0.042276963413938363 0.024347077473235678 -0.036683608956211304 0.033346231401007898 -0.036169151486258926 -0.0061733157026689685 -0.054597326695311303
leaf_weight=2.6692456993623628 174.30561222943652 2.7482939788387766 4.2853196680662204 2.3049743716110234 3.1656621674774215 2.3359132222030894 4.2207028547600194 3.8370872754749135 6.2295292146591219 2.890970183274475 3.048472457085154 2.5901790460411576
leaf_count=46 6946 86 110 75 64 89 121 108 137 53 96 74
internal_value=0 -0.000324615 -0.0115192 -0.00477831 0.0086697 -0.00324544 0.000640559 7.56901e-05 0.000872141 -6.52072e-05 0.0195664 -0.0331661
internal_weight=214.632 211.963 17.4303 14.682 9.7869 6.62123 194.532 190.312 186.475 177.197 9.278 4.89515
internal_count=8005 7959 498 412 263 199 7461 7340 7232 6999 233 149
is_linear=0
shrinkage=0.0540709


Tree=218
num_leaves=22
num_cat=0
split_feature=104 57 63 46 46 63 79 67 91 72 20 45 60 84 104 54 82 56 57 97 20
split_gain=0.589801 2.10749 0.934539 2.27324 2.38255 2.20114 2.46057 1.9128 1.36601 1.42646 1.51364 1.2621 2.33201 2.23652 1.30885 1.48173 1.41749 0.725692 0.587085 0.437814 0.104374
threshold=-0.82571809860723044 5933.2190035714293 12050.337000000001 119.50000000000001 173.50000000000003 17568.611500000003 1.5000000000000002 10.466063348416291 15.500000000000002 0.351330529296631 1.0000000180025095e-35 10.174433914670194 231.50000000000003 0.67360080778107501 -0.55837030034762936 4.5000000000000009 11.500000000000002 6503.8110000000006 1803.3215450000002 42.500000000000007 5.5000000000000009
decision_type=2 2 2 2 2 2 2 2 2 2 2 2 2 2 2 2 2 2 2 2 2
left_child=1 18 3 8 -5 6 -4 -6 9 10 -2 12 -7 -14 16 -16 -13 -11 19 -1 -20
right_child=2 -3 5 4 7 11 -8 -9 -10 17 -12 14 13 -15 15 -17 -18 -19 20 -21 -22
leaf_value=0.037507397028344498 0.031361076233665894 -0.023743702455539379 0 -0.078660000681710265 -0.043249452090641537 0.037879769332531836 0.070698021508080425 0.033666089521604312 -0.058285313594515525 -0.054111161823851291 -0.0034567886224414171 0.0017669239967895568 -0.049347292859834149 -0.00088280540428383868 8.7121550555827295e-05 0.01789165143547241 -0.057509297422559474 0 0.055919859834137803 -0.020367912449220406 0.024620800352350009
leaf_weight=0.65523414788185419 5.9692340025212713 2.6544161538477056 2.8844659350870634 2.587696501199388 2.1676518814419983 1.9033330022648431 2.742186561357812 1.5990037577576002 1.1352104488760222 1.663490954000735 8.5824545427021786 1.9560708330245677 5.8109832417394482 5.9570528338517761 142.17948945541502 15.221469979063839 2.2922067912149942 1.5307052929420022 2.3408498126373161 0.85399512649746612 1.6728498976444823
leaf_count=46 288 112 124 85 103 72 95 77 45 94 1463 88 200 336 3825 484 77 81 131 104 75
internal_value=0 0.0142311 -0.000573541 -0.0103411 -0.0383319 0.000747935 0.034042 -0.00863587 -0.000526212 0.00275888 0.0103205 -0.000278837 -0.0160854 -0.0254469 0.00101247 0.00185609 -0.0284903 -0.0293606 0.0338224 0 0.0447358
internal_weight=214.36 8.17735 206.183 25.2354 6.35435 180.947 5.62665 3.76666 18.8811 17.7459 14.5517 175.321 13.6714 11.768 161.649 157.401 4.24828 3.1942 5.52293 1.50923 4.0137
internal_count=8005 468 7537 2236 265 5301 219 180 1971 1926 1751 5082 608 536 4474 4309 165 175 356 150 206
is_linear=0
shrinkage=0.0540709


Tree=219
num_leaves=27
num_cat=0
split_feature=99 16 5 16 86 17 69 38 5 53 69 57 61 84 86 35 97 63 72 66 49 96 68 17 53 84
split_gain=0.6043 1.1162 2.16353 1.58582 1.4551 1.41349 1.40766 2.21861 2.00547 1.36601 2.13931 1.19731 2.19585 0.771544 1.88744 1.19625 1.82183 2.25463 1.68004 2.43645 1.62123 1.60268 1.45405 0.601375 0.139824 0.0574596
threshold=1.0000000180025095e-35 39.500000000000007 297.50000000000006 37.500000000000007 -13711.578181499999 27.500000000000004 146.50000000000003 320632.44900000008 299.50000000000006 0.15439174262661695 131.50000000000003 2594.2227414285721 0.88709897340710975 0.93119877049180333 6940.2971874999994 149.50000000000003 7.2557540364136051 16393.976000000006 0.066731203614069021 71.500000000000014 24.500000000000004 346.85668370348475 4.5000000000000009 76.500000000000014 0.019879131892085556 0.82862137862137875
decision_type=2 2 2 2 2 2 2 2 2 2 2 2 2 2 2 2 2 2 2 2 2 2 2 2 2 2
left_child=13 3 11 5 -4 9 7 -6 -8 10 -2 12 23 15 -15 16 18 22 19 -1 -19 -20 -18 -3 -5 -11
right_child=1 2 4 24 6 -7 8 -9 -10 25 -12 -13 -14 14 -16 -17 17 20 21 -21 -22 -23 -24 -25 -26 -27
leaf_value=0.0061927259307848663 -0.026986532066425612 -0.032807535332136192 -0.048846060948455512 -0.0040905935453462551 0.0034960860207577807 0.0097773610402374315 0.039035218600219738 0.044863406108292259 -0.052036091531225653 -0.053695295918591519 0.052514158602446827 -0.054404251138618305 0.097316771365727653 0.033146623590074552 -0.0084611899276444795 -0.024718853689710989 0.016832880017052174 0.032164050543253782 -0.0021630866878008573 -0.035981224378065287 0.007883451287427852 0.023850299144431684 -0.019638957561046826 0.048737567459200652 -0.053755975056854165 -0.0072737196850942328
leaf_weight=6.3548575968015966 3.430847160714622 2.6270212625531748 1.1161843661102491 0.52853650506585781 10.330175379604048 6.9246215102029955 1.0021733715548173 6.4188287653596481 2.0143974915990839 2.9163676184471119 1.372168564055755 2.6487407224412891 0.50918417802313332 7.0358356647193414 5.4173795525275636 5.3206398541806257 4.4734161803498855 13.269673981994854 75.569132736709435 9.7387328875483927 23.345975668984465 7.6160308792022979 10.133803959703071 0.22481067478656758 3.0457623370748479 0.47663845799979743
leaf_count=304 466 1187 196 36 1119 90 10 304 265 424 61 1147 12 96 57 89 200 191 704 111 296 81 160 1 346 52
internal_value=0 -0.00553135 0.00127099 -0.0157104 0.00976032 -0.0074683 0.0134488 0.0197945 -0.0193254 -0.022939 -0.00272242 -0.0269898 -0.00316629 0.00148671 0.0144547 0.000402699 0.00134027 0.0096556 -0.0028757 -0.0188703 0.0168861 0.000130283 -0.0079628 -0.0237573 -0.0484855 -0.04936
internal_weight=213.862 45.5865 26.8915 18.6949 20.8818 15.1206 19.7656 16.749 3.01657 8.19602 4.80302 6.00976 3.36102 168.275 12.4532 155.822 150.502 51.2229 99.2788 16.0936 36.6156 83.1852 14.6072 2.85183 3.5743 3.39301
internal_count=8005 5716 4241 1475 1894 1093 1698 1423 275 1003 527 2347 1200 2289 153 2136 2047 847 1200 415 487 785 360 1188 382 476
is_linear=0
shrinkage=0.0540709


Tree=220
num_leaves=21
num_cat=0
split_feature=92 65 92 20 47 40 53 105 44 38 84 20 17 58 92 5 104 63 47 83
split_gain=0.588214 1.09295 0.770764 2.17356 1.58442 1.69868 2.56873 1.35671 1.19185 2.08611 2.56323 2.02511 2.94934 2.28904 1.38524 1.08393 0.890133 0.851704 0.633201 0.0249859
threshold=47.500000000000007 3212.0834741738495 32.500000000000007 20.500000000000004 343.50000000000006 4672.7788804285728 0.23660154749243678 1.3503255667508227 31.668949771689501 676016.20300000021 0.59073013600572666 19.500000000000004 10.500000000000002 1134.5000000000002 23.500000000000004 402.50000000000006 -0.042513797972113389 76026.75400000003 136.50000000000003 65.500000000000014
decision_type=2 2 2 2 2 2 2 2 2 2 2 2 2 2 2 2 2 2 2 2
left_child=2 -2 7 4 5 6 -4 8 11 10 -10 13 -13 -1 -11 -5 -7 18 -9 -17
right_child=1 -3 3 15 -6 16 -8 17 9 14 -12 12 -14 -15 -16 19 -18 -19 -20 -21
leaf_value=-0.0043717309590954132 0.0038609228541995055 -0.053487560136564249 0.037059126631016397 0.0045660809375749111 0.042176490762548396 0.005026538084876425 -0.023572639619400679 0.012005905566275628 -0.0026507118651732508 0.0087437217632232254 0.03341267539029525 0 0.049226389565635825 -0.027231069053033297 -0.015794280300038693 -0.017114571842262595 -0.032159743212968842 -0.0019126013729314302 0.060681029086807087 -0.056792233439998702
leaf_weight=89.502362748971791 1.7712107726256356 1.6976161887432679 7.9033807916566818 1.5509722402493924 5.2060499274230088 3.4457550878287293 2.5966795622371137 2.0037980503111603 9.8197997844763467 11.818762314273046 12.8243245115882 18.213115133105024 4.482365659903734 15.242744827883142 14.980468754238244 0.67749880775227245 3.5142992168548508 1.9025717145559609 2.0619671911044861 1.8359377802989909
leaf_count=3470 78 82 220 31 109 97 76 91 271 153 271 1606 101 347 520 121 101 72 66 122
internal_value=0 -0.0220914 0.000350747 0.00895141 0.0156879 0.00736228 0.0213593 -0.000866226 -0.0017609 0.00529593 0.0174484 -0.00455679 0.00994353 -0.00776933 -0.00469713 -0.0267868 -0.0126923 0.0244024 0.0385278 -0.0490592
internal_weight=213.052 3.46883 209.583 26.7306 22.6662 17.4601 10.5001 182.852 176.884 49.4434 22.6441 127.441 22.6955 104.745 26.7992 4.06441 6.96005 5.96834 4.06577 2.51344
internal_count=8005 160 7845 877 603 494 296 6968 6739 1215 542 5524 1707 3817 673 274 198 229 157 243
is_linear=0
shrinkage=0.0540709


Tree=221
num_leaves=25
num_cat=0
split_feature=107 47 45 84 49 49 49 108 54 103 84 73 94 42 60 95 47 51 105 52 61 49 46 105
split_gain=0.613427 1.27507 2.00509 2.80558 1.89265 1.86163 2.67099 2.84841 1.82625 1.21955 1.21187 1.28984 2.14163 3.13195 2.04151 2.08105 2.42927 1.82011 1.7717 1.5386 0.863347 0.697443 0.119661 0.100683
threshold=1.0000000180025095e-35 1077.5000000000002 30.015587094581232 0.555815160955348 155.50000000000003 123.50000000000001 66.500000000000014 -0.23464285714285718 1.0000000180025095e-35 0.90700000000000192 0.93119877049180333 8.5000000000000018 8.0000000000000018 425.13600000000002 729.50000000000011 1108.5000000000002 114.50000000000001 760.50000000000011 0.70677265332376071 0.6305956129678667 0.66685226429101718 58.500000000000007 932.50000000000011 0.65002782573997053
decision_type=2 2 2 2 2 2 2 2 2 2 2 2 2 2 2 2 2 2 2 2 2 2 2 2
left_child=10 4 23 -4 5 6 8 -8 -2 -6 11 14 13 19 15 16 -1 -17 -16 -13 -7 -14 -20 -3
right_child=1 2 3 -5 9 20 7 -9 -10 -11 -12 12 21 -15 18 17 -18 -19 22 -21 -22 -23 -24 -25
leaf_value=0.026199728718135272 0.00797788883816976 0.025212641327548149 -0.043233186965287621 0.028997319420776772 -0.0021983912743585056 0.0030458479908168656 0.021347520285991465 -0.032770168732945304 -0.0078427047270783253 -0.064591398674350584 0.028395831918639699 -0.0055152445255406699 -0.00081669851656709772 0.015404380178300871 0 -0.0017865664405152849 -0.015702912217134331 -0.047099691082793535 0.060599225087867227 -0.040919139358427156 0.050744921598174994 0.020966702719350222 0.034906962642440066 0.051974494215379571
leaf_weight=13.366205224185252 40.625570387928747 2.3806343218457169 2.9970223675481975 3.2387463992599805 1.867695923836435 2.5393698275147463 3.3087655995841514 15.478930879740799 44.842157085091458 2.4616118859266862 5.383041485969442 6.2189388261176708 7.8811225309036663 6.4747258219576898 3.4675632427679357 10.555857021827249 5.5642570366617283 3.606995382520835 2.6232392641832121 10.602949157590045 2.6265763407136546 8.0649493988603336 3.8672694564447738 2.5789281441830099
leaf_count=452 1717 66 69 86 58 66 134 568 3432 88 95 69 65 53 79 282 89 58 55 114 69 69 104 68
internal_value=0 -0.00244592 0.0148187 -0.00453603 -0.00421033 -0.00274991 -0.00438169 -0.0228446 -0.000236176 -0.0393956 0.00345388 0.00173185 -0.0052437 -0.0158159 0.0082619 0.00156552 0.0134924 -0.0138542 0.0297685 -0.0282723 0.0287393 0.00973846 0.0464461 0.0406349
internal_weight=212.623 124.946 11.1953 6.23577 113.751 109.421 104.255 18.7877 85.4677 4.32931 87.6771 82.2941 39.2427 23.2966 43.0514 33.0933 18.9305 14.1629 9.95807 16.8219 5.16595 15.9461 6.49051 4.95956
internal_count=8005 6421 289 155 6132 5986 5851 702 5149 146 1584 1489 370 236 1119 881 541 340 238 183 135 134 159 134
is_linear=0
shrinkage=0.0540709


Tree=222
num_leaves=22
num_cat=0
split_feature=17 84 115 52 61 105 105 98 73 65 65 65 49 95 86 86 42 103 86 46 53
split_gain=0.594682 1.68736 1.26696 4.17214 1.63685 1.63097 4.39475 1.4916 1.23599 1.04897 1.82662 1.60574 1.43417 1.43555 1.40616 1.93787 1.49907 1.06047 0.985211 1.31172 0.682127
threshold=31.500000000000004 0.93271386685063817 203.0535289156627 0.57492265406115983 0.37721767851525639 0.64417786563071811 0.70677265332376071 0.71101000389845992 7.5000000000000009 9545.8299241655532 10406.041904387666 8759.647781917809 124.50000000000001 232.50000000000003 57961.485439000026 37092.192014499997 838.76500000000021 70.591500000000011 -2309.5567045000039 838.50000000000011 0.060395895394651455
decision_type=2 2 2 2 2 2 2 2 2 2 2 2 2 2 2 2 2 2 2 2 2
left_child=9 2 3 4 7 18 -7 -2 -8 11 -11 14 13 -12 15 16 -1 -15 -4 -20 -13
right_child=1 -3 5 -5 -6 6 8 -9 -10 10 12 20 -14 17 -16 -17 -18 -19 19 -21 -22
leaf_value=0.00027927009870446726 0 0.035469854177348013 0.032128995997018801 0.058875781566671517 -0.012108498412646813 -0.05156985936433086 0.011957024683316386 0.05096123865515767 -0.0092446627189113201 -0.05577756114836277 0.048884230166905872 0.057159377948465387 -0.046686861410551825 -0.030646225073376773 0.047012467251161864 -0.042919380968401741 -0.02643891877177507 0.010636300866892618 0.026443456926043066 -0.013435382678934238 0.0068385621371919387
leaf_weight=101.76392861144268 3.4183511097217041 4.6106351139023891 4.9639071437995872 4.5295499661006025 10.919143558014182 5.9060360928997389 13.120187381980939 2.9032803357113153 20.559270818252116 2.7929503817431387 1.658976646445806 1.9167871924582862 2.0427480028629352 3.150145969739242 1.6830134015835927 3.3866148206434437 6.5012460543875923 3.9705799641087651 3.9796235035173577 5.9875131903681904 1.9924191346071891
leaf_count=5630 177 75 90 67 127 56 237 54 149 99 38 43 63 190 31 115 357 124 123 62 98
internal_value=0 0.00363409 0.00161215 0.0126986 0.000132265 -0.00267981 -0.00853459 0.022441 -0.000765639 -0.00226313 -0.0164878 -0.00054793 -0.00565626 0.00305774 -0.0017854 -0.00258806 -0.00125737 -0.00659282 0.0123466 0.00174811 0.0334199
internal_weight=211.757 80.8975 76.2869 21.7703 17.2408 54.5165 39.5855 6.32163 33.6795 130.859 13.6154 117.244 10.8225 8.7797 113.335 111.652 108.265 7.12073 14.931 9.96714 3.90921
internal_count=8005 1217 1142 425 358 717 442 231 386 6788 514 6274 415 352 6133 6102 5987 314 275 185 141
is_linear=0
shrinkage=0.0540709


Tree=223
num_leaves=17
num_cat=0
split_feature=25 87 44 44 95 73 93 17 20 69 58 44 95 54 108 109
split_gain=0.589674 1.64769 2.62351 2.68444 1.51917 2.16165 1.45987 1.33055 1.35329 1.07344 2.01964 2.02849 1.74421 2.05807 1.37723 1.16865
threshold=74.750000000000014 203.46850000000271 28.084876543209877 19.355049435028253 438.50000000000006 3.5000000000000004 1.0000000180025095e-35 52.500000000000007 -20.499999999999996 43.500000000000007 264.50000000000006 12.827018943170492 1788.5000000000002 28.500000000000004 -0.78018869617224873 1.5704895882651051
decision_type=2 2 2 2 2 2 2 2 2 2 2 2 2 2 2 2
left_child=1 2 3 4 -1 -6 -3 8 -2 12 15 -12 14 -14 -10 -11
right_child=7 6 -4 -5 5 -7 -8 -9 9 10 11 -13 13 -15 -16 -17
leaf_value=-0.038064686985810919 0.041662973356531983 0 -0.027061787034588395 0.041203490346369213 -0.024072996062430296 0.032474937489335449 0.027423488418731334 -0.024789129901289592 0.0096999424698082353 0.0024623596066880313 -0.040391767677271172 0.0021712550478082565 0 0.058419256996598702 -0.017147437023520545 0.064869488133922334
leaf_weight=3.1075305752456241 2.1841883526649317 10.004014167934658 9.3408030506689084 5.1448570331558576 3.531606012955308 4.3286499623209238 13.278607551939784 6.919542910065501 6.2679947682772754 1.8264409523981147 3.3914292018016559 89.058206296507706 13.071749227965482 2.0680836864630683 35.124288911014446 2.3221543836116325
leaf_count=57 119 71 91 81 118 41 111 124 369 85 215 2789 654 151 2853 76
internal_value=0 0.00521131 -0.00406815 0.00880488 -0.0057243 0.0061283 0.0156728 -0.00157097 -0.000488637 -0.00113872 0.00226677 0.000529011 -0.00708839 0.00832048 -0.0129031 0.0391908
internal_weight=210.97 48.7361 25.4534 16.1126 10.9678 7.86026 23.2826 162.234 155.315 153.13 96.5982 92.4496 56.5321 15.1398 41.3923 4.1486
internal_count=8005 570 388 297 216 159 182 7435 7311 7192 3165 3004 4027 805 3222 161
is_linear=0
shrinkage=0.0540709


Tree=224
num_leaves=18
num_cat=0
split_feature=99 76 103 59 74 96 103 59 59 56 80 82 69 20 109 67 47
split_gain=0.607505 0.987829 1.0954 1.30736 2.00375 1.56563 1.11012 0.78615 1.52742 1.34085 1.20764 2.42971 1.76318 1.60923 1.44707 1.17305 0.0544391
threshold=1.0000000180025095e-35 1035.5000000000002 170.54600000000002 2007.0000000000002 148802.63300000003 293.44899928774936 -137.76649999999998 2007.0000000000002 2373.5000000000005 468248.29800000013 42517.05750000001 110.50000000000001 91.500000000000014 11.500000000000002 1.1753271819037974 50.769696969696973 114.50000000000001
decision_type=2 2 2 2 2 2 2 2 2 2 2 2 2 2 2 2 2
left_child=7 2 3 4 5 -2 -5 9 -9 10 11 12 -1 -13 -12 -10 -8
right_child=1 -3 -4 6 -6 -7 16 8 15 -11 14 13 -14 -15 -16 -17 -18
leaf_value=-0.00056833075564807322 -0.00021056885171238376 -0.052915955639844831 0.031263048178524752 0.011089157820423565 0.06687276434220199 -0.032322277413800296 -0.010499903922152352 0.032444751865464874 -0.014906313542819081 -0.022106349636681746 0.023740353100232731 -0.029637452969753855 0.019214505679762163 0 -0.0023352671362655156 0.014894327455290087 -0.054773571287107449
leaf_weight=73.750065882049967 30.304273776091577 1.2768917698231224 2.3604039762867606 0.93735427978390351 1.1539439252446744 5.2992763174988786 0.53630804033309631 6.7653264383552623 6.9310466122115022 7.5654630289645857 13.848544856009541 12.747643142705785 15.871904679806901 9.366814561391946 10.439826561021617 8.600967495061921 2.7892699854746752
leaf_count=1427 4294 118 107 60 43 760 37 61 76 67 102 95 171 101 98 91 297
internal_value=0 -0.0055927 -0.00402681 -0.00623919 -0.0027319 -0.00519938 -0.0347313 0.00151202 0.010958 0 0.00127741 -0.00103717 0.00285309 -0.0171359 0.0122288 0.00111998 -0.0498663
internal_weight=210.545 44.6577 43.3808 41.0204 36.7575 35.6036 4.26293 165.888 22.2973 143.59 136.025 111.736 89.622 22.1145 24.2884 15.532 3.32558
internal_count=8005 5716 5598 5491 5097 5054 394 2289 228 2061 1994 1794 1598 196 200 167 334
is_linear=0
shrinkage=0.0540709


Tree=225
num_leaves=27
num_cat=0
split_feature=104 42 104 94 106 29 87 36 105 17 61 16 103 5 86 25 67 77 70 68 104 69 48 72 65 54
split_gain=0.577364 1.88357 1.98121 1.7315 2.29321 3.18568 2.28463 2.40001 3.44494 3.04872 2.52608 2.35407 1.95264 2.63893 1.76894 1.57398 1.96366 1.51024 1.47953 1.3304 1.25106 1.2057 1.19761 1.1217 1.12041 1.06467
threshold=-0.036244200612899728 3.3310000000000004 -0.045264301077452961 8.0000000000000018 1.7500000000000002 1.0000000180025095e-35 -13275.992249999998 64.500000000000014 0.46889321708961712 21.500000000000004 0.60874880408206666 28.500000000000004 -19.1495 299.50000000000006 20782.11080250001 80.500000000000014 17.298148148148154 903.00000000000011 175.50000000000003 644.50000000000011 0.68231854431780381 84.500000000000014 53.500000000000007 0.13017265981735157 3573.8628769609782 9.5000000000000018
decision_type=2 2 2 2 2 2 2 2 2 2 2 2 2 2 2 2 2 2 2 2 2 2 2 2 2 2
left_child=1 18 15 4 5 20 -5 9 -9 14 -11 -10 24 -14 -8 16 23 19 -1 -17 25 -18 -6 -3 -7 -2
right_child=3 2 -4 6 22 12 7 8 11 10 -12 -13 13 -15 -16 17 21 -19 -20 -21 -22 -23 -24 -25 -26 -27
leaf_value=-0.063675090166202347 0.035364546726644179 0.010990984677717178 0.052386636385162139 -0.039307331821793294 -0.0078266860549591252 -0.024883595010588962 -0.042248634560403391 -0.031889151476977524 0.066996407990566179 0.043899714984722206 -0.0051029933130649179 0.019306113337145065 0.012751733387266833 -0.028047285501175929 0.015494236141800365 -0.0022408862873085304 -0.01450494249674622 -0.04253508664671727 0 0.019294444281987694 -0.0077268670931516844 0.017662038492067336 -0.044040328407244179 0.051038747982037863 0.019807077871995139 0
leaf_weight=2.1331049522414096 8.6767772196326423 4.1905521405860799 2.4920767418225287 3.0399619887466534 5.1680472898296994 2.0227804426976927 6.6060228200803994 2.7945293361844987 4.3174338841854505 4.815264903707428 7.9137865810189396 12.834582020885135 5.5899550648464382 22.05140413792833 1.8086899717600315 58.181026933896646 6.491780552081762 2.4337910313843159 2.3544690565904602 9.7626965218150854 4.2642437350004903 7.0415359968319535 7.1438277261331677 5.3910780185833573 7.0017555350823386 3.5886962383519849
leaf_count=66 112 70 69 85 117 143 288 50 41 100 152 302 1429 1244 38 2436 90 75 90 309 36 60 48 69 375 111
internal_value=0 0.00295773 0.00462592 -0.00271646 -0.00833855 -0.00331396 0.00546155 0.00895544 0.0224597 -0.0034356 0.012858 0.0317483 -0.0123133 -0.0195287 -0.0289582 0.0032726 0.0155275 -0.000647745 -0.0310618 0.000745218 0.0162 0.00168598 -0.0294435 0.0343014 0.00896761 0.0251209
internal_weight=210.11 100.472 95.9845 109.638 65.5075 53.1956 44.1303 41.0903 19.9465 21.1438 12.7291 17.152 36.6659 27.6414 8.41471 93.4925 23.1149 70.3775 4.48757 67.9437 16.5297 13.5333 12.3119 9.58163 9.02454 12.2655
internal_count=8005 3334 3178 4671 3615 3450 1056 971 393 578 252 343 3191 2673 326 3109 289 2820 156 2745 259 150 165 139 518 223
is_linear=0
shrinkage=0.0540709


Tree=226
num_leaves=12
num_cat=0
split_feature=50 29 27 2 50 98 69 97 29 97 97
split_gain=0.589332 1.00569 1.32707 1.77365 1.22938 1.6482 1.17351 1.06747 0.968684 0.912387 1.20639
threshold=306.50000000000006 298.50000000000006 1.0000000180025095e-35 3.5000000000000004 156.50000000000003 0.69827921243568714 471.50000000000006 21.353383458646622 1.0000000180025095e-35 10.672779922779926 7.2034482758620699
decision_type=2 2 2 2 2 2 2 2 2 2 2
left_child=1 2 3 4 6 -6 -1 9 -5 10 -4
right_child=-2 -3 7 8 5 -7 -8 -9 -10 -11 -12
leaf_value=-0.00028675576761206628 0.018873419095306231 -0.039942968901854801 0.0023969265310739086 0.0077896281101497529 -0.037067585325191554 0.0015060334763020646 0.026093570441141266 0.045689026772136092 -0.055285117485657329 -0.011325937443800194 0.040851785946473256
leaf_weight=163.22155208166805 4.7235000702785319 1.8654404657136172 7.324589538737202 0.70326355099677984 6.1481707333441573 6.1064945719990646 5.070457453664857 2.7002941491082302 2.7081516927028133 4.6930055448319754 3.9006120578851551
leaf_count=6159 87 52 182 6 153 148 81 87 869 106 75
internal_value=0 -0.000440651 -3.99814e-05 -0.00146866 -0.000696928 -0.0172465 0.000464463 0.0136775 -0.0401203 0.00777746 0.0164231
internal_weight=209.166 204.442 202.577 183.958 180.547 12.2547 168.292 18.6185 3.41142 15.9182 11.2252
internal_count=8005 7918 7866 7416 6541 301 6240 450 875 363 257
is_linear=0
shrinkage=0.0540709


Tree=227
num_leaves=18
num_cat=0
split_feature=99 76 76 51 51 92 85 62 92 36 93 36 85 103 32 46 49
split_gain=0.554077 0.928932 1.07818 1.27259 1.64451 1.21737 1.15921 0.706845 1.32336 1.27803 1.25791 1.32415 1.25553 1.7735 1.10924 0.638354 0.104736
threshold=1.0000000180025095e-35 1035.5000000000002 871.50000000000011 3939.0000000000005 3794.5000000000005 18.500000000000004 78102.03075000002 27.500000000000004 26.500000000000004 77.500000000000014 1.0000000180025095e-35 86.500000000000014 35254.455500000011 -104.4285 165.00000000000003 1859.5000000000002 25.500000000000004
decision_type=2 2 2 2 2 2 2 2 2 2 2 2 2 2 2 2 2
left_child=7 2 3 4 6 -5 -2 9 10 12 -9 -12 13 15 -15 -1 -7
right_child=1 -3 -4 5 -6 16 -8 8 -10 -11 11 -13 -14 14 -16 -17 -18
leaf_value=0.049463127266906146 -0.0063298347611079669 -0.052642537099071983 0.043565267433202284 0.027448707214636468 0.066148220338149169 -0.0031028165819747869 0.046733502103592221 -0.014866958646651917 0.02718505453435003 -0.017199124087384502 0.021597343364089378 -0.0059126518565861905 -0.017585261023388834 0.0031265534759905875 -0.016107592690128722 0.010755619838788477 -0.054363369263913171
leaf_weight=3.0675801780307657 35.636813252422144 1.2057531889622612 1.3205349739291694 0.60513717337744255 0.98302211132249695 0.45196027943166006 1.2184406054584531 8.4856540469918418 8.264059850946067 12.063710873073431 11.846032835805092 8.4135087049216946 9.3632600405253452 90.309694772207877 9.6459415076533315 3.1219331570900977 2.7738947383222694
leaf_count=79 5054 118 45 9 33 27 51 72 78 113 95 73 85 1488 146 60 379
internal_value=0 -0.00537596 -0.00387574 -0.00555875 -0.00234126 -0.03539 -0.00437237 0.00144274 0.00803182 -0.00041095 0.00226665 0.00980862 0.00127871 0.00301269 0.00119616 0.0311438 -0.0494781
internal_weight=208.777 44.1956 42.9898 41.6693 37.8383 3.83099 36.8553 164.581 37.0093 127.572 28.7452 20.2595 115.508 106.145 99.9556 6.18951 3.22586
internal_count=8005 5716 5598 5553 5138 415 5105 2289 318 1971 240 168 1858 1773 1634 139 406
is_linear=0
shrinkage=0.0540709


Tree=228
num_leaves=27
num_cat=0
split_feature=107 16 42 81 91 103 95 68 80 65 20 106 46 60 70 20 72 84 86 81 80 77 105 93 59 86
split_gain=0.547574 1.19355 1.60162 2.06025 2.0173 1.58543 1.50762 2.28689 1.95433 1.71269 1.19913 3.15504 2.22224 2.88468 1.9229 1.90416 1.5346 1.03488 1.21362 0.995339 1.04346 2.65403 1.18113 0.970386 0.371151 0.319454
threshold=1.0000000180025095e-35 35.500000000000007 80.888500000000008 2272.8601250000006 8.5000000000000018 15.456499999999982 173.50000000000003 261.50000000000006 35405.084000000003 917.89534046800372 21.500000000000004 0.20833333333333337 2155.5000000000005 1192.5000000000002 795.00000000000011 26.500000000000004 0.19286127036530842 0.93119877049180333 38210.275363000001 8905.6970714285726 22940.569000000003 372.50000000000006 0.82041116198651254 1.5000000000000002 870.50000000000011 -3973.5866499999979
decision_type=2 2 2 2 2 2 2 2 2 2 2 2 2 2 2 2 2 2 2 2 2 2 2 2 2 2
left_child=17 2 23 -4 24 -6 7 9 -9 -3 12 15 13 -8 -14 -12 -13 18 19 20 22 -22 -1 -2 -5 -11
right_child=1 6 3 4 5 -7 10 8 -10 25 11 16 14 -15 -16 -17 -18 -19 -20 -21 21 -23 -24 -25 -26 -27
leaf_value=-0.0013316646602970555 -0.057462959692443208 0.036396496685230276 0.040279708373261038 -0.065432684643812258 -0.02480146336986894 0.06668925467376037 -0.0041806984225018226 0.064881905159874298 0.0068363765233508391 -0.0059838029632237654 -0.031729712989639489 0.011517575763836937 0.04497456074295296 -0.032781511798863031 0.0011939623172868945 0.010865598914683864 0.061431870716438401 0.026915755815872501 -0.028742600652634443 0.021724641315006486 -0.02938609293823774 0.0098459844550936766 0.015487801930909905 0 -0.021929290984106817 -0.059590558903839429
leaf_weight=29.255151562130777 3.5147112935956093 1.0793486163020118 2.2797618042532104 1.7708148869132858 0.97127895948506227 1.0926682418503331 40.899201151827583 3.576325794623699 3.8353662542940583 0.84155397911672536 5.516897836801947 4.3757920514326525 3.514226354192945 14.161058455916644 20.139324820891488 6.5760233917753794 3.7100837988546118 5.147546718013472 3.603105368645628 7.7034066854976109 9.8394709086278471 9.9593818043940683 20.119782065972686 1.3162445826310429 1.9039310263760851 1.5182537802756992
leaf_count=817 171 95 113 72 75 76 2680 69 118 50 701 107 95 530 566 587 45 95 33 81 86 99 373 75 81 115
internal_value=0 -0.00231919 -0.0179247 -0.00212254 -0.0202637 0.0200762 -0.000424331 0.018624 0.0358525 -0.0163565 -0.00258948 0.00902945 -0.00566213 -0.0116718 0.00801446 -0.00795787 0.0353442 0.00331592 0.00171394 0.0032383 0.00107214 -0.00927906 0.00537279 -0.0426113 -0.0449295 -0.0436257
internal_weight=208.221 122.593 12.8494 8.01845 5.73869 2.06395 109.743 10.8508 7.41169 3.43916 98.8926 20.1788 78.7138 55.0603 23.6536 12.0929 8.08588 85.6278 80.4803 76.8772 69.1738 19.7989 49.3749 4.83096 3.67475 2.35981
internal_count=8005 6421 663 417 304 151 5758 447 187 260 5311 1440 3871 3210 661 1288 152 1584 1489 1456 1375 185 1190 246 153 165
is_linear=0
shrinkage=0.0540709


Tree=229
num_leaves=13
num_cat=0
split_feature=50 49 98 86 29 48 95 91 49 97 49 49
split_gain=0.530661 1.09591 1.73127 1.03902 0.988084 0.864889 3.99312 3.14257 1.36535 2.73219 1.94425 0.743647
threshold=306.50000000000006 162.50000000000003 0.81938476340886712 3386.6365009999868 298.50000000000006 138.50000000000003 1447.5000000000002 4.5000000000000009 68.500000000000014 5.2357439857439863 56.500000000000007 117.50000000000001
decision_type=2 2 2 2 2 2 2 2 2 2 2 2
left_child=1 4 3 -3 5 8 7 -7 10 -10 -1 -8
right_child=-2 2 -4 -5 -6 6 11 -9 9 -11 -12 -13
leaf_value=-0.00080293984900673136 0.01794428284171861 -0.0060910429966552649 0.015845115997346806 -0.054598552240337835 -0.039158559184783677 -0.0027194406411377666 -0.012960492311768393 0.036467975624399691 0.0054248292536469948 -0.036482203570412139 0.02260903651681237 -0.055501209534837344
leaf_weight=132.8415017014413 4.7058895124282563 2.6277187604573538 2.6133648003160488 3.5386444307478087 1.8200406418472983 9.9957434904354212 4.4237010189463026 13.769838927139061 8.9187279251054878 8.7636247962727776 11.215012462263983 2.0987816179840593
leaf_count=6068 87 79 62 98 52 273 128 209 236 291 324 98
internal_value=0 -0.000418513 -0.0191187 -0.0351353 0.000390533 0.00080431 0.00920785 0.0196761 -0.000723785 -0.0149289 0.000968723 -0.0277958
internal_weight=207.333 202.627 8.77973 6.16636 193.847 192.027 30.2881 23.7656 161.739 17.6824 144.057 6.52248
internal_count=8005 7918 239 177 7679 7627 708 482 6919 527 6392 226
is_linear=0
shrinkage=0.0540709


Tree=230
num_leaves=14
num_cat=0
split_feature=98 73 117 17 20 39 17 20 34 81 20 85 62
split_gain=0.517599 0.91281 0.684929 0.873181 0.771227 1.5662 0.846328 1.87136 1.73543 0.82503 0.719638 0.380964 0.26736
threshold=1.4438057529829535 1.5000000000000002 0.29166666666666669 1.0000000180025095e-35 26.500000000000004 6942.2172554112558 6.5000000000000009 22.500000000000004 1.0000000180025095e-35 3679.9002142857148 17.500000000000004 -110583.80774999999 12.500000000000002
decision_type=2 2 2 2 2 2 2 2 2 2 2 2 2
left_child=2 -2 3 10 6 9 8 -8 -5 -6 -1 -12 -3
right_child=1 12 -4 4 5 -7 7 -9 -10 -11 11 -13 -14
leaf_value=0.011555432057952217 0.0090855747334831691 -0.058665581710922607 0.020937548359035343 -0.029629891459256534 0.011405943165304645 -0.017510700668789111 -0.0005080450279178534 0.029171595461764496 0.0095372182064653917 0.05549628648238298 0 -0.06282528604557025 -0.013856988584825078
leaf_weight=0.46686991909518782 1.7032072092406441 1.3151136277083426 4.6338613708503535 8.0292478287010436 3.4269184129079786 2.5523942161817104 167.65208584370703 6.4375776081578797 5.2458820007741442 2.5949457612587139 0.11930305033456545 1.4404857033150615 1.3458006070868576
leaf_count=11 67 71 59 843 120 64 5620 108 96 59 12 813 62
internal_value=0 -0.0184284 0.000387798 -5.61066e-05 0.000271886 0.0161501 -0.000415469 0.000547358 -0.0135967 0.0316455 -0.0353762 -0.0541522 -0.0388081
internal_weight=206.964 4.36412 202.6 197.966 195.939 8.57426 187.365 174.09 13.2751 6.02186 2.02666 1.55979 2.66091
internal_count=8005 200 7805 7746 6910 243 6667 5728 939 179 836 825 133
is_linear=0
shrinkage=0.0540709


Tree=231
num_leaves=24
num_cat=0
split_feature=104 57 97 57 97 57 1 91 96 105 105 20 44 44 66 43 50 103 103 108 57 97 20
split_gain=0.530796 1.84268 0.778572 1.84016 2.97065 1.47365 1.22838 1.10562 1.07935 0.966953 1.35933 1.21158 2.00631 2.19865 1.65715 3.03865 2.76905 1.10603 4.76639 2.22469 0.507553 0.392446 0.0783012
threshold=-0.82571809860723044 5933.2190035714293 18.030303030303035 3855.6738636363643 23.663157894736845 5734.8384345930235 1.0000000180025095e-35 14.500000000000002 232.16426728185687 0.89808705688280666 0.88993613216732059 14.500000000000002 11.95227272727273 24.218070652173918 480.50000000000006 1011.5000000000001 59.500000000000007 21.29049999999997 33.409999999999997 0.027627259903880489 1803.3215450000002 42.500000000000007 5.5000000000000009
decision_type=2 2 2 2 2 2 2 2 2 2 2 2 2 2 2 2 2 2 2 2 2 2 2
left_child=1 20 9 6 -5 -6 7 8 -4 10 17 14 -13 -14 15 -11 -16 19 -19 -2 21 -1 -22
right_child=2 -3 3 4 5 -7 -8 -9 -10 11 -12 12 13 -15 16 -17 -18 18 -20 -21 22 -23 -24
leaf_value=0.036923075042006058 -0.0013280914682867449 -0.021384067173745334 -0.044678637296496182 -0.039964917563817058 0.072711834257957852 0.00031615600578450975 0 -0.089112539298803861 0.0031868899651090994 -0.0033792293000834985 -0.044256399007602101 -0.037097449081390552 0.038479676509569863 -0.0028851453799278292 -0.051112227704109024 0.035209504833219288 0.0019693050844231427 -0.045762763357616136 -7.4008738048227663e-05 0.023902661966938889 0.054394575351755244 -0.019131441983587141 0.023928591669842621
leaf_weight=0.62079029186861479 62.44900187454914 2.6382455467537511 3.5813753370166506 2.0023010975128264 1.9901396031928018 1.7589202228191423 3.3653721725568175 1.2261043557664377 1.796109645081742 18.704703615294424 2.2179606950376174 1.6389230518980209 10.633275636530014 5.318119624611426 4.1983037938334737 8.5746464804687985 8.3235649815469497 8.0559052112112095 40.838336617074674 12.123407865808984 2.1818651740322825 0.81225256188190542 1.6082655881473327
leaf_count=46 3021 112 392 122 101 116 96 51 187 489 63 120 408 229 104 228 146 224 1070 370 131 104 75
internal_value=0 0.0137714 -0.000551754 -0.0121143 0.0113518 0.0407367 -0.0263933 -0.0399397 -0.0273225 0.000400858 -0.00221127 0.00624993 0.0180893 0.024227 0.000831078 0.00848118 -0.0152434 -0.00139534 -0.00775463 0.00267519 0.0329446 2.04088e-05 0.0434371
internal_weight=206.658 7.86142 198.796 15.7203 5.75136 3.74906 9.96896 6.60359 5.37748 183.076 125.685 57.3915 17.5903 15.9514 39.8012 27.2794 12.5219 123.467 48.8942 74.5724 5.22317 1.43304 3.79013
internal_count=8005 468 7537 1065 339 217 726 630 579 6472 4748 1724 757 637 967 717 250 4685 1294 3391 356 150 206
is_linear=0
shrinkage=0.0540709


Tree=232
num_leaves=23
num_cat=0
split_feature=107 47 45 84 47 91 45 44 95 95 36 61 109 57 84 43 47 57 74 36 115 43
split_gain=0.538628 1.13874 1.6237 2.4165 1.45117 2.31538 3.56041 1.41907 4.16029 4.11266 5.04733 2.4809 2.29401 2.07719 0.921131 1.11258 4.0402 1.86594 2.08043 0.931347 0.361104 0.205217
threshold=1.0000000180025095e-35 1077.5000000000002 30.015587094581232 0.555815160955348 579.50000000000011 14.500000000000002 32.292689024204364 18.310989010989015 684.50000000000011 419.50000000000006 34.500000000000007 0.65682558343806174 1.1319171596919146 2688.1487660183075 0.93119877049180333 2097.0000000000005 385.50000000000006 8669.7104045454562 28740.680000000004 81.500000000000014 274.16336155622497 2857.0000000000005
decision_type=2 2 2 2 2 2 2 2 2 2 2 2 2 2 2 2 2 2 2 2 2 2
left_child=14 4 21 -4 7 6 20 8 13 10 -9 -11 -10 -2 15 16 17 18 -1 -17 -6 -3
right_child=1 2 3 -5 5 -7 -8 9 12 11 -12 -13 -14 -15 -16 19 -18 -19 -20 -21 -22 -23
leaf_value=0.0052302869121740453 -0.008413551289577487 0.020095747978865607 -0.040770983482184081 0.02798002325374695 -0.056801105031074245 0.027708151282152801 0.012236554993400138 -0.028117293329290447 -0.0075741343913431486 0.022393525813433346 0.046552636161509696 -0.011462839079627836 0.026086943984251262 -0.04837289477809089 0.025780442360887227 -0.023265837320322114 0.04172242748124242 0.04073952365164718 -0.017700674248222074 0.00086549267687040612 -0.02186799408802487 0.051129960092720916
leaf_weight=33.812265378714073 7.5981769697828012 2.2818932080263021 2.8200967302400386 3.1188173842783726 6.4358554345089924 2.3270799506426547 3.7644356777600469 3.3357990408258038 16.046517138958738 7.7833061173150773 11.164362816809442 32.11522127288481 9.2273441532452107 8.8220124279105203 5.0544180046126703 8.3118929754709843 7.7709392906399435 3.1036595318000755 17.418307816318702 9.4187791288713907 1.8970496792462652 2.5078461018565577
leaf_count=913 1454 63 69 86 241 69 97 170 1019 281 354 1360 472 540 95 107 126 73 167 103 75 71
internal_value=0 -0.0023268 0.0143407 -0.00342531 -0.00401195 -0.0200462 -0.0298466 -0.00152775 -0.00908892 0.0041318 0.0288633 -0.00467212 0.0044241 -0.030336 0.00328901 0.00177183 0.00526088 0 -0.00242235 -0.0100316 -0.0497428 0.0379031
internal_weight=206.136 121.246 10.7287 5.93891 110.517 14.4244 12.0973 96.0927 41.6941 54.3987 14.5002 39.8985 25.2739 16.4202 84.8903 79.8358 62.1052 54.3342 51.2306 17.7307 8.33291 4.78974
internal_count=8005 6421 289 155 6132 482 413 5650 3485 2165 524 1641 1491 1994 1584 1489 1279 1153 1080 210 316 134
is_linear=0
shrinkage=0.0540709


Tree=233
num_leaves=11
num_cat=0
split_feature=87 65 95 105 17 65 50 58 87 62
split_gain=0.531783 0.688025 1.51982 1.71671 1.49139 1.4303 0.765573 0.958306 0.968816 0.744283
threshold=-37621.614999999998 9545.8299241655532 382.50000000000006 0.49736085548303555 29.500000000000004 8928.1215218087964 321.50000000000006 3119.5000000000005 17289.443000000003 20.500000000000004
decision_type=2 2 2 2 2 2 2 2 2 2
left_child=-1 5 -3 -4 9 6 7 8 -2 -5
right_child=1 2 3 4 -6 -7 -8 -9 -10 -11
leaf_value=0.024645232043283352 0.00093369996459057958 0.021014403958653841 0.026182602461625112 -0.016527961736153757 -0.0013254951879948683 0.032276936758716554 0.025351756715647 -0.033625623102673981 -0.015508760932757262 -0.0567778958272512
leaf_weight=2.5239820871065595 164.30588037938287 3.3446373653459913 1.9594687462376885 2.8154085001733602 4.6681534163653851 4.0763080137257921 3.3848980977927559 2.5299363536760202 11.182531205806297 4.4529813898916473
leaf_count=46 6848 99 57 128 61 113 57 73 300 223
internal_value=0 -0.000317239 -0.0106724 -0.018833 -0.0268451 0.000605552 -6.57683e-05 -0.000590888 -7.21132e-05 -0.0422133
internal_weight=205.244 202.72 17.2406 13.896 11.9365 185.48 181.403 178.018 175.488 7.26839
internal_count=8005 7959 568 469 412 7391 7278 7221 7148 351
is_linear=0
shrinkage=0.0540709


Tree=234
num_leaves=29
num_cat=0
split_feature=119 20 30 119 17 61 38 94 36 97 103 105 104 16 88 105 91 16 36 47 95 52 74 54 44 85 58 98
split_gain=0.515123 1.35375 2.49684 1.60689 1.53643 1.53566 1.94401 2.14898 2.0885 1.37686 3.53163 1.81406 0.954369 1.21179 1.19507 2.72405 2.9932 2.16999 1.65957 1.91405 2.79802 1.059 0.909643 0.848322 0.423306 0.371795 0.237007 0.0805584
threshold=0.81666666666666676 15.500000000000002 1.0000000180025095e-35 0.35000000000000003 1.0000000180025095e-35 0.92816714609140283 93751.600500000015 3.5000000000000004 17.500000000000004 5.4214196762141977 38.131 0.91111605186816946 -0.60476761275103297 36.500000000000007 0.14999999999999999 0.66225854858879241 12.500000000000002 40.500000000000007 20.500000000000004 63.500000000000007 368.50000000000006 0.52968445249373097 36647.229500000009 8.5000000000000018 49.005494505494518 -92583.006999999969 187.50000000000003 0.92069998593502256
decision_type=2 2 2 2 2 2 2 2 2 2 2 2 2 2 2 2 2 2 2 2 2 2 2 2 2 2 2 2
left_child=1 3 -3 22 25 6 8 -8 -5 10 -6 -11 13 26 15 16 17 -14 -16 -20 -21 -15 -1 -23 -7 -4 -2 -25
right_child=12 2 4 5 9 24 7 -9 -10 11 -12 -13 14 21 18 -17 -18 -19 19 20 -22 23 -24 27 -26 -27 -28 -29
leaf_value=-0.0045893412840381214 0.019595946096895168 0.040509487217043533 0 -0.018318863065156264 0.033838947567567661 0 -0.055226287367296956 -0.016734171024281395 0.037250642891630131 -0.014497956060520248 -0.035011788167554569 0.011826909958418985 0.053610332267173946 -0.038627099203733861 0.030922199360483588 -0.054599536162786406 -0.065964848988491032 -0.013813492141929297 -0.03306819390805571 -0.018548637559974497 0.0077688176206086122 -0.012086448023634407 0.027440011576891885 0.014870280159791791 0.037254360598630208 -0.062225306364392309 0.057516857971398036 0.052077566062646172
leaf_weight=5.5692088268697244 1.6163182000163927 4.7149801066843784 0.13195964059559617 5.0546601594833209 9.0090881539072125 1.692094519559759 6.1780816715909195 16.736805270011246 3.208748247823678 20.454393268257263 2.7774416963948161 11.974076610975315 2.9760127170011383 1.3429929332341997 5.8411438000039189 3.5792020605003927 1.4081208502175284 2.3718354186858051 4.5272367501747786 14.277572211023651 66.19487440631201 1.3941768363583835 4.4035593159496784 1.0338334157713691 1.6854064165381712 1.4321273173882207 2.1146304539870471 1.2422452235769013
leaf_count=129 62 41 16 745 730 110 145 1021 184 930 148 468 147 56 129 70 62 211 128 211 1085 30 38 75 45 838 83 68
internal_value=0 -0.00292455 0.00302464 -0.00983655 -0.00067637 -0.0154336 -0.0193019 -0.0274388 0.00236912 0.00102414 0.0169841 -0.00454956 0.00251141 0.0196921 0.000953122 -0.0163576 0.0028197 0.022332 0.00300431 0.000998109 0.00300731 0.000794334 0.0088154 0.0172461 0.0180783 -0.0534018 0.0430897 0.0384519
internal_weight=204.943 95.0226 50.4941 44.5286 45.7791 34.5558 31.1783 22.9149 8.26341 44.215 11.7865 32.4285 109.92 8.7442 101.176 10.3352 6.75597 5.34785 90.8408 84.9997 80.4724 5.01325 9.97277 3.67026 3.3775 1.56409 3.73095 2.27608
internal_count=8005 5588 3171 2417 3130 2250 2095 1166 929 2276 878 1398 2417 374 2043 490 420 358 1553 1424 1296 229 167 173 155 854 145 143
is_linear=0
shrinkage=0.0540709


Tree=235
num_leaves=26
num_cat=0
split_feature=99 16 91 67 82 104 87 35 16 39 17 85 6 17 24 87 45 41 39 45 98 106 72 61 61
split_gain=0.528669 1.00609 1.61664 1.62598 1.83823 2.02535 1.9556 1.49306 1.43277 1.20229 2.40814 1.5246 1.22108 1.03775 0.859794 0.803325 0.702207 0.994651 0.959904 1.05295 1.32062 1.02923 0.914945 0.217293 0.199171
threshold=1.0000000180025095e-35 39.500000000000007 3.5000000000000004 8.4115384615384645 92.500000000000014 -0.37877538800519228 1588.6162499999996 109.50000000000001 37.500000000000007 4169.2014166666677 27.500000000000004 36383.701499999988 128.37500000000003 1.5000000000000002 99.500000000000014 25276.594500000003 40.166228099026007 44673.408500000012 13062.817213744589 29.384162526537526 0.94924405235323739 0.067479674796747977 0.10315858070454181 0.90403005453870466 0.81012326489300179
decision_type=2 2 2 2 2 2 2 2 2 2 2 2 2 2 2 2 2 2 2 2 2 2 2 2 2
left_child=16 8 7 -4 5 -5 -6 14 9 10 12 15 -2 -9 -3 -11 17 18 19 21 -21 -1 -18 -10 -15
right_child=1 2 3 4 6 -7 -8 13 23 11 -12 -13 -14 24 -16 -17 22 -19 -20 20 -22 -23 -24 -25 -26
leaf_value=-0.021825864493417571 0.031246275232703909 -0.0026706982388209608 0.039865279269059826 0.028199761442024199 0.042609899116199203 -0.046185834030633297 -0.0050021319418992643 0.083507522726878364 -0.054045062467265315 -0.040236613573800054 0.047189369880198347 0.017264399491678645 -0.050703552176738574 -0.037302579003788777 -0.0522417499176299 0.0092807971038448775 0.034377950689522555 -0.01858500238678118 0.025439373329766271 0 -0.031810379826276283 0.0034161231580414828 0 -0.00069464104053929183 0.010760189049462647
leaf_weight=4.8543162479181765 0.64576101768762151 1.9675391328055436 4.0600524464825893 1.3624492009985258 4.27164385045762 3.7655143022711846 5.5928126321960008 0.56715438717947086 2.8119500356551721 5.8595646809990267 2.836102870060131 2.209508071289747 1.7421867932280293 0.41401241172570735 3.2779566041062935 0.86860877971776052 4.2385785538936016 7.5282600662903851 4.7685531708411864 9.0770685544703138 6.2267917895223936 119.62183665728662 4.6662335360888392 0.55554909398779262 0.30485976836644113
leaf_count=99 13 79 126 67 156 297 281 89 336 486 39 121 393 115 2986 41 69 89 66 92 74 1738 62 46 45
internal_value=0 -0.00532776 0.00124444 0.00947433 0.000746735 -0.024978 0.0148712 -0.0216261 -0.0153405 -0.00717889 0.0125782 -0.0195539 -0.0254416 0.0274197 -0.0350654 -0.0327448 0.00141389 0.000499399 0.00154473 0.000676316 -0.0126312 0.002372 0.0161978 -0.0474432 -0.00669828
internal_weight=204.095 43.1132 25.584 19.0525 14.9924 5.12796 9.86446 6.53152 17.5292 14.1617 5.22405 8.93768 2.38795 1.28603 5.2455 6.72817 160.982 152.077 144.549 139.78 15.3039 124.476 8.90481 3.3675 0.718872
internal_count=8005 5716 4241 927 801 364 437 3314 1475 1093 445 648 406 249 3065 527 2289 2158 2069 2003 166 1837 131 382 160
is_linear=0
shrinkage=0.0540709


Tree=236
num_leaves=20
num_cat=0
split_feature=92 65 92 71 97 104 22 105 105 44 20 106 58 108 20 69 68 70 106
split_gain=0.506487 0.916026 0.60774 1.93147 1.90017 2.69295 1.89966 1.34853 1.19463 1.07945 1.75602 2.25131 1.89519 1.57096 1.42598 0.825929 0.728271 0.477158 0.336101
threshold=47.500000000000007 3212.0834741738495 32.500000000000007 0.95605127229627895 5.6642787592154695 -0.36692102313615044 1.0000000180025095e-35 0.84712777611539958 1.3503255667508227 31.668949771689501 19.500000000000004 0.35000000000000003 1134.5000000000002 0.60219395477207982 -3.4999999999999996 45.500000000000007 247.50000000000003 175.50000000000003 0.81666666666666676
decision_type=2 2 2 2 2 2 2 2 2 2 2 2 2 2 2 2 2 2 2
left_child=2 -2 8 4 7 18 -7 15 9 10 12 -12 -1 14 -11 -4 17 -10 -6
right_child=1 -3 3 -5 5 6 -8 -9 16 13 11 -13 -14 -15 -16 -17 -18 -19 -20
leaf_value=-0.0042230346073511742 0.0027225506527680048 -0.050872204720249975 0.017052382204725079 -0.036557249875546802 0.0148934832639732 -0.032021356542014268 0.031808875966935511 0.0026810253754281682 0.010900299278120321 0.025955437024428527 0.00037143510313623966 0.04447888703018664 -0.025580110601986547 0.041097225018815929 -0.0015275019875153214 0.059899093020901815 0 0.058972424261648324 0.056508199241463282
leaf_weight=86.352114908790099 1.679822712154418 1.5915559129207393 2.7570332193281555 2.4545376903552087 1.7714505718031461 6.6344229656970075 1.6051794517552478 4.0434437330404762 1.5563002585477073 6.4188359660329288 17.314143087009146 4.3130169262876725 14.457002560804538 3.3513613310351493 37.009907043546264 4.2137828418053687 2.1686977030039998 1.8644279909931354 1.7519167433492837
leaf_count=3470 78 82 94 74 83 397 36 65 80 136 1606 101 347 62 1017 73 87 62 55
internal_value=0 -0.0211104 0.000331239 0.008201 0.0133518 -0.00116235 -0.0186845 0.0295206 -0.000762501 -0.00161596 -0.00431879 0.00951291 -0.00735965 0.00529997 0.00236543 0.0440233 0.0237442 0.0392816 0.037704
internal_weight=203.309 3.27138 200.038 25.2318 22.7772 11.763 8.2396 11.0143 174.806 169.216 122.436 21.6272 100.809 46.7801 43.4287 6.97082 5.58943 3.42073 3.52337
internal_count=8005 160 7845 877 803 571 433 232 6968 6739 5524 1707 3817 1215 1153 167 229 142 138
is_linear=0
shrinkage=0.0540709


Tree=237
num_leaves=28
num_cat=0
split_feature=42 42 67 92 37 69 73 65 41 37 48 45 85 108 107 65 45 109 104 17 72 29 105 69 39 109 20
split_gain=0.488959 4.26373 2.06782 1.47645 2.11636 1.36569 2.31245 1.2374 2.7368 2.85845 2.47363 2.42629 2.14115 1.74583 1.60234 1.56475 1.91568 1.21698 1.76704 1.2646 1.71263 1.59153 1.19952 0.919918 0.710605 0.272679 0.135441
threshold=239.02300000000002 217.74300000000002 34.966629588431594 20.500000000000004 79.500000000000014 83.500000000000014 7.5000000000000009 5392.3208408079454 13467.705500000002 52.500000000000007 61.500000000000007 25.690280136510037 -8821.9697499999984 -0.23818788487282469 1.0000000180025095e-35 8013.3106947329516 38.738889009435333 7.2280703716632919 0.68231854431780381 25.500000000000004 0.19579482503764487 298.50000000000006 0.85798477069393209 32.500000000000007 12845.843479250334 0.89445355849297037 3.5000000000000004
decision_type=2 2 2 2 2 2 2 2 2 2 2 2 2 2 2 2 2 2 2 2 2 2 2 2 2 2 2
left_child=1 17 5 4 -2 6 26 8 12 11 23 -10 -5 -11 -14 22 -17 18 19 21 -21 -1 -12 24 -9 -25 -3
right_child=3 2 -4 7 -6 -7 -8 10 9 13 15 -13 14 -15 -16 16 -18 -19 -20 20 -22 -23 -24 25 -26 -27 -28
leaf_value=-0.005609971307272991 -0.0051683134971005342 0.057308956694524793 -0.0065163786418550472 0.054945535852275629 0.039320486267977198 0.059407096817931243 -0.019890404867229854 -0.013970692909531139 -0.059968460943373075 0.027967045425461603 0.021701724331411376 0.0052389847114585938 0.018439920652654318 -0.017812668366913864 -0.02462099781282278 -0.043680531375977091 0.0064622318698592026 0.040014559131766152 -0.049954251854423024 0.013038812765139083 -0.0064825980858503572 -0.071694829473611693 -0.023868566557689565 0.057584521775239761 0.032578229726502886 0.023349323538361194 0.02241409629227703
leaf_weight=54.329931347332604 7.0057342889485863 2.4431779130245546 3.3939653369161524 2.2522895112633696 5.3167828453588299 5.6987760515039554 2.3524380223097978 2.1921206119732255 7.8535641899798083 2.9561558674176895 5.522079848895376 1.8605727384201598 4.8822150014457284 12.049708148828358 5.1219086276250883 5.875949014847718 3.2119370744730986 2.0021072544623157 2.240813132520997 30.412054813408758 22.57733651669696 1.1092970939353097 2.3174145394877996 2.3645689166005468 1.6019230646925278 2.433735723618156 1.3810750316915799
leaf_count=3583 94 85 78 99 54 120 103 133 289 68 165 88 113 374 470 167 105 90 95 851 381 31 59 51 68 94 97
internal_value=0 0.00203162 0.0288677 -0.00347108 0.0134311 0.039602 0.0201187 -0.00692233 -0.0132703 -0.0236988 0.00198613 -0.04672 0.00716072 -0.00829884 -0.0028683 -0.00969177 -0.0251481 -0.00154015 -0.00235946 -0.00130671 0.00458187 -0.00706835 0.00728536 0.0258488 0.0037436 0.0417783 0.0466587
internal_weight=202.76 127.941 15.2694 74.8187 12.3225 11.8755 6.17669 62.4961 36.9764 24.72 25.5197 9.71414 12.2564 15.0059 10.0041 16.9274 9.08789 112.672 110.669 108.429 52.9894 55.4392 7.83949 8.59235 3.79404 4.7983 3.82425
internal_count=8005 5514 483 2491 148 405 285 2343 1501 819 842 377 682 442 583 496 272 5031 4941 4846 1232 3614 224 346 201 145 182
is_linear=0
shrinkage=0.0540709


Tree=238
num_leaves=28
num_cat=0
split_feature=99 16 5 5 8 95 69 97 69 109 95 42 42 57 61 87 87 105 98 67 44 42 46 44 95 20 95
split_gain=0.55048 0.926872 1.78179 1.39374 1.9933 1.65068 1.20752 1.89397 1.34572 1.51242 1.198 1.13063 1.11169 1.10509 1.66481 0.640881 1.20441 0.798578 1.5792 2.90338 1.47031 2.3044 1.98006 1.33405 0.477899 0.453047 0.123691
threshold=1.0000000180025095e-35 39.500000000000007 297.50000000000006 139.00000000000003 165.00000000000003 259.50000000000006 146.50000000000003 3.5595238095238102 94.500000000000014 0.93754463124046084 1096.5000000000002 218.64450000000002 266.01500000000004 2594.2227414285721 0.88709897340710975 -17727.405000000002 -9186.9812500000025 0.73866222229601652 0.9989394006637593 15.616071428571431 32.134282624369149 365.80700000000007 827.50000000000011 28.084876543209877 2498.5000000000005 7.5000000000000009 347.50000000000006
decision_type=2 2 2 2 2 2 2 2 2 2 2 2 2 2 2 2 2 2 2 2 2 2 2 2 2 2 2
left_child=15 3 13 -2 5 -5 8 -8 9 -4 -10 25 -13 14 24 -1 -17 20 19 -19 22 -22 -18 -20 -3 -6 -9
right_child=1 2 6 4 11 -7 7 26 10 -11 -12 12 -14 -15 -16 16 17 18 23 -21 21 -23 -24 -25 -26 -27 -28
leaf_value=0.017417270449521884 0.05364124954906116 -0.030676674367348264 0.019986002795197546 0.0024341894659168258 -0.00075041825679007909 -0.054845465700540753 0.061244207169018648 0 0.077945065871871042 -0.017359951367863499 0.0006891920803594006 0.042468784582953292 -0.0047848717817801133 -0.053815132700447431 0.084627478854665455 -0.018176287676792007 0.0013150948739425032 0.030945293402783198 0.00099380222890547076 0.0026960361867794814 0.030466640402547082 -0.0073795768197782927 -0.021516647211296893 -0.028167357195438038 0.042527413848498126 -0.045781169362632622 -0.052202736916519617
leaf_weight=7.067026220727711 0.7624505795538451 2.4038381539867295 9.234606502890534 1.6820682151592343 1.5823928234167399 5.4715434729259869 0.56407883286010418 0.45379889857213163 1.6982215102179901 4.6503457196122318 1.2010228012586592 2.2440265211334918 3.5071438276208937 2.3966377882898087 0.50451448775129382 9.2371168331010249 26.534629059693543 15.347948884009382 22.101243208191594 36.91748327750247 8.7416129247285443 9.6902931740041804 18.437465319002513 5.6528270170092574 0.21204464137554158 1.7937805893016046 1.9191229818898135
leaf_count=78 9 1187 905 63 45 1097 5 46 78 479 97 48 107 1147 12 105 702 211 279 434 105 117 195 63 1 106 284
internal_value=0 -0.00548058 0.000822916 -0.0152475 -0.0189342 -0.0403474 0.00870448 -0.0222932 0.0145711 0.00694511 0.0485135 -0.00133626 0.0123772 -0.0260037 -0.00225337 0.00145758 0.000670114 0.0019357 0.00555627 0.0111339 -0.00251714 0.0101701 -0.00788161 -0.00468106 -0.0218892 -0.0268774 -0.0453011
internal_weight=202.009 42.2816 25.2382 17.0434 16.281 7.15361 19.7212 2.937 16.7842 13.885 2.89924 9.12734 5.75117 5.51704 3.1204 159.728 152.661 143.424 80.0195 52.2654 63.404 18.4319 44.9721 27.7541 2.61588 3.37617 2.37292
internal_count=8005 5716 4241 1475 1466 1160 1894 335 1559 1384 175 306 155 2347 1200 2289 2211 2106 987 645 1119 222 897 342 1188 151 330
is_linear=0
shrinkage=0.0540709


Tree=239
num_leaves=28
num_cat=0
split_feature=17 87 87 45 49 58 67 27 69 41 85 83 20 52 97 58 60 51 48 97 72 54 5 67 20 105 68
split_gain=0.500393 1.6951 3.05049 0.976645 2.7864 1.91389 1.91136 0.856866 1.11032 1.71204 3.37195 2.46788 2.40528 2.04707 1.85537 1.52468 2.75377 2.50366 1.75563 0.8737 0.876947 0.978415 0.897577 0.629197 0.567333 0.408311 0.297601
threshold=31.500000000000004 -16262.495499999995 -8241.632749999997 5.1778238183725245 7.5000000000000009 285.50000000000006 3.9655172413793109 1.0000000180025095e-35 42.500000000000007 12159.965000000002 -12248.169999999998 202.50000000000003 27.500000000000004 0.89096366381898506 6.9921875000000009 264.50000000000006 657.50000000000011 879.50000000000011 35.500000000000007 22.148148148148156 0.087599020261366969 1.0000000180025095e-35 396.50000000000006 8.5751879699248139 -1.0000000180025095e-35 0.87495861869268099 25.500000000000004
decision_type=2 2 2 2 2 2 2 2 2 2 2 2 2 2 2 2 2 2 2 2 2 2 2 2 2 2 2
left_child=7 -2 -3 6 26 -6 24 8 9 10 -1 13 -12 -11 -13 23 18 -18 -17 20 22 -22 -9 -10 -4 -23 -5
right_child=1 2 3 4 5 -7 -8 19 15 11 12 14 -14 -15 -16 16 17 -19 -20 -21 21 25 -24 -25 -26 -27 -28
leaf_value=0.067831175617714831 0.035958466639977427 -0.033271933514623264 0.022647545909277367 0.022500985398194007 -0.01947123692034828 0.0078393238054355052 -0.064094865861024211 0.01460014525882276 0.061437158827079313 -0.049800060020926552 -0.016461338478295829 -0.030363282216656479 0.073502318484472487 -3.5716977467785845e-05 0.036004365563244163 0 0.051285161400966763 -0.0009354672459921759 -0.056434624997314921 0.03656811420370177 -0.0031629411034042039 0.047329352213411301 -0.022680800406088997 0.0081042156680518982 -0.019354975142625647 0.010816934418961425 0.057728299069693394
leaf_weight=1.9339713056688221 4.4295112667605272 6.7009147154167286 2.1850996385328472 2.0459299429785451 8.8454737283755076 46.546976094483398 1.7121791644021866 2.6668557871598804 1.5539379685069428 9.2405155389496958 11.128415512823263 2.0299384528916553 0.92041981384682081 3.6781821385593494 2.952236967648787 2.5140917133612666 2.8006910843541837 59.562609513412099 4.2036891680472763 2.7556132343597701 4.0395458958810178 2.5622434751130641 5.3730087080039084 1.7569408605922943 1.5393409961834543 2.3805753535707481 3.1032324656844139
leaf_count=69 48 60 116 85 144 594 17 103 35 726 1796 119 315 280 86 145 53 2366 192 95 52 69 117 106 85 64 68
internal_value=0 0.00342552 0.00134005 0.00496833 0.00702606 0.00334415 -0.016581 -0.00212113 -0.00412537 -0.0125394 0.00113829 -0.023635 -0.00896361 -0.0362057 0.00747918 -0.000317217 -0.00213664 0.00129291 -0.0350643 0.00807155 0.0030202 0.0149548 -0.00939488 0.0353905 0.00330303 0.0312513 0.0451815
internal_weight=201.162 77.1087 72.6791 65.9782 60.5416 55.3924 5.43662 124.053 104.276 31.8837 13.9828 17.9009 12.0488 12.9187 4.98218 72.392 69.0811 62.3633 6.71778 19.7778 17.0222 8.98236 8.03986 3.31088 3.72444 4.94282 5.14916
internal_count=8005 1217 1169 1109 891 738 218 6788 6288 3391 2180 1211 2111 1006 205 2897 2756 2419 337 500 405 185 220 141 201 133 153
is_linear=0
shrinkage=0.0540709


Tree=240
num_leaves=30
num_cat=0
split_feature=99 16 5 5 8 95 86 108 57 69 47 5 57 52 62 50 47 73 20 59 68 98 92 20 81 67 69 57 24
split_gain=0.509081 0.856971 1.6517 1.29793 1.83627 1.60256 1.18483 1.10103 1.79727 1.05356 1.7493 1.51964 1.05283 1.20175 0.643217 1.27008 1.51198 1.17538 1.93455 2.99007 1.34078 1.29768 2.0298 1.27607 1.74817 1.21791 1.0251 0.619536 0.443041
threshold=1.0000000180025095e-35 39.500000000000007 297.50000000000006 139.00000000000003 165.00000000000003 259.50000000000006 -13711.578181499999 0.4014514997581034 4175.0844506578951 146.50000000000003 475.50000000000006 299.50000000000006 2594.2227414285721 0.79105991341467108 27.500000000000004 57.500000000000007 480.50000000000006 8.5000000000000018 18.500000000000004 737.50000000000011 368.50000000000006 0.9989394006637593 21.500000000000004 17.500000000000004 4754.9324333333343 33.74038461538462 294.50000000000006 3386.1332644230774 99.500000000000014
decision_type=2 2 2 2 2 2 2 2 2 2 2 2 2 2 2 2 2 2 2 2 2 2 2 2 2 2 2 2 2
left_child=14 3 12 -2 5 -5 -4 8 -6 10 -8 -11 13 28 17 -16 -17 20 21 -20 23 22 -19 24 -1 -22 -18 -25 -3
right_child=1 2 6 4 7 -7 9 -9 -10 11 -12 -13 -14 -15 15 16 26 18 19 -21 25 -23 -24 27 -26 -27 -28 -29 -30
leaf_value=0.00044793507132609282 0.052893689907149259 0 -0.0478381262366354 0.0022450485432312325 0.022594685802683864 -0.054657283890256286 0.01186837331737374 0.032935130311777382 -0.033436020856877052 0.032672437596518909 0.086663797933905773 -0.051097402904789153 -0.053550032477948165 0.06656192967405189 0.024323072891546643 -0.0199199910688748 0.025799569117246731 -0.028447810190213911 0.042583600119932896 -0.01306829746913475 0.039517525095017263 -0.029709145426884177 0.0014071439667298414 -0.0014530486666733766 0.032040004084970382 0.00040106950117653044 0 -0.03366214235132256 -0.047453766617383826
leaf_weight=45.432117435673717 0.73168121278286236 1.4542638072744045 0.9902191396176957 1.6724248132668407 2.504794603708433 5.1634137753244431 14.963558194642248 1.9887184565886853 4.5209830240928568 0.90588481485610772 1.0224350779899385 1.685088034975706 2.2848486754955957 0.55634990866383294 9.8907006758963671 7.0009417338296798 7.0203353068791357 8.9813723855186236 5.3798537719412689 5.651059398544021 5.5341059574857336 9.4249466001056117 24.166091174643952 3.9099281764356402 5.8470837845816268 4.6902249183040112 11.688609756703952 4.1307861943496391 1.0410393301717702
leaf_count=1142 9 36 196 63 95 1097 1382 47 164 10 41 265 1147 40 79 67 72 62 48 82 71 90 201 72 59 71 100 73 1124
internal_value=0 -0.00532231 0.00073906 -0.0148701 -0.0184713 -0.0396586 0.00829843 -0.00157924 -0.0124077 0.0116938 0.0171256 -0.0189557 -0.0255863 -0.00220558 0.00140451 0.00781617 0.00117691 -0.00038912 -0.00646049 0.0134066 0.00418435 -0.0117823 -0.00646048 0.000936613 0.00419554 0.0223002 0.00946785 -0.0189235 -0.0205419
internal_weight=200.234 41.4857 24.9037 16.582 15.8503 6.83584 19.5672 9.0145 7.02578 18.577 15.986 2.59097 5.3365 3.05165 158.748 35.6006 25.7099 123.148 53.6033 11.0309 69.5442 42.5724 33.1475 59.3199 51.2792 10.2243 18.7089 8.04071 2.4953
internal_count=8005 5716 4241 1475 1466 1160 1894 306 259 1698 1423 275 2347 1200 2289 318 239 1971 483 130 1488 353 263 1346 1201 142 172 145 1160
is_linear=0
shrinkage=0.0540709


Tree=241
num_leaves=24
num_cat=0
split_feature=87 109 72 87 87 76 86 72 98 92 91 87 64 64 53 87 82 72 86 57 87 52 101
split_gain=0.48313 1.29533 1.13115 0.82858 1.46423 2.64594 1.83468 2.17354 1.62932 0.983418 2.03304 2.12696 1.88522 1.74641 1.58362 1.49598 2.11603 2.07088 1.78476 1.8088 1.6805 1.2167 0.552871
threshold=27463.415749999989 1.0771310910325134 0.053958543001924507 13189.294250000004 17289.443000000003 225.50000000000003 38210.275363000001 0.18961160248310718 0.82953398833179259 24.500000000000004 14.500000000000002 987.25575000000219 3224.097895238096 2274.9585227272732 0.25142479054361239 2859.3147500000009 58.500000000000007 0.057248819064805452 6544.9932935000043 1563.6077000000002 -209.24675000000147 0.6305956129678667 4.416666666666667
decision_type=2 2 2 2 2 2 2 2 2 2 2 2 2 2 2 2 2 2 2 2 2 2 2
left_child=3 -2 -3 9 5 -5 7 8 -6 10 12 21 13 -1 -14 18 22 -18 19 -11 -20 -12 -17
right_child=1 2 -4 4 6 -7 -8 -9 -10 15 11 -13 14 -15 -16 16 17 -19 20 -21 -22 -23 -24
leaf_value=-0.0064458847619342351 0.0060540792786177283 0 -0.063622560697081054 -0.01247915548770639 -0.0005786820880085532 0.049567743497026209 -0.039096053492729217 -0.023364557115729198 0.052445481126894941 -0.0059437498517121556 -0.035984692890066589 0.038754782062080682 -0.013314617957958512 -0.050843336752409443 0.013299925679441433 -0.014846010170374681 -0.051873254178843919 0.0016494237767337638 -0.0008904371931957825 0.013836286419486934 -0.04242764959276582 0.013286006376435851 -0.073373227806661195
leaf_weight=5.188099170001804 4.0662845262340843 1.5401851175120103 2.0485179757743026 2.8529389487375756 2.617829859706033 5.6847615523583954 2.8588916834269176 3.4348733024962712 3.7188309796547401 17.176402198776486 2.6265919275028846 5.2337227768148296 21.305785078162447 6.1888230159820523 9.2041648860758851 1.1455000858695741 2.3307189375918851 20.511841612962598 14.635678026043026 56.44574985899817 3.6585297375931978 3.0451410333917011 1.7693365893355801
leaf_count=122 106 61 88 89 91 131 57 71 89 1936 61 75 363 86 121 101 132 814 571 2511 146 80 103
internal_value=0 -0.0133063 -0.0372918 0.000544238 0.0106544 0.0279709 -0.000468545 0.0100828 0.0293812 -0.000667987 -0.00683183 0.0136425 -0.0123393 -0.0312519 -0.00504299 0.00203458 -0.00937862 -0.00349258 0.00531342 0.00912108 -0.00960519 -0.00823372 -0.0529347
internal_weight=199.289 7.65499 3.5887 191.634 21.1681 8.5377 12.6304 9.77153 6.33666 170.466 52.7923 10.9055 41.8869 11.3769 30.5099 117.674 25.7574 22.8426 91.9164 73.6222 18.2942 5.67173 2.91484
internal_count=8005 255 149 7750 528 220 308 251 180 7222 908 216 692 208 484 6314 1150 946 5164 4447 717 141 204
is_linear=0
shrinkage=0.0540709


Tree=242
num_leaves=28
num_cat=0
split_feature=29 87 87 61 96 108 109 41 52 108 48 59 108 104 41 57 41 95 95 108 80 95 45 67 67 99 29
split_gain=0.531622 1.20093 1.72795 1.22294 3.32555 1.79287 2.37454 2.09465 1.44231 1.08096 1.05295 1.54552 2.90075 1.67382 1.65977 1.46325 3.04535 3.03652 2.83645 2.14327 2.0446 1.44845 1.12793 0.820014 0.542206 1.02546 0.462305
threshold=1.0000000180025095e-35 -16262.495499999995 -8241.632749999997 0.6530838243177165 215.41944210930075 -0.12084930523210689 1.4703789279383364 19046.991500000004 0.56872947241508343 -0.73242598314606733 144.50000000000003 1014.5000000000001 0.16344806087383404 0.011708406623066785 17770.242000000002 3948.556179087876 21894.145500000002 419.50000000000006 3408.5000000000005 -0.10603195962994121 19850.909500000005 1108.5000000000002 20.892349092080384 3.0625000000000004 7.8153409090909101 1.0000000180025095e-35 165.00000000000003
decision_type=2 2 2 2 2 2 2 2 2 2 2 2 2 2 2 2 2 2 2 2 2 2 2 2 2 2 2
left_child=1 -1 -3 4 8 6 -5 -7 -4 23 15 14 21 -14 -12 18 19 -18 20 -17 -11 -13 -16 -2 -25 -26 -27
right_child=9 2 3 5 -6 7 -8 -9 -10 10 11 12 13 -15 22 16 17 -19 -20 -21 -22 -23 -24 24 25 26 -28
leaf_value=0.028979659369439376 -0.026608064651732863 -0.023657242725838846 0.00018634064479147307 0.0080686102336842026 -0.029321945793212054 0.040445893928306935 -0.038281115265025194 0.0064275675367869642 0.033282708017102071 -0.0086497612558967402 -0.0048564915054311233 -0.005690204143907176 -0.0031283917064645716 0.053704270980268712 0.072095337573252621 -0.0010719543531082286 0.024084515556099549 -0.01305389519795048 0.065407510889690726 -0.048252869127825358 0.028582505585690345 -0.050746702206811899 0.014365057226724237 0.064289329045693122 0.035448432668251373 -0.046335836242421664 0.010777814830008036
leaf_weight=4.9854320762678972 0.8203889602154949 7.211953902617096 19.130798586993482 14.288000558968635 10.270264495629815 9.2235565760638583 4.1489057252183548 13.927634965395553 4.9699016814120105 24.475100793890313 2.7231446126970722 7.262722326453515 2.4475093495129832 3.1887005809039692 2.4679936393367825 4.4278509023570232 8.4143634959764295 26.597431282225443 1.9423328950506391 9.6857572565786505 5.2007907703446099 3.2180273630856391 2.2963537624455057 1.0939323227648854 2.9183832007693122 0.83000246348092355 0.50505417544627562
leaf_count=53 64 64 399 295 125 121 40 156 69 2615 107 182 89 69 51 247 316 1221 130 673 192 208 84 87 125 180 43
internal_value=0 0.00312582 0.00148651 0.0039717 -0.00341476 0.0102539 -0.00196402 0.0203024 0.00732031 -0.00250392 -0.00386331 0.00601672 -0.00300541 0.0277223 0.0264191 -0.00684324 -0.0127043 -0.00391641 0.00202959 -0.0339769 -0.00187403 -0.0202371 0.04584 0.0192899 0.0277211 0.0165514 -0.0192199
internal_weight=198.672 88.1564 83.171 75.9591 34.371 41.5881 18.4369 23.1512 24.1007 110.516 104.348 23.6045 16.117 5.63621 7.48749 80.7436 49.1254 35.0118 31.6182 14.1136 29.6759 10.4807 4.76435 6.16776 5.34737 4.25344 1.33506
internal_count=8005 1322 1269 1205 593 612 335 277 468 6683 6184 790 548 158 242 5394 2457 1537 2937 920 2807 390 135 499 435 348 223
is_linear=0
shrinkage=0.0540709


Tree=243
num_leaves=27
num_cat=0
split_feature=29 87 87 61 96 108 109 41 52 108 92 108 97 72 91 53 45 53 95 105 79 96 75 39 61 86
split_gain=0.480994 1.08816 1.54735 1.09858 2.97436 1.62059 2.11925 1.91912 1.18966 0.983109 0.924864 0.86626 1.43516 1.13721 3.18515 1.86996 1.74743 1.76018 1.13118 0.827797 0.665441 0.608509 0.359752 0.169155 0.118839 0.000866115
threshold=1.0000000180025095e-35 -16262.495499999995 -8241.632749999997 0.6530838243177165 218.5017290801259 -0.12084930523210689 1.4703789279383364 19046.991500000004 0.56872947241508343 -0.73242598314606733 28.500000000000004 -0.34142507195595045 4.9722222222222232 0.11542651248533596 14.500000000000002 0.11113739093871541 42.639117012469306 0.12791543481898812 1291.0000000000002 0.87147540927331602 1.5000000000000002 194.96287018285554 3882.6559190476196 3845.2070918972336 0.69183186925486184 -5189.2790044999974
decision_type=2 2 2 2 2 2 2 2 2 2 2 2 2 2 2 2 2 2 2 2 2 2 2 2 2 2
left_child=1 -1 -3 4 8 6 -5 -7 -4 10 19 12 -11 14 15 -13 17 -15 -16 24 22 -22 -14 -21 25 -2
right_child=9 2 3 5 -6 7 -8 -9 -10 11 -12 13 20 16 18 -17 -18 -19 -20 23 21 -23 -24 -25 -26 -27
leaf_value=0.027742704733485796 0.026457923611881078 -0.022345291944695617 0 0.0076608707362619795 -0.029192476180805692 0.038834149539018516 -0.036077047435856019 0.0060895152092509145 0.028778709851785402 0.042975020735342075 -0.014547341309153874 0.0033858939777495251 -0.019434253897644679 0.033635867450736573 -0.075344186233360838 -0.029326467862253441 -0.047789821981343038 0.0011771342859621735 -0.02001701302611527 -0.016142208782046624 0 -0.042532884477969685 0.027923788724483679 0.017657591660674824 0.060024278110138239 0
leaf_weight=4.9278576727956525 0.42406138608930599 7.2223643674515179 19.488904173427731 14.236363077303396 9.4389069378375989 9.0907753985375184 4.1640334213152519 13.906644319649784 5.4091526842676094 0.88064188201678817 1.5318667172687126 25.866331076722417 1.062878087075658 5.492874692863551 2.5714946624066206 6.3019340709870439 1.9125989834137715 49.641324528241967 2.6783444659013185 0.80624978656123836 1.1136445721786001 5.4352524382411502 0.83084679063176725 0.90837914220173843 1.9250004592031471 0.46435096730419878
leaf_count=53 21 64 402 295 115 121 40 156 76 56 108 2263 141 255 118 495 75 2213 152 59 67 302 47 74 126 111
internal_value=0 0.00297872 0.00141789 0.00378221 -0.00320733 0.009758 -0.00183852 0.0193571 0.00634854 -0.00238808 0.018578 -0.0036838 -0.0195012 -0.00204404 -0.00941327 -0.00279442 0.00266019 0.00454616 -0.0485448 0.0314176 -0.0269027 -0.0350706 0 0 0.0494747 0.018226
internal_weight=197.733 87.885 82.9571 75.7348 34.337 41.3978 18.4004 22.9974 24.8981 109.848 6.05991 103.788 9.32326 94.4649 37.4181 32.1683 57.0468 55.1342 5.24984 4.52804 8.44262 6.5489 1.89372 1.71463 2.81341 0.888412
internal_count=8005 1322 1269 1205 593 612 335 277 478 6683 499 6184 613 5571 3028 2758 2543 2468 270 391 557 369 188 133 258 132
is_linear=0
shrinkage=0.0540709


Tree=244
num_leaves=16
num_cat=0
split_feature=99 76 81 41 65 64 103 57 45 41 72 96 87 20 24
split_gain=0.464195 0.748343 0.875733 1.29109 1.49927 1.49329 1.36958 1.23672 0.627467 0.950554 0.87919 0.842368 0.835831 1.18114 0.306908
threshold=1.0000000180025095e-35 1035.5000000000002 24519.216375000007 34307.839000000007 6001.6981967217498 6427.5734445488733 18.391999999999999 7594.9450125000012 40.166228099026007 44673.408500000012 0.11925254213973562 383.71787990190205 -9186.9812500000025 18.500000000000004 189.00000000000003
decision_type=2 2 2 2 2 2 2 2 2 2 2 2 2 2 2
left_child=8 2 3 4 6 -6 -2 14 9 11 -10 12 -1 -14 -5
right_child=1 -3 -4 7 5 -7 -8 -9 10 -11 -12 -13 13 -15 -16
leaf_value=-0.013766974951262823 -0.00078586678292440562 -0.050939136616144146 0.030832306729623112 0.040373565763127936 0.061339113609379839 0.0033397754843949431 -0.029922456418210973 -0.054187281849708523 0.033370287429556909 -0.018606502637130526 0 0.018858635558303159 -0.00061756525574399666 0.013310654260018494 -0.010117697699500716
leaf_weight=11.006229265127329 19.932395961928709 1.0410875397647021 1.9649077568683413 0.53231748193502315 1.877088697059661 5.2271016718732426 6.4187147260745396 2.8782778343193058 4.1769107908476126 7.2107025471050283 4.3899640994495712 7.7366138390498227 100.55381839352776 21.425597899185959 0.67979020142229274
leaf_count=127 3408 118 67 6 129 417 949 477 71 89 60 127 1542 273 145
internal_value=0 -0.00515254 -0.00375629 -0.00576497 -0.00202247 0.0197187 -0.00816543 -0.0345516 0.00133877 0.000463172 0.0155922 0.00149311 0.000426978 0.00176852 0.00600197
internal_weight=197.052 40.5517 39.5106 37.5457 33.4553 7.10419 26.3511 4.09039 156.5 147.933 8.56687 140.722 132.986 121.979 1.21211
internal_count=8005 5716 5598 5531 4903 546 4357 628 2289 2158 131 2069 1942 1815 151
is_linear=0
shrinkage=0.0540709


Tree=245
num_leaves=19
num_cat=0
split_feature=13 7 113 69 47 105 49 48 47 47 77 76 48 45 44 50 17 86
split_gain=0.466089 0.742265 1.62874 0.863846 1.95487 3.06606 1.76043 1.59315 2.31099 3.12795 2.1055 1.92284 1.62635 1.52363 2.1893 0.958017 0.933884 0.156764
threshold=33.525000000000006 11.897227048854207 1.0000000180025095e-35 83.500000000000014 291.50000000000006 0.95140568321725005 23.500000000000004 38.500000000000007 160.50000000000003 106.50000000000001 39.500000000000007 117.50000000000001 48.500000000000007 12.936901859439933 20.714040311497943 18.500000000000004 23.500000000000004 -1129.8050105000123
decision_type=2 2 2 2 2 2 2 2 2 2 2 2 2 2 2 2 2 2
left_child=1 3 -3 7 5 6 -5 8 9 -1 12 -12 -9 -6 -15 -10 -7 -4
right_child=-2 2 17 4 13 16 -8 10 15 -11 11 -13 -14 14 -16 -17 -18 -19
leaf_value=0.000152239735091336 0.016520004420399755 0 -0.022593585256552851 0 -0.03832987667322095 0.0093502680796718109 0.047877423569595019 -0.013955759247811806 -0.057555833777272671 0.034988497878277305 -0.033359060772189017 -0.0067371466640027975 0.039750927067422365 0.027991609002253982 -0.0020112934506019797 -0.0061025618774633982 -0.03593654216267668 -0.061129823838146802
leaf_weight=46.038479810180434 4.8658365691080681 6.9831479862332344 1.3389687652816067 2.7444027249148375 2.8568251130782292 2.2763311225280622 8.9909604701897461 2.5957378893217529 2.3837629055196876 9.1127007524482888 12.399468493342281 24.739914891259104 3.8904924600064987 8.2325010156200715 50.252516470090995 2.5605984319772688 2.6627915726567153 1.7960990436258706
leaf_count=3589 70 91 59 63 103 93 226 80 65 365 424 735 220 228 1334 130 42 88
internal_value=0 -0.000421952 -0.0146911 0.000331977 0.00466648 0.0210848 0.0363013 -0.00285709 0.00275501 0.00604344 -0.0107571 -0.0158257 0.0171213 8.24418e-05 0.0020865 -0.0324177 -0.0135741 -0.0470542
internal_weight=196.722 191.856 10.1182 181.737 78.0163 16.6745 11.7354 103.721 60.0955 55.1512 43.6256 37.1394 6.48623 61.3418 58.485 4.94436 4.93912 3.13507
internal_count=8005 7935 238 7697 2089 424 289 5608 4149 3954 1459 1159 300 1665 1562 195 135 147
is_linear=0
shrinkage=0.0540709


Tree=246
num_leaves=24
num_cat=0
split_feature=106 29 27 20 17 20 25 39 54 52 32 24 85 78 84 85 91 52 94 96 92 96 109
split_gain=0.502756 1.1475 1.69579 2.31191 5.28925 2.28068 2.20589 1.71075 1.17358 1.50084 0.947806 0.822611 0.958697 1.87722 2.42957 1.60974 3.05778 1.39532 1.72203 1.38849 1.3391 1.26512 1.45998
threshold=0.81666666666666676 298.50000000000006 1.0000000180025095e-35 8.5000000000000018 21.500000000000004 15.500000000000002 52.500000000000007 11901.842543959332 1.0000000180025095e-35 0.80473923820815174 165.00000000000003 358.50000000000006 -16352.228499999996 0.59581754590498404 0.47017396461401606 -25683.779749999991 9.5000000000000018 0.38010843998493499 8.0000000000000018 191.36122431972791 31.500000000000004 165.78874169184289 0.51317497330874995
decision_type=2 2 2 2 2 2 2 2 2 2 2 2 2 2 2 2 2 2 2 2 2 2 2
left_child=1 2 3 6 5 -5 -1 -8 -4 10 -10 12 13 14 19 16 -15 18 20 -2 -14 -19 -23
right_child=11 -3 8 4 -6 -7 7 -9 9 -11 -12 -13 17 15 -16 -17 -18 21 -20 -21 -22 22 -24
leaf_value=0.0072653081428039378 -0.032168161256686853 -0.050965655161766023 -0.0092472679769234553 -0.022890251367762852 0.066409961938602061 0.0010824363288049761 -0.055869386834435424 0.00068134539635894521 0.049176665077188375 -0.0049996232102370282 0.0068391902894405724 0.019011738884495744 0.0168658588257669 -0.01721992894224314 -0.048243574371754638 0.051371752605576471 0.033899906764692782 -0.040125054511743169 0.067814580398535482 0.020778427550064291 -0.045628055802221117 -0.026789232845535478 -4.8194918690242904e-05
leaf_weight=3.3480606991797677 1.8269811938516811 1.4437442906782951 4.2842085035517803 15.61345728143351 3.1757571902126065 43.181203610953162 6.4860990497982112 1.7249699850872273 5.3822357784956676 3.4974056496284893 2.7875408548861742 8.2174339268240129 5.5852990057028347 5.9683610390056874 3.1271588173985947 3.9595760706870342 7.669089334201999 2.9405854551005168 1.657698306487873 6.0693135213805363 1.1896260611247269 6.8602940021664827 50.255317181654391
leaf_count=26 40 50 46 1139 26 3079 813 73 221 76 39 104 342 99 38 88 119 59 63 240 30 214 981
internal_value=0 -0.00295635 -0.00209792 -0.00563649 -0.00136954 -0.00515863 -0.0278685 -0.0430923 0.0137487 0.0228265 0.0356412 0.00253185 0.00106081 0.00942327 -0.00758729 0.0204989 0.0109865 -0.00232601 0.0180706 0.00758681 0.00479067 -0.00531355 -0.00339043
internal_weight=196.251 90.9247 89.4809 73.5295 61.9704 58.7947 11.5591 8.21107 15.9514 11.6672 8.16978 105.327 97.1093 28.6205 11.0235 17.597 13.6375 68.4888 8.43262 7.89629 6.77493 60.0562 57.1156
internal_count=8005 5588 5538 5156 4244 4218 912 886 382 336 260 2417 2313 624 318 306 218 1689 435 280 372 1254 1195
is_linear=0
shrinkage=0.0540709


Tree=247
num_leaves=26
num_cat=0
split_feature=29 95 61 68 109 42 42 97 49 108 99 92 65 103 42 65 49 45 42 55 105 64 42 105 61
split_gain=0.490055 1.03582 1.53227 1.1589 1.87145 1.83365 2.16448 1.50231 1.60101 0.861544 0.85898 0.850502 0.809416 1.53148 1.58319 1.24346 1.25386 1.5461 1.24586 0.789612 0.782495 0.691267 0.357997 0.189142 0.115355
threshold=1.0000000180025095e-35 2165.5000000000005 0.70563815089679804 4.5000000000000009 0.55966472621829377 131.11750000000004 237.87100000000001 8.1458281444582834 37.500000000000007 -0.73242598314606733 1.0000000180025095e-35 28.500000000000004 9545.8299241655532 121.54099999999998 78.662500000000009 8759.647781917809 99.500000000000014 26.683130010362692 270.5560000000001 46.500000000000007 0.87147540927331602 22084.318555299542 357.15100000000001 1.1212718588803881 0.68738611927973647
decision_type=2 2 2 2 2 2 2 2 2 2 2 2 2 2 2 2 2 2 2 2 2 2 2 2 2
left_child=1 3 -3 10 5 -5 -7 8 -6 11 -1 20 15 14 -14 16 17 -11 -18 -15 24 -16 -17 -22 -2
right_child=9 2 -4 4 7 6 -8 -9 -10 12 -12 -13 13 19 21 22 18 -19 -20 -21 23 -23 -24 -25 -26
leaf_value=0.047437514660957039 0.016452943426269837 -0.03141168487339923 0.003988876218134701 -0.032458285865107711 -0.010053626895030608 0.036375135792326402 -0.014017826308002454 0.032015573576772344 0.012442269038474597 -0.0032735001938517441 0.00021490089506660898 -0.014392193152502241 0.017376558279961232 0.033144966649621653 -0.059607206049824647 0.0062118351509293703 0.021726559714263183 -0.027561157236784602 -0.0073854727221824828 -0.012449623624891673 -0.017206221001678925 -0.006165162837343992 0.049270403006721218 0.019013617789694216 0.058313556516063049
leaf_weight=3.2747766736429185 0.85484432589146253 5.8881892787758252 8.3378913323394936 7.1272981725633171 13.414117861073462 3.7133714319206756 7.4356655881274492 7.3028342704637899 28.283936837222427 62.254192556472844 2.2078929035924366 1.5108279864653011 1.17285815906507 1.8709781273500992 3.935149608150823 1.5427881343930487 10.372098478394038 8.9449729112675396 6.844987416490766 2.4677512256912451 0.83658213984745067 1.2578187433682613 1.6686514363391323 0.84058791390270926 1.8679995455458991
leaf_count=275 129 83 114 86 155 78 124 102 260 4609 45 108 61 57 217 84 334 411 219 90 68 54 48 65 129
internal_value=0 0.0030116 -0.0101465 0.0056861 0.00361217 -0.0109702 0.00210738 0.00920218 0.00502802 -0.00243877 0.029776 0.0174147 -0.0036581 -0.0178119 -0.0348685 -0.00192352 -0.00320016 -0.00642939 0.00972379 0.00551605 0.0300169 -0.0480934 0.0309031 0 0.0479073
internal_weight=195.229 86.986 14.2261 72.7599 67.2772 18.2763 11.149 49.0009 41.6981 108.243 5.48267 5.91084 102.332 10.7046 6.36583 91.6277 88.4163 71.1992 17.2171 4.33873 4.40001 5.19297 3.21144 1.67717 2.72284
internal_count=8005 1322 197 1125 805 288 202 517 415 6683 320 499 6184 479 332 5705 5573 5020 553 147 391 271 132 133 258
is_linear=0
shrinkage=0.0540709


Tree=248
num_leaves=26
num_cat=0
split_feature=99 76 86 67 66 69 85 43 60 51 5 62 73 65 67 65 20 85 106 53 120 52 84 60 71
split_gain=0.453818 0.709087 0.781898 1.28303 1.68623 2.05904 0.9926 0.90225 1.90382 0.972889 0.911166 0.562797 1.19844 1.8656 2.09349 1.82225 1.96973 2.45193 1.22773 2.0242 1.39019 1.07807 1.07551 0.949755 0.016115
threshold=1.0000000180025095e-35 1035.5000000000002 18673.598689000013 31.409677419354843 832.50000000000011 100.50000000000001 65289.253000000026 4986.5000000000009 1779.5000000000002 1808.0000000000002 299.50000000000006 27.500000000000004 8.5000000000000018 4245.8541065993859 21.550055617352619 6432.3154710711124 18.500000000000004 5606.36599999999 0.41666666666666674 0.13334830115252208 1.5000000000000002 0.82657893052918985 0.70011441647597261 837.50000000000011 0.50586709273958019
decision_type=2 2 2 2 2 2 2 2 2 2 2 2 2 2 2 2 2 2 2 2 2 2 2 2 2
left_child=11 2 3 4 5 -2 24 8 9 -4 -10 12 13 18 -15 16 17 -14 20 -20 -1 22 -13 -16 -5
right_child=1 -3 7 6 -6 -7 -8 -9 10 -11 -12 21 15 14 23 -17 -18 -19 19 -21 -22 -23 -24 -25 -26
leaf_value=-0.049351673969964066 -0.00057072435236867893 -0.050538417875385454 0 -0.0015923567000945364 0.053236296570345981 -0.04725220919818577 0.0083344989540590914 0.059618711237447927 0.009295122075473396 0.061481360214143653 -0.052406576488991941 0.011995773171570799 -0.017842323933701131 0.046101312841845994 -0.012446803301780277 -0.0249384816219962 0.022525895575369086 0.013813913902143513 -0.013929266873885009 0.012100647680230336 -0.0036745494131304023 0.024463867877995329 -0.0098354798701145354 0.016811626430768618 -0.053755884738770306
leaf_weight=3.0058344249846396 23.313590912192023 1.0055285679627548 1.7177049064193846 0.31953169478219923 1.4420712487808476 3.1870444938394931 0.85410231091736921 1.0190285220451185 0.84957594140723847 1.6080400052596813 1.8049448748733992 14.314734750776553 21.241001206362856 5.7220635118428644 4.7091840284410855 12.161559444444718 8.23506190930493 10.543019992881453 13.265851682634091 25.010869333287701 6.7114906720817089 8.303789926285388 12.034734132204902 9.3039552283007634 2.8249276341321092
leaf_count=65 3811 118 190 89 58 548 53 17 79 104 196 128 178 107 80 125 91 89 405 496 163 82 108 172 453
internal_value=0 -0.00514233 -0.00377755 -0.00750885 -0.0031175 -0.00646707 -0.0363306 0.0121916 0.00285586 0.0312125 -0.0298854 0.00132276 -0.000372825 0.00430616 0.0183259 -0.00658761 -0.000825152 -0.00710893 -0.00130533 0.0028859 -0.0185721 0.00740287 0.00174419 0.00645141 -0.0508089
internal_weight=194.509 39.9461 38.9406 31.9413 27.9427 26.5006 3.99856 6.99929 5.98027 3.32574 2.65452 154.563 119.91 67.7292 19.7352 52.1806 40.0191 31.784 47.994 38.2767 9.71733 34.6533 26.3495 14.0131 3.14446
internal_count=8005 5716 5598 5012 4417 4359 595 586 569 294 275 2289 1971 1488 359 483 358 267 1129 901 228 318 236 252 542
is_linear=0
shrinkage=0.0540709


Tree=249
num_leaves=12
num_cat=0
split_feature=98 57 100 7 3 90 27 2 51 86 86
split_gain=0.451667 0.870828 0.551611 0.738156 1.64832 0.871762 0.912531 1.35725 0.790113 0.627187 0.0459716
threshold=1.4438057529829535 2552.4115472972981 33.525000000000006 11.897227048854207 0.58333333333333337 -0.74999999999999989 1.0000000180025095e-35 3.5000000000000004 645.50000000000011 -1.0000000180025095e-35 -1129.8050105000123
decision_type=2 2 2 2 2 2 2 2 2 2 2
left_child=2 -2 3 5 -5 8 7 -7 -1 -8 -6
right_child=1 -3 -4 4 10 6 9 -9 -10 -11 -12
leaf_value=0 -0.042943071303182978 0.0048952915265447223 0.018867435927327973 0 -0.026286690508536586 -0.00056783502616870049 0.026304335985987234 -0.052346567332509163 0.051516195454437919 0.0032538729540957821 -0.060658632854122894
leaf_weight=1.8201365706045174 2.0556788216417767 1.9061743341153485 4.5996657938230774 6.8082831639330834 1.2312829418806361 154.08564923472295 6.0733376349089694 1.4983947817818251 1.8614224297343751 10.072261907393111 1.6748733536951457
leaf_count=123 76 124 67 89 58 6136 205 768 61 213 85
internal_value=0 -0.0180718 0.000369521 -5.03723e-05 -0.0145937 0.000713083 0.000111546 -0.00111473 0.0267493 0.0123846 -0.0486678
internal_weight=193.687 3.96185 189.725 185.126 9.71444 175.411 171.73 155.584 3.68156 16.1456 2.90616
internal_count=8005 200 7805 7738 232 7506 7322 6904 184 418 143
is_linear=0
shrinkage=0.0540709


Tree=250
num_leaves=26
num_cat=0
split_feature=106 29 27 118 25 17 45 54 52 32 69 5 87 92 45 98 63 82 95 98 87 104 49 69 62
split_gain=0.442114 1.03931 1.50547 1.56083 2.2776 1.87346 1.28596 1.07777 1.40065 0.939057 0.931219 0.927715 0.964957 1.99024 2.06653 1.88742 2.95504 2.87587 1.61103 2.42873 1.46185 1.42947 1.34421 4.17541 2.26609
threshold=0.81666666666666676 298.50000000000006 1.0000000180025095e-35 1.0000000180025095e-35 52.500000000000007 21.500000000000004 10.579178670442834 1.0000000180025095e-35 0.80473923820815174 165.00000000000003 348.50000000000006 512.50000000000011 -357.78824999999773 30.500000000000004 20.158535211539668 0.74425219940599729 105275.79800000002 54.500000000000007 1108.5000000000002 0.87965766233971521 343.57549999999998 -0.45063776970193964 37.500000000000007 134.50000000000003 18.500000000000004
decision_type=2 2 2 2 2 2 2 2 2 2 2 2 2 2 2 2 2 2 2 2 2 2 2 2 2
left_child=1 2 3 4 -1 6 -5 -4 9 -9 -6 12 13 15 -15 16 -2 -17 22 20 -20 -21 24 -24 -14
right_child=11 -3 7 5 10 -7 -8 8 -10 -11 -12 -13 18 14 -16 17 -18 -19 19 21 -22 -23 23 -25 -26
leaf_value=0.0069414795101696326 -0.056980835755840391 -0.049409469437432581 -0.008922596013627054 -0.024518711797167955 -0.056980744159065053 0.029647334197803923 -0.0015650911488756104 0.048551843344763396 -0.0049590645863146982 0.0059565400191062164 0 0.020004420775122385 0.011150502897095528 0.043862019002914497 -0.0088020782428672555 0.017066283199490342 -0.00062444592262287269 -0.026004300529717667 0.036536978190860901 0.0062112182826428936 -0.0018995196971398885 -0.038308800357885434 0.051894126423562136 -0.00031253067654914683 -0.039834598479300397
leaf_weight=3.3163776714354736 5.7679422887740674 1.3881780126976071 4.2338068122044197 8.5115309331449662 4.7798987605492584 4.9040084018488406 50.019387280373849 5.1562357108341512 3.4353145075729117 2.7469607116654515 0.79489667242160056 8.0955077498801966 14.053971439949239 4.2600819031940755 4.0775781117845327 10.381194597895957 5.6592906237056013 8.0042877919186122 4.0189421616960344 2.5861054764245637 9.1954414232750405 7.3304877673508582 8.0635855710133928 9.4489704577281355 3.0963907628611187
leaf_count=26 61 50 46 1721 680 49 2650 221 76 39 30 103 590 95 56 208 88 144 245 86 237 192 155 119 38
internal_value=0 -0.00279842 -0.00197701 -0.0053335 -0.0266259 -0.00223179 -0.00503005 0.0131363 0.022025 0.0346874 -0.047915 0.00238811 0.00082424 -0.00575764 0.0172245 -0.0124337 -0.0297227 -0.00128378 0.00529695 -0.00553273 0.00923516 -0.0259546 0.0127368 0.0233073 0.00151067
internal_weight=193.326 89.2866 87.8984 72.3261 8.89117 63.4349 58.5309 15.5723 11.3385 7.9032 5.5748 104.04 95.9443 38.1504 8.33766 29.8127 11.4272 18.3855 57.7939 23.131 13.2144 9.91659 34.6629 17.5126 17.1504
internal_count=8005 5588 5538 5156 736 4420 4371 382 336 260 710 2417 2314 652 151 501 149 352 1662 760 482 278 902 274 628
is_linear=0
shrinkage=0.0540709


Tree=251
num_leaves=18
num_cat=0
split_feature=105 73 47 98 42 42 94 36 92 62 92 36 47 98 50 97 77
split_gain=0.446367 0.723292 0.764048 0.598161 0.501478 3.18099 2.18031 1.69995 1.5329 1.83953 1.31745 2.03712 1.28371 1.17166 2.00583 1.61628 0.354131
threshold=1.3503255667508227 9.5000000000000018 136.50000000000003 1.4438057529829535 243.74850000000001 217.74300000000002 3.5000000000000004 66.500000000000014 20.500000000000004 27.500000000000004 21.500000000000004 77.500000000000014 857.50000000000011 0.91142774290928774 87.500000000000014 18.571572580645164 9.5000000000000018
decision_type=2 2 2 2 2 2 2 2 2 2 2 2 2 2 2 2 2
left_child=3 2 -2 4 5 10 -7 -8 9 -6 11 -1 -12 14 -10 -15 -5
right_child=1 -3 -4 16 8 6 7 -9 13 -11 12 -13 -14 15 -16 -17 -18
leaf_value=-0.0037672466905731734 0.00081809335438930153 -0.011367713351515835 0.049486024756619895 0 -0.0049950372797318392 -0.0069185628515892241 0.016638678773895209 0.061097429707963169 0.0043062632470738616 0.037385207340441748 -0.0004601656892747748 -0.045803211621541266 0.02379560787432692 -0.033309706134056351 -0.020056731062283423 0.015452430850638644 -0.045464734456376138
leaf_weight=14.618563474359691 2.2257797601487246 1.8675092871562808 2.1889506176594296 1.3259202544577413 6.2444291743449849 4.195549894226132 6.1805017423102964 5.0926041159764281 30.285506612453901 5.3335397286864463 73.660770973059698 4.5783388558484139 6.9341932572278884 9.2907855299235944 14.47070791137048 2.2965406256407723 1.3658347639066049
leaf_count=220 118 83 75 59 88 87 294 144 1311 53 4249 71 181 301 459 138 74
internal_value=0 0.0141618 0.0266349 -0.000490101 -7.76235e-05 0.00205271 0.0248925 0.0373863 -0.00380149 0.013893 -0.00141407 -0.0141816 0.00153562 -0.00756909 -0.0034063 -0.0230065 -0.0257941
internal_weight=192.156 6.28224 4.41473 185.874 183.182 115.261 15.4687 11.2731 67.9215 11.578 99.7919 19.1969 80.595 56.3435 44.7562 11.5873 2.69176
internal_count=8005 276 193 7729 7596 5246 525 438 2350 141 4721 291 4430 2209 1770 439 133
is_linear=0
shrinkage=0.0540709


Tree=252
num_leaves=17
num_cat=0
split_feature=29 87 87 85 87 86 96 27 2 20 95 97 6 51 44 61
split_gain=0.472171 1.0062 1.30905 1.31991 1.42099 1.51754 0.771245 0.71822 1.37206 1.08146 1.06051 0.756566 0.685717 0.679192 1.27544 0.417705
threshold=1.0000000180025095e-35 -16262.495499999995 -8241.632749999997 43847.247000000003 7641.6332500000017 -14909.099093500001 629.0982136044928 1.0000000180025095e-35 3.5000000000000004 29.500000000000004 173.50000000000003 22.148148148148156 94.500000000000014 1984.5000000000002 17.550055617352616 0.86658952937826206
decision_type=2 2 2 2 2 2 2 2 2 2 2 2 2 2 2 2
left_child=1 -1 -3 4 5 -4 7 8 9 10 -2 13 -10 14 -9 -8
right_child=6 2 3 -5 -6 -7 15 11 12 -11 -12 -13 -14 -15 -16 -17
leaf_value=0.027211374607728409 0.013685015299699375 -0.020584231942438386 0.02767993357716305 -0.022049766310967639 0.022244590116502292 -0.0010182825342940566 -0.060129188526109961 0.0096397549049524675 0.032878826005860534 0.041296185941955117 -0.0057227172252748756 0.036020632527884545 -0.054165341884655147 0.020942382274931011 -0.028075452296362276 -0.0054895305703807776
leaf_weight=4.762331328354775 9.1049786491785181 7.0866523552685967 5.9921305734314947 5.2933894246816626 12.579429933568461 49.8908577025868 1.0417164769169169 7.0059480172931234 0.18894517421722357 1.5866377984857525 72.73647348369559 2.4809524123556903 2.2153230294552486 4.5351295576547264 4.0831602762045804 1.2452264059902516
leaf_count=53 401 64 179 43 115 868 51 214 1 65 4715 94 863 79 103 97
internal_value=0 0.00297362 0.00145369 0.0036719 0.00576925 0.00192762 -0.0024227 -0.00166402 -0.00378711 -0.0025319 -0.00347296 0.0079921 -0.0442298 0.0030641 -0.00358387 -0.0336405
internal_weight=191.829 85.6048 80.8425 73.7558 68.4624 55.883 106.224 103.938 85.8324 83.4281 81.8415 18.1052 2.40427 15.6242 11.0891 2.28694
internal_count=8005 1322 1269 1205 1162 1047 6683 6535 6045 5181 5116 490 864 396 317 148
is_linear=0
shrinkage=0.0540709


Tree=253
num_leaves=9
num_cat=0
split_feature=53 51 40 96 104 57 52 20
split_gain=0.435476 0.496076 0.742858 0.665874 0.670705 1.40521 0.639929 0.374005
threshold=0.59073013600572666 11019.000000000002 16884.34985599131 761.38850579710163 -0.85068114658283844 5933.2190035714293 0.91770878530548161 -3.4999999999999996
decision_type=2 2 2 2 2 2 2 2
left_child=1 2 3 4 5 -1 -6 -2
right_child=7 -3 -4 -5 6 -7 -8 -9
leaf_value=0.035454766448894261 0 -0.026438696587259874 0.035083659771279564 -0.032030003603258313 -0.00081959438522460426 -0.017628466031870918 0.013902644280856599 -0.052360160160750117
leaf_weight=4.382506642752559 0.95162990014068782 2.0026985014264929 1.8056001755758178 1.8469917164948118 168.29849173727598 1.97306489633047 9.0931685696996265 0.85707461301353649
leaf_count=302 20 67 57 108 6808 96 424 123
internal_value=0 0.000240513 0.000565371 0.00018932 0.000553782 0.0178123 -2.30997e-05 -0.0264013
internal_weight=191.211 189.403 187.4 185.594 183.747 6.35557 177.392 1.8087
internal_count=8005 7862 7795 7738 7630 398 7232 143
is_linear=0
shrinkage=0.0540709


Tree=254
num_leaves=27
num_cat=0
split_feature=32 24 83 56 59 63 53 52 115 115 115 46 41 95 95 40 59 20 72 78 95 108 42 82 78 97
split_gain=0.424918 1.13321 2.14254 1.69539 1.37615 1.555 1.05583 1.31896 1.30736 1.16563 3.09636 1.8924 1.75259 1.68029 1.39394 0.929183 0.900167 1.27747 0.871416 1.26876 1.23604 0.785782 0.595313 0.294298 0.571621 0.255624
threshold=149.50000000000003 358.50000000000006 456.50000000000006 294426.19800000003 457.50000000000006 82295.116000000024 0.36182795698924736 0.40316329082270569 167.32529871794875 252.77778728338976 265.02222185641466 3739.0000000000005 29165.346500000003 84.500000000000014 198.50000000000003 3600.4345349521691 679.00000000000011 1.0000000180025095e-35 0.29550505050505055 0.87503454947484804 368.50000000000006 -0.09523655603296248 70.13000000000001 270.50000000000006 0.74008914619348898 4.3115942028985517
decision_type=2 2 2 2 2 2 2 2 2 2 2 2 2 2 2 2 2 2 2 2 2 2 2 2 2 2
left_child=1 6 3 4 15 -6 9 16 25 13 11 -11 -12 -1 -15 -3 17 -8 19 20 -2 -10 -22 24 -5 -9
right_child=18 2 -4 23 5 -7 7 8 21 10 12 -13 -14 14 -16 -17 -18 -19 -20 -21 22 -23 -24 -25 -26 -27
leaf_value=-0.032390067088171437 0.0014373015055998979 0.009029060795500048 -0.033168755834332764 0.046902280717517363 -0.047456975838828262 0.0054323644989417337 0.0058704918256564237 -0.072436333029699429 0.027342049276708334 -0.041925502687487286 0.011039141102637361 0.020508236980597096 -0.010026302677385919 0.033211526807468042 0.004482748070503596 0.051996055539593772 0.032714525483481041 -0.038223051788361086 0.0160055312149378 0.0096870725942274482 -0.065652384635180486 -0.029993389239612367 -0.024798052975271191 0.058041905278682068 0.004479363819924467 -0.033029056533895762
leaf_weight=3.304467765861772 2.7193050438654591 5.7330062062974374 2.7034099784068522 2.3701022412133161 2.2504417020609244 5.203264928299177 5.1350270204711723 1.7549568566755618 1.2661324878208691 8.8185088995887764 23.526546661232715 1.5186129637731927 22.590499786037981 5.4601752746966659 68.198497312288964 2.3080524065662757 1.8416461273736775 2.8855480994097888 3.1171945675741872 3.805845998125732 2.0992749651195481 1.5012644166054085 4.120257833856158 2.4094327729835641 2.2379323980967456 2.1898806947720004
leaf_count=100 56 300 76 54 88 136 92 19 65 410 1021 48 809 166 3526 105 32 271 65 73 46 72 124 40 94 117
internal_value=0 0.000751223 0.0113804 0.0170611 0.00649629 -0.00955395 -0.00098654 -0.0138747 -0.0323912 0.000559364 -0.00527869 -0.0320362 0.000559954 0.00493777 0.00671361 0.0222917 -0.000518779 -0.00907773 -0.00848985 -0.0150627 -0.0264267 -0.00109181 -0.0397937 0.0393262 0.0279143 -0.0524632
internal_weight=191.069 175.207 25.2156 22.5122 15.4948 7.45371 149.992 16.5745 6.71223 133.417 56.4542 10.3371 46.117 76.9631 73.6587 8.04106 9.86222 8.02058 15.8619 12.7447 8.93884 2.7674 6.21953 7.01747 4.60803 3.94484
internal_count=8005 7641 893 817 629 224 6748 668 273 6080 2288 458 1830 3792 3692 405 395 363 364 299 226 137 170 188 148 136
is_linear=0
shrinkage=0.0540709


Tree=255
num_leaves=30
num_cat=0
split_feature=105 97 105 17 104 103 103 103 103 48 43 40 46 105 59 108 56 57 40 20 87 81 94 67 82 51 5 80 1
split_gain=0.434643 1.45234 1.11198 1.49241 2.01777 1.0473 3.06173 2.47818 1.82542 1.62383 1.26189 2.5585 2.05246 2.23109 2.17431 1.10972 0.997224 1.68948 1.12015 1.14909 1.05347 0.94005 0.650486 0.68677 0.483057 0.482409 0.339519 0.281541 0.201997
threshold=0.89808705688280666 17.500000000000004 0.86026955097533786 33.500000000000007 -0.24090614192800222 18.930500000000013 32.624499999999991 38.131 65.852999999999994 49.500000000000007 1457.5000000000002 4290.6581129866872 813.50000000000011 0.83638468725498349 714.50000000000011 0.027627259903880489 35663.397000000004 2594.2227414285721 7386.3621992247918 15.500000000000002 3532.9310000000009 4097.2917500000003 8.0000000000000018 22.914855072463773 38.500000000000007 806.50000000000011 358.50000000000006 10535.396500000004 1.0000000180025095e-35
decision_type=2 2 2 2 2 2 2 2 2 2 2 2 2 2 2 2 2 2 2 2 2 2 2 2 2 2 2 2 2
left_child=2 16 5 4 -4 10 9 -8 -9 25 12 21 13 -1 -14 -13 -2 24 19 -19 -20 -12 23 28 -18 -7 -11 -6 -3
right_child=1 22 3 -5 27 6 7 8 -10 26 11 15 14 -15 -16 -17 17 18 20 -21 -22 -23 -24 -25 -26 -27 -28 -29 -30
leaf_value=0.0014986415639398887 0.041940598645419776 -0.063350818730766478 0.011705337056840827 0.0057255152351004326 -0.020146253300320771 0.015293547482131149 0.042650589811791144 -0.025144599923933905 0.0029628229873534346 -0.076501572234512302 0.071179010480899002 0 -0.050656040124075791 0.059773861870227943 -0.0021253959791650546 0.038129801125013643 -0.051096111623452359 0.0055794760537214638 -0.019955141945421355 0.026915214512355679 0.013892446567686146 0.018490468503815641 0 0 -0.0050214920962727136 -0.025416654158732326 -0.036520679290105024 -0.061180081799377672 -0.014263499081826479
leaf_weight=38.054140081359947 2.3034301698644404 1.7578304238923008 1.7951781623778513 4.1577623961493373 1.2657706559257329 1.3991293798753752 3.5480321250652187 9.3640224522714544 23.061351861177172 2.325056770183437 2.6896446788014172 17.38473752654318 4.485816369779057 2.0427547941872026 7.6395736313133966 2.5049258937069672 1.7991173818736563 24.83124336405308 7.0248938001604966 11.332522294804219 4.1163971012574621 2.3142859342478914 1.9722465574741361 0.98613181879045431 1.6947695378185015 1.8212319035301332 2.2975456618478347 3.6926401653618086 0.79931846947874863
leaf_count=3002 73 180 67 52 50 70 91 326 636 49 59 588 160 56 244 44 62 667 232 473 150 83 102 49 78 69 90 176 27
internal_value=0 0.00386766 -0.00172838 -0.0182659 -0.0341271 -0.000174834 -0.00690793 -2.71095e-05 -0.00492744 -0.0375174 0.00355508 0.0135959 -0.00109007 0.0046549 -0.0206947 0.00448751 0.00671811 0.00497376 0.00777926 0.012471 -0.00678585 0.0483059 -0.0222282 -0.0361297 -0.030878 -0.00543755 -0.0582548 -0.0522085 -0.0509201
internal_weight=190.462 58.6179 131.844 10.9114 6.75359 120.932 43.8164 35.9734 32.4254 7.84296 77.1159 24.8936 52.2223 40.0969 12.1254 19.8897 53.1024 50.7989 47.3051 36.1638 11.1413 5.00393 5.51553 3.54328 3.49389 3.22036 4.6226 4.95841 2.55715
internal_count=8005 2093 5912 345 293 5567 1331 1053 962 278 4236 774 3462 3058 404 632 1735 1662 1522 1140 382 142 358 256 140 139 139 226 207
is_linear=0
shrinkage=0.0540709


Tree=256
num_leaves=30
num_cat=0
split_feature=29 87 87 98 76 61 96 53 109 48 103 108 48 95 48 96 57 41 95 95 86 108 17 41 92 61 107 45 45
split_gain=0.477421 0.9222 1.14784 2.31239 3.12941 1.34062 2.02437 1.93929 3.06318 1.85029 1.39385 0.760755 0.851431 1.26559 1.43517 1.50114 1.26477 2.74703 2.42803 2.34357 1.68584 1.6752 0.995789 0.991008 0.725577 0.666322 0.394666 0.320554 0.112554
threshold=1.0000000180025095e-35 -16262.495499999995 -357.78824999999773 0.74425219940599729 76.500000000000014 0.6530838243177165 215.41944210930075 0.087004548909788759 1.4703789279383364 32.500000000000007 31.844000000000005 -0.73242598314606733 144.50000000000003 1641.5000000000002 177.50000000000003 222.46327455141096 3948.556179087876 21455.070000000003 419.50000000000006 3408.5000000000005 -591.13892449999878 -0.15978632448124883 9.5000000000000018 23874.509500000004 28.500000000000004 0.68590717792845457 1.0000000180025095e-35 13.285831059400136 17.675568368443589
decision_type=2 2 2 2 2 2 2 2 2 2 2 2 2 2 2 2 2 2 2 2 2 2 2 2 2 2 2 2 2
left_child=1 -1 3 -3 -5 6 10 9 -9 -7 -4 24 16 14 23 -16 19 20 -19 21 -18 -13 -15 -14 25 26 -2 -28 -27
right_child=11 2 5 4 -6 7 -8 8 -10 -11 -12 12 13 22 15 -17 17 18 -20 -21 -22 -23 -24 -25 -26 28 27 -29 -30
leaf_value=0.026377600789804501 0.034470488402906445 -0.026439323805553454 0 0.035202646412133977 -0.011047914619730096 0.022440720145449854 -0.027172836393459708 0.038782590227543892 -0.010406132464506699 -0.026967554018810465 0.040651547337419679 -0.029809674608970865 0.06007520520645155 0.010142892504996434 -0.015870821897017256 0.018850982705620845 -0.0067464371335432581 0.021511565884800108 -0.012078312978258201 0.059868857825219328 -0.049122330265509807 0.0042561542272043021 -0.048404686220687505 0.0061618722020428084 -0.013074731724309518 0.058650499428754846 0.0026427032622561085 -0.04691024828159536 0.017369957289672208
leaf_weight=4.702418469823896 0.66029538412112732 11.064141226932408 13.346236430690629 6.4706592420116094 12.330430336762218 3.8031305652111786 6.9987063177395603 13.179309146245943 4.8509889659471801 5.1171406009234488 3.0134684294462195 5.1188861870614408 2.5693450203689343 1.140552814536931 6.8231042972256528 7.6733267748495564 4.9006950471011805 8.2574482336967758 25.557014505051484 1.9236636445129978 7.8538599458406662 23.290605205540487 2.0645329076942289 2.1830550069862511 1.4339041706698479 1.578448406638927 0.41750370885711052 0.58903044572798535 0.92628020115080278
leaf_count=53 44 88 373 114 107 106 97 247 47 68 22 399 73 97 190 204 305 327 1251 130 574 2408 143 83 108 113 102 46 86
internal_value=0 0.00300963 0.00154617 -0.00672889 0.00447901 0.00660554 -0.00260837 0.0148651 0.025139 -0.00507376 0.00745082 -0.00244407 -0.00359897 0.00548898 0.0109973 0.00199859 -0.00634866 -0.011969 -0.00365628 0.00203651 -0.0334235 -0.00162356 -0.0252728 0.0368783 0.0167018 0.0287093 0 -0.0190671 0.0463611
internal_weight=189.838 84.8766 80.1742 29.8652 18.8011 50.309 23.3584 26.9506 18.0303 8.92027 16.3597 104.962 99.3561 22.4539 19.2488 14.4964 76.9022 46.569 33.8145 30.3332 12.7546 28.4095 3.20509 4.7524 5.60546 4.17156 1.66683 1.00653 2.50473
internal_count=8005 1322 1269 309 221 960 492 468 294 174 395 6683 6184 790 550 394 5394 2457 1578 2937 879 2807 240 156 499 391 192 148 199
is_linear=0
shrinkage=0.0540709


Tree=257
num_leaves=30
num_cat=0
split_feature=99 16 5 5 29 17 17 86 86 57 57 87 38 79 108 95 42 4 42 50 42 42 103 95 50 86 9 50 20
split_gain=0.485315 0.685347 1.52992 1.18107 1.29482 1.73187 1.69407 1.22972 0.988113 0.944499 0.95291 0.882366 2.30231 1.24843 0.689333 0.603095 0.584141 1.47076 0.846587 1.42402 1.20128 1.78295 2.71284 1.61043 1.14123 1.07302 0.809232 0.380383 0.319795
threshold=1.0000000180025095e-35 39.500000000000007 297.50000000000006 139.00000000000003 165.00000000000003 27.500000000000004 12.500000000000002 67492.406864500022 -13711.578181499999 2594.2227414285721 1803.3215450000002 6000.2532500000043 320632.44900000008 3.5000000000000004 -0.22006612505141918 140.50000000000003 1.2670000000000001 0.22500000000000003 9.9455000000000009 35.500000000000007 51.702000000000005 112.53550000000001 33.409999999999997 1096.5000000000002 35.500000000000007 14653.846241999929 119.50000000000001 1.5000000000000002 1.0000000180025095e-35
decision_type=2 2 2 2 2 2 2 2 2 2 2 2 2 2 2 2 2 2 2 2 2 2 2 2 2 2 2 2 2
left_child=16 3 9 -2 6 7 14 -6 -4 10 28 12 -10 -13 -5 -8 17 -1 19 -18 23 22 -22 24 -20 -23 -19 -12 -3
right_child=1 2 8 4 5 -7 15 -9 11 -11 27 13 -14 -15 -16 -17 18 26 20 -21 21 25 -24 -25 -26 -27 -28 -29 -30
leaf_value=-0.043811556675107451 0.051829243946762582 0 -0.046845787054348963 0.051457286602942888 -0.044937700860777786 0.022231584763900233 0 0.040944965089893259 -0.00021974063892824146 -0.053401098983217356 0.071127587663949013 0.050006359897486002 0.043986217176580501 -0.026718197322182894 -0.014699400374386598 -0.055530870598638628 0.039473504347655251 -0.014210328827194635 0.020552220040675077 0 0.00348678748916281 0.0032946807295920325 0.054108985800646346 -0.033956497836160338 -0.015842544109818193 -0.010376395155546891 0.029694964472664377 0 -0.04903166785206961
leaf_weight=2.874851426575332 0.69391704350709815 1.0536501258611712 0.87411176111891364 0.72352375491755072 2.9053167725724056 3.9638149105012417 0.56863218545913685 0.4955647030728868 8.0139863649455965 2.1443543717105058 0.49474118364742015 0.72264953838020973 5.6372533990215734 3.1972879447112064 1.0211064470931868 4.888322668208275 4.6351820834388473 2.6602781387045979 4.6262796748196724 6.5841638321289793 9.76392203819705 78.777654947451083 4.7863397653563871 6.3577868862194 5.5024436448584311 21.283335637417622 2.1545854543801397 0.45131801391835324 0.97588083438313322
leaf_count=95 9 26 196 34 617 31 22 17 1023 1147 14 30 290 355 133 612 82 98 75 74 173 1191 40 98 61 207 95 161 999
internal_value=0 -0.005387 8.57964e-05 -0.0143213 -0.0179873 -0.000994097 -0.0343337 -0.0302331 0.00765551 -0.0257338 -0.00328882 0.0107928 0.0174978 -0.0106695 0.00853529 -0.0493911 0.0013955 -0.0129794 0.00222433 0.0165198 0.000944297 0.0029598 0.0206526 -0.0126174 5.19775e-05 0.000312765 0.00390682 0.0384495 -0.0264033
internal_weight=188.832 38.8254 23.5652 15.2602 14.5663 7.3647 7.20159 3.40088 18.4453 5.11994 2.97559 17.5712 13.6512 3.91994 1.74463 5.45695 150.007 7.68972 142.317 11.2193 131.098 114.611 14.5503 16.4865 10.1287 100.061 4.81486 0.946059 2.02953
internal_count=8005 5716 4241 1475 1466 665 801 634 1894 2347 1200 1698 1313 385 167 634 2289 288 2001 156 1845 1611 213 234 136 1398 193 175 1025
is_linear=0
shrinkage=0.0540709


Tree=258
num_leaves=24
num_cat=0
split_feature=106 95 61 61 40 39 45 42 24 106 24 72 52 72 32 83 56 92 78 78 99 104 54
split_gain=0.445833 1.04511 1.46709 1.32629 1.49013 1.45614 1.43274 1.47679 0.658021 2.1622 2.10118 1.52093 1.4128 1.17863 1.21856 1.12949 1.82084 0.984216 0.97435 1.01078 0.469957 0.68583 0.167278
threshold=0.95000000000000007 2200.5000000000005 0.70563815089679804 0.37721767851525639 2637.6170093463993 2612.2942484744476 13.503981505473691 597.12650000000019 358.50000000000006 0.91666666666666685 299.50000000000006 0.33422459893048134 0.69362266811548878 0.36930499091709829 165.00000000000003 456.50000000000006 294426.19800000003 23.500000000000004 0.87503454947484804 0.52419984387197516 1.0000000180025095e-35 -0.15196139412953955 18.500000000000004
decision_type=2 2 2 2 2 2 2 2 2 2 2 2 2 2 2 2 2 2 2 2 2 2 2
left_child=8 3 -3 20 5 -5 -6 -8 9 10 11 12 -1 14 15 16 -10 -13 19 -16 21 -2 -11
right_child=1 2 -4 4 6 -7 7 -9 13 22 -12 17 -14 -15 18 -17 -18 -19 -20 -21 -22 -23 -24
leaf_value=0.011393772815436064 0.0067050293302139963 -0.032504166351857634 0.0026022082276440403 0.003495366051954212 0.030126724236296722 -0.037158726040362765 -1.6351629072170582e-05 0.029883357535345424 5.4470312483918568e-05 -0.05453490144700391 -0.057811517764769428 -0.047571798985008018 -0.005948641732398373 0.035149469579783474 0.002725045163491569 -0.02655376820614733 0.036634983539110759 -0.0074465011628128928 0.009501924249434782 -0.036696495209848759 0.0037516911847303236 0.056558454062264341 0
leaf_weight=24.987406178188394 1.6651386488229034 5.4148188680410376 8.8078232631087285 4.8596881818957609 6.8134403175208709 4.8527491192799062 41.374053148319945 5.3947294678073368 12.006993368057019 2.7511471836478445 2.0048375307815141 3.0737690268433635 30.042342319131421 3.1412293909379505 2.3582393757533264 2.2815198363095979 6.2695869641029267 5.6362629687573644 3.2624559071118702 5.6811958906182554 2.0771828275173894 2.7444892949424684 0.45516031299484883
leaf_count=2365 47 78 119 82 114 59 540 89 530 394 52 56 2105 116 49 70 175 475 64 169 44 150 63
internal_value=0 0.00292688 -0.0102467 0.00571804 0.0031996 -0.0160601 0.0068291 0.00327574 -0.00236983 -0.00547747 -0.00324159 -0.0014073 0.00179187 0.0035409 0.0001903 0.00825764 0.0130103 -0.0224634 -0.0138291 -0.0242161 0.0291432 0.039421 -0.048987
internal_weight=187.956 84.0041 14.2226 69.7815 63.2947 9.71244 53.5822 46.7688 103.952 68.9509 65.7446 63.7398 55.0297 35.0012 31.86 20.5581 18.2766 8.71003 11.3019 8.03944 6.48681 4.40963 3.20631
internal_count=8005 1322 197 1125 884 141 743 629 6683 5510 5053 5001 4470 1173 1057 775 705 531 282 218 241 197 457
is_linear=0
shrinkage=0.0540709


Tree=259
num_leaves=18
num_cat=0
split_feature=99 96 96 86 76 86 45 45 44 50 86 42 105 59 97 72 95
split_gain=0.428476 0.63588 0.777008 0.713429 0.777812 1.15759 0.574134 0.806474 1.26051 2.48778 1.23786 2.14705 1.64929 1.12042 1.89438 0.771809 0.174775
threshold=1.0000000180025095e-35 540.21447849142646 469.75570016963536 -19837.537536499996 954.50000000000011 57961.485439000026 40.166228099026007 29.384162526537526 31.93788580246914 54.500000000000007 15115.884059999991 180.47100000000003 0.72582287989197203 2007.0000000000002 5.9469230769230785 0.11925254213973562 246.50000000000003
decision_type=2 2 2 2 2 2 2 2 2 2 2 2 2 2 2 2 2
left_child=6 2 3 16 5 -5 7 8 10 -10 12 -12 -1 14 -9 -8 -2
right_child=1 -3 -4 4 -6 -7 15 13 9 -11 11 -13 -14 -15 -16 -17 -18
leaf_value=-0.0064327798906619943 0 -0.042823725469282717 0.037951810745889929 -0.0042385524111988654 -0.050151752292869597 0.041677454254614672 0.032662451631629286 -0.040624455182200321 0.04403285475429599 0 0.0068119619179957489 -0.034880101062291384 0.0083005164908084191 0.0086037025249930919 0 0 -0.050331044253892808
leaf_weight=36.962549437856069 0.30603420823172101 1.2978673092438828 1.2281165667154699 31.296670063915371 1.0165529934238282 1.6759664826968208 3.8988016737857816 6.1748925916617754 5.9352502544643349 10.064483941096112 6.5003768621827458 7.4932765361736529 54.68448438384803 6.1191537574632084 7.0988829815760255 4.1967051046085544 1.2562917601171646
leaf_count=842 31 186 78 4959 128 60 71 65 75 118 67 79 741 67 104 60 274
internal_value=0 -0.00511821 -0.00358427 -0.00522925 -0.00334826 -0.00167795 0.0013081 0.000450091 0.00213271 0.0162751 0 -0.014987 0.00227771 -0.00972193 -0.0187267 0.0153387 -0.0413651
internal_weight=187.206 38.0775 36.7796 35.5515 33.9892 32.9726 149.129 141.033 121.64 15.9997 105.641 13.9937 91.647 19.3929 13.2738 8.09551 1.56233
internal_count=8005 5716 5530 5452 5147 5019 2289 2158 1922 193 1729 146 1583 236 169 131 305
is_linear=0
shrinkage=0.0540709


Tree=260
num_leaves=21
num_cat=0
split_feature=106 24 27 20 17 20 106 44 54 53 91 95 56 79 71 24 85 76 95 97
split_gain=0.435435 0.936035 0.985495 1.95973 4.28504 2.03226 1.96173 1.93807 0.845613 1.75174 1.20411 0.670706 1.63383 1.85215 1.30444 1.82619 1.24225 2.25366 1.39156 0.905001
threshold=0.81666666666666676 451.50000000000006 1.0000000180025095e-35 8.5000000000000018 21.500000000000004 15.500000000000002 0.65000000000000002 53.183333333333337 1.0000000180025095e-35 0.15138900797393468 4.5000000000000009 347.50000000000006 101105.45849999999 6.5000000000000009 0.94344492079496656 358.50000000000006 -22269.347249999933 83.500000000000014 857.00000000000011 11.425824175824177
decision_type=2 2 2 2 2 2 2 2 2 2 2 2 2 2 2 2 2 2 2 2
left_child=1 2 3 6 5 -5 -1 -8 -4 10 -10 12 19 -14 15 16 17 -13 -18 -2
right_child=11 -3 8 4 -6 -7 7 -9 9 -11 -12 14 13 -15 -16 -17 18 -19 -20 -21
leaf_value=0.0023254690092527168 0.044462585067599675 -0.043325296207472025 -0.0090359839708626776 -0.021769546311950862 0.061680282667433653 0.0016447157718776947 -0.057617013569175285 0.016441899529801168 0.019755495557431946 0.051944857751464811 -0.025418518293120147 0.049607094138285443 -0.035886210316118147 0.0054313586808005304 -0.024449489423235281 0.034885013222137912 0.010511484735024321 0.0040365044065731239 -0.0069405754177968753 -0.00033900812396867128
leaf_weight=3.9181516680400801 2.2120602964714662 1.6516697148617812 4.1644476162036872 14.458413615295283 3.0307115669129407 41.452171542277938 5.5203830079117324 1.0917996966527423 4.954156269435769 3.2660256087547168 2.5798931624740362 4.4621354602277306 7.1328872247831878 5.220566921387217 4.2277123715030021 6.0128120187437153 21.699434068359551 12.488038937823147 34.688618893385865 2.4856384033919312
leaf_count=54 73 95 50 1125 26 3052 811 41 167 123 44 214 127 76 121 73 553 176 921 83
internal_value=0 -0.00282393 -0.00194305 -0.00472792 -0.000759511 -0.0042786 -0.0262337 -0.0442696 0.0104905 0.0187043 0.00330288 0.00241423 -0.00719422 -0.0178293 0.00446305 0.00609724 0.00363526 0.0164738 -9.33973e-05 0.0191954
internal_weight=186.718 86.0878 84.4362 69.4716 58.9413 55.9106 10.5303 6.61218 14.9645 10.8001 7.53405 100.63 17.0512 12.3535 83.5788 79.351 73.3382 16.9502 56.3881 4.6977
internal_count=8005 5588 5493 5109 4203 4177 906 852 384 334 211 2417 359 203 2058 1937 1864 390 1474 156
is_linear=0
shrinkage=0.0540709


Tree=261
num_leaves=27
num_cat=0
split_feature=29 87 87 98 76 71 53 95 78 103 52 65 103 65 42 48 50 55 44 59 105 65 66 103 71 42
split_gain=0.42874 0.84611 0.997639 1.97871 2.75525 1.37695 4.10692 1.75238 1.87248 1.85907 1.39519 0.724641 1.14327 1.11064 1.04721 0.943531 2.24181 1.82516 1.77296 0.984911 1.98895 1.33695 0.779384 0.745726 0.711032 0.309665
threshold=1.0000000180025095e-35 -16262.495499999995 -357.78824999999773 0.74425219940599729 76.500000000000014 0.7917323869610936 0.087004548909788759 1430.5000000000002 0.64728420103673667 -11.6495 0.88378728619717883 9545.8299241655532 121.54099999999998 8759.647781917809 78.662500000000009 144.50000000000003 59.500000000000007 45.500000000000007 28.710084033613452 1014.5000000000001 0.70244130242758618 2566.3863233688121 1306.5000000000002 -16.475999999999996 0.88178240525549267 334.25050000000005
decision_type=2 2 2 2 2 2 2 2 2 2 2 2 2 2 2 2 2 2 2 2 2 2 2 2 2 2
left_child=1 -1 3 -3 -5 7 10 9 -9 -4 -7 13 14 15 -13 16 17 -2 -18 21 -21 -17 -14 24 -16 -15
right_child=11 2 5 4 -6 6 -8 8 -10 -11 -12 12 22 25 23 19 18 -19 -20 20 -22 -23 -24 -25 -26 -27
leaf_value=0.025557982363605639 -0.0047934645576506269 -0.024545880914366991 -0.010900675746278858 0.033714627913054476 -0.010293764911720545 -0.028468371946151205 0.056139382029333648 0 -0.048265732047177642 0.018720104241715146 0.017390203999497329 0.0092288044857525339 0.033496778120901467 0.0062470637734576024 -0.048114337891026128 -0.012117858138806271 -0.041359893870601204 0.020139396704862738 -0.00018265864657124762 0.017585857284102977 -0.028262496958872407 0.038642203480319548 -0.013290176323335684 -0.060073344310317946 0.010893148979627428 0.047202223809856718
leaf_weight=4.5860087946057311 46.170184125709056 10.990763490553947 9.3872143395710719 6.2348968908190754 12.185147152282296 3.6960557505954039 5.656373854028061 5.7987032120581699 3.8363694506697357 17.079687633900907 3.9451893721707165 1.2560126044918414 1.7483342850755432 1.4956353949964971 0.98782954553644264 1.8506159058160871 7.8306725568836537 10.538626337180174 5.6141560316173127 6.7659772470069566 4.6605248690175358 5.31570083781844 2.3393125475959096 2.9510175299037655 1.1652111296061773 1.7086359763561629
leaf_count=53 4263 88 145 114 107 56 113 152 34 378 82 67 52 87 65 71 473 436 220 207 189 178 95 151 76 53
internal_value=0 0.00288392 0.00147005 -0.00628988 0.00420339 0.00623974 0.0211304 0.000549325 -0.0189689 0.00793501 -0.00382628 -0.00233825 -0.0158666 -0.000720401 -0.0303858 -0.00192833 -0.00486664 -2.90771e-05 -0.024718 0.00876018 -0.000469388 0.0245032 0.00492107 -0.0415815 -0.0127716 0.0304082
internal_weight=185.795 83.3964 78.8104 29.4108 18.42 49.3996 13.2976 36.102 9.63507 26.4669 7.64125 102.398 10.4477 91.9507 6.36007 88.7465 70.1536 56.7088 13.4448 18.5928 11.4265 7.16632 4.08765 5.10406 2.15304 3.20427
internal_count=8005 1322 1269 309 221 960 251 709 186 523 138 6683 506 6177 359 6037 5392 4699 693 645 396 249 147 292 141 140
is_linear=0
shrinkage=0.0540709


Tree=262
num_leaves=13
num_cat=0
split_feature=13 17 20 20 39 95 17 20 115 68 106 85
split_gain=0.427026 0.668864 0.63811 0.579117 1.04777 1.08225 0.739026 1.40833 1.17648 1.31303 0.806749 0.324398
threshold=33.525000000000006 1.0000000180025095e-35 17.500000000000004 26.500000000000004 6942.2172554112558 1299.5000000000002 6.5000000000000009 22.500000000000004 346.85668370348475 435.50000000000006 0.71666666666666667 -110583.80774999999
decision_type=2 2 2 2 2 2 2 2 2 2 2 2
left_child=1 2 -1 6 5 -5 8 10 9 -3 -8 -4
right_child=-2 3 11 4 -6 -7 7 -9 -10 -11 -12 -13
leaf_value=0.010970361922391503 0.016455354152511918 -0.0069994545041405483 0 0 -0.014648976791384008 0.050306260173753024 -0.0066541952307052109 0.026301628178493724 0.02685319870693826 -0.051059552436137877 0.0018117371118267914 -0.061756869272900632
leaf_weight=0.43041770486161013 4.4995176354423156 7.0135060762986523 0.10276270027679846 2.6208199831016818 2.250513328355737 2.9004466734477319 47.414045021308993 5.8302317605121052 1.6260073310550058 3.0692879239941249 105.85442502452497 1.2424383900797691
leaf_count=12 70 658 12 123 66 62 2855 109 84 219 2899 836
internal_value=0 -0.000404576 -0.0334136 -3.45755e-05 0.0143537 0.0275147 -0.000732692 0.000186481 -0.0138512 -0.0211527 -0.000759057 -0.0530954
internal_weight=184.854 180.355 1.77562 178.579 7.77178 5.52127 170.808 159.099 11.7088 10.0828 153.268 1.3452
internal_count=8005 7935 860 7075 251 185 6824 5863 961 877 5754 848
is_linear=0
shrinkage=0.0540709


Tree=263
num_leaves=17
num_cat=0
split_feature=99 96 96 108 108 60 92 51 62 91 39 77 66 66 67 71
split_gain=0.420728 0.582901 0.695276 0.823866 1.3397 1.047 0.702854 0.86763 0.573736 1.05292 1.6283 0.896403 1.18931 2.18188 1.85523 0.0077254
threshold=1.0000000180025095e-35 540.21447849142646 469.75570016963536 -0.24976332752613248 -0.23464285714285718 2450.0000000000005 20.500000000000004 306.50000000000006 28.500000000000004 12.500000000000002 7287.8007360703823 814.50000000000011 917.50000000000011 694.50000000000011 32.585714285714296 0.82356978481165977
decision_type=2 2 2 2 2 2 2 2 2 2 2 2 2 2 2 2
left_child=8 2 3 6 -5 -6 -2 -8 11 10 -10 12 13 14 -1 -3
right_child=1 15 -4 4 5 -7 7 -9 9 -11 -12 -13 -14 -15 -16 -17
leaf_value=-1.9269786450391045e-05 0.025583307722460143 -0.0029664298427950551 0.035966748815025609 0.069808312279097798 0.00026139927416781074 -0.028083049094832488 0 -0.053107413036892814 -0.017812731431881973 0.022959588907619087 0.016085556878611313 -0.02407013884937341 0.023001742553654843 -0.025926173264183072 0.033209912156078832 -0.050514125215371769
leaf_weight=95.554934933592449 0.51442937922547471 0.3812062454453542 1.2050326492244483 0.73585304980588162 25.192556753387187 4.3895856296476259 1.5458761743793727 2.6661601341984351 7.7105827666819158 9.4919958758400735 8.9386640485608932 4.4444120631087563 6.5827198899351052 9.1640066627442121 5.1519047848996697 0.8691709025115415
leaf_count=1691 20 54 78 42 3903 514 289 684 71 89 96 47 71 106 118 132
internal_value=0 -0.00510249 -0.00362518 -0.00519962 -0.00166375 -0.00369644 -0.0263062 -0.0344075 0.0013135 0.00858401 0 -0.000197558 0.000650495 -0.000621798 0.00160794 -0.0419494
internal_weight=184.539 37.4999 36.2495 35.0445 30.318 29.5821 4.72647 4.21204 147.039 26.1412 16.6492 120.898 116.454 109.871 100.707 1.25038
internal_count=8005 5716 5530 5452 4459 4417 993 973 2289 256 167 2033 1986 1915 1809 186
is_linear=0
shrinkage=0.0540709


Tree=264
num_leaves=33
num_cat=0
split_feature=105 74 77 75 63 59 78 72 105 75 48 50 98 79 98 73 72 38 36 92 48 8 78 43 39 81 48 51 20 91 21 36
split_gain=0.396861 1.07629 1.89561 1.55951 1.38562 1.37287 1.25599 1.79659 1.45104 1.45061 1.15077 1.11391 1.00631 1.18334 2.05885 1.78442 1.70805 1.97437 1.95299 1.68103 1.63867 1.58454 1.41263 1.21659 1.16883 1.57491 0.960813 0.80643 0.782055 0.524612 0.491284 0.320119
threshold=0.89808705688280666 17905.817500000005 53.500000000000007 3280.4869642857143 57009.572500000002 255.50000000000003 0.44497863247863251 0.19447380784590088 1.0741326755297183 5813.5112363636372 74.500000000000014 19.500000000000004 1.3212954176028753 4.5000000000000009 0.80454333297907987 11.500000000000002 0.15475923381103288 429280.37000000011 41.500000000000007 19.500000000000004 28.500000000000004 149.50000000000003 0.75019500780031212 2231.0000000000005 3154.7031179653682 8905.6970714285726 44.500000000000007 1354.5000000000002 4.5000000000000009 6.5000000000000009 1.5000000000000002 22.500000000000004
decision_type=2 2 2 2 2 2 2 2 2 2 2 2 2 2 2 2 2 2 2 2 2 2 2 2 2 2 2 2 2 2 2 2
left_child=12 2 5 4 -3 11 -5 8 -8 -9 26 28 13 16 15 20 17 18 -1 -18 -15 -17 -21 -19 -16 -26 29 -6 -2 -4 -7 -14
right_child=1 3 10 6 27 30 7 9 -10 -11 -12 -13 31 14 24 21 19 23 -20 22 -22 -23 -24 -25 25 -27 -28 -29 -30 -31 -32 -33
leaf_value=-0.00042646009433658567 0.024732970241720241 -0.0010829620518125007 -0.043287468199567684 0.036821593237600099 0.06983357692282309 0.050770680485259359 0.019833289842485263 -0.041859108375007677 -0.0099049817272143063 0.001475774693963135 0.0026686671024519419 -0.035291167847691249 -0.0086494985284235465 0.017679550392397245 0.022159203717819761 0.011316136582810186 -0.025760034428007061 0.057363594509801073 -0.034874103434516183 0.028176120850525736 -0.040434332445523788 -0.012311107609252456 -0.013367133047030614 0.0018703853797054451 -0.033281414984401556 0.00068989640988665365 -0.078882081152540029 0.023097766424567345 -0.01891571879136443 0.00085085300419581833 0.0063478114593230233 -0.053459284895892308
leaf_weight=22.891207075190326 3.0452726199728222 2.4246456633263715 1.4115434535342495 2.9261175584651964 2.467667691220413 2.0329019536729906 12.555468190614198 4.5997321552858903 7.3898020824417463 3.8188507670274703 1.6002548918622777 2.7680477665780927 1.4098280181206058 1.7417200021736778 1.5888675305977837 30.015871398904892 2.2531284872675341 2.3128775212535393 6.2498169819664318 16.662098069493371 5.2295081313350238 11.226186276209772 2.5337871473311671 2.8926208324337495 13.967457879974974 4.9972987188702964 1.7973702847957609 3.1334421979845501 1.8215820806071858 1.0913398524062357 1.8135327879354006 1.4077859656390499
leaf_count=2352 95 84 111 68 74 89 413 158 291 97 52 71 86 79 91 972 31 76 213 771 180 163 113 93 486 158 51 78 191 44 126 48
internal_value=0 0.00376983 -0.00720203 0.00880871 0.030179 0.00504709 0.00308939 -0.000132532 0.00844473 -0.0213284 -0.0322819 -0.00744913 -0.0016682 -0.000884106 -0.00568126 0.000276991 0.00489581 -0.00239283 -0.00807004 0.0169108 -0.024854 0.00470523 0.0223067 0.0279598 -0.0200158 -0.0239411 -0.0470008 0.0450262 0.00687683 -0.0211071 0.0317619 -0.0336833
internal_weight=184.078 56.6976 17.3818 39.3157 8.02576 11.4813 31.29 28.3639 19.9453 8.41858 5.90051 7.6349 127.38 124.562 68.7669 48.2133 55.7955 34.3465 29.141 21.449 6.97123 41.2421 19.1959 5.2055 20.5536 18.9648 4.30025 5.60111 4.86685 2.50288 3.84643 2.81761
internal_count=8005 2093 830 1263 236 572 1027 959 704 255 258 357 5912 5778 2129 1394 3649 2734 2565 915 259 1135 884 169 735 644 206 152 286 155 215 134
is_linear=0
shrinkage=0.0540709


Tree=265
num_leaves=16
num_cat=0
split_feature=53 31 86 32 47 64 48 42 47 42 25 42 40 49 20
split_gain=0.429681 0.475852 1.09537 1.3916 0.654577 2.41378 2.37565 1.77616 1.5127 1.28814 1.59146 1.1869 0.697251 0.316561 0.279045
threshold=0.59073013600572666 1.0000000180025095e-35 7596.2112115000155 165.00000000000003 63.500000000000007 1421.2660588235296 19.500000000000004 1.2670000000000001 75.500000000000014 479.14950000000005 94.500000000000014 1181.5500000000004 5074.0925965932465 18.500000000000004 -3.4999999999999996
decision_type=2 2 2 2 2 2 2 2 2 2 2 2 2 2 2
left_child=1 4 3 -3 6 13 9 -7 -9 10 -1 -11 -8 -6 -2
right_child=14 2 -4 -5 5 7 12 8 -10 11 -12 -13 -14 -15 -16
leaf_value=0.038576377714815674 0 0.05103101152974171 -0.013015120171627224 0.00094441685207716892 0.017459100645258744 -0.048776064246102153 -0.06802902185665903 0.031799656747022675 -0.00025067983583760536 -0.042401569099929176 -0.0020951929108007426 0.010625348213322637 -0.0095336474874486432 0.059710835625128765 -0.050827234387634673
leaf_weight=3.2770637706853547 0.91434196487534791 3.1056025612633658 3.2650011837249622 4.0507954875938594 1.485021608648821 2.1487203425931503 2.2752299035200845 4.4381314791899049 130.54842929138795 3.8058716359664677 18.150394574986422 1.5358148037848876 1.2459929132746763 2.1597253566287691 0.79506063098960911
leaf_count=131 20 143 43 73 104 85 122 187 4244 225 2161 150 72 122 123
internal_value=0 0.000262464 0.0115026 0.0237215 -0.000379202 0.00112667 -0.0076216 0 0.000748821 -0.00184026 0.00378339 -0.0257743 -0.0494467 0.0445431 -0.0269567
internal_weight=183.201 181.492 10.4214 7.1564 171.07 140.78 30.2904 137.135 134.987 26.7691 21.4275 5.34169 3.52122 3.64475 1.7094
internal_count=8005 7862 259 216 7603 4742 2861 4516 4431 2667 2292 375 194 226 143
is_linear=0
shrinkage=0.0540709


Tree=266
num_leaves=20
num_cat=0
split_feature=87 109 72 81 83 78 83 97 81 81 104 71 61 44 71 71 20 91 65
split_gain=0.412572 1.16422 0.906202 0.64496 1.23078 1.72591 1.41472 1.51331 0.860022 0.972188 0.771663 0.724364 1.10891 1.76962 0.960988 0.922731 0.596195 0.360896 0.197098
threshold=27463.415749999989 1.0771310910325134 0.053958543001924507 9468.4970357142865 465.50000000000006 0.93042166149719174 767.50000000000011 4.5075757575757587 11040.053550000002 10072.314133928574 0.99993594202339997 0.94583059166651851 0.89793989429420173 27.535797925727671 0.96695336018703448 0.88178240525549267 1.0000000180025095e-35 9.5000000000000018 8013.3106947329516
decision_type=2 2 2 2 2 2 2 2 2 2 2 2 2 2 2 2 2 2 2
left_child=3 -2 -3 10 5 8 7 -6 9 -5 11 12 15 -14 -13 -1 -16 -10 -9
right_child=1 2 -4 4 6 -7 -8 18 17 -11 -12 14 13 -15 16 -17 -18 -19 -20
leaf_value=0.00023176563712001637 0.0061061058578890425 0 -0.061629804103275398 0.030980122404802159 0.011633008428570003 -0.017930930979546584 0.018070935409886708 -0.02293337853637982 0.052759242773658094 -0.015516589450681489 -0.03087217983970043 -0.044773334721370621 0.040320489178095852 -0.010977539175104856 0.040859724845663567 -0.020080964879231666 -0.023380651437213715 0.022965358204975618 -0.05864860140596341
leaf_weight=129.4710169146565 3.7237041489133835 1.3995699948136464 1.8601384728972332 2.7279488003187016 2.0275540399234142 2.8751411974299108 3.966086602777068 1.7942523405072281 3.8001847525738413 2.3171006026386749 2.4518034062275538 2.4226419313927177 4.9202456968632751 2.9641543471661862 0.83286448987200834 6.853593663981882 0.73891796176758362 3.5607900813047308 2.0193075530842179
leaf_count=6063 106 61 88 75 55 127 111 46 124 87 41 105 217 112 41 274 102 78 92
internal_value=0 -0.0128817 -0.0368278 0.000517406 0.00856899 0.0182835 -0.00581503 -0.0232991 0.0272737 0.00816311 -0.000774454 -0.000226216 0.000352657 0.0201 -0.0229632 -0.000735524 0.00597281 0.0393616 -0.0438045
internal_weight=182.727 6.98341 3.25971 175.744 25.0884 15.2812 9.8072 5.84111 12.406 5.04505 150.655 148.203 144.209 7.8844 3.99442 136.325 1.57178 7.36097 3.81356
internal_count=8005 255 149 7750 795 491 304 193 364 162 6955 6914 6666 329 248 6337 143 202 138
is_linear=0
shrinkage=0.0540709


Tree=267
num_leaves=29
num_cat=0
split_feature=99 16 5 5 8 95 57 61 106 67 44 87 57 82 92 106 42 16 95 61 97 37 92 41 50 39 73 95
split_gain=0.40348 0.58243 1.32098 1.06074 1.557 1.27932 0.871169 1.07435 0.832639 0.782276 2.20903 1.68474 1.0607 1.01102 0.852788 0.72135 0.511552 1.29443 0.880482 0.673522 1.08719 1.15649 1.35895 1.06169 1.01132 1.19537 0.625109 0.375246
threshold=1.0000000180025095e-35 39.500000000000007 297.50000000000006 139.00000000000003 165.00000000000003 259.50000000000006 2594.2227414285721 0.88709897340710975 0.91666666666666685 8.4115384615384645 19.006849315068497 4756.7817500000028 2219.3593894230776 92.500000000000014 40.500000000000007 0.35000000000000003 1.2670000000000001 38.500000000000007 406.50000000000006 0.33368569415081045 17.500000000000004 22.500000000000004 22.500000000000004 10254.135000000002 13.500000000000002 2014.5143867521369 1.5000000000000002 2498.5000000000005
decision_type=2 2 2 2 2 2 2 2 2 2 2 2 2 2 2 2 2 2 2 2 2 2 2 2 2 2 2 2
left_child=16 3 6 -2 5 -5 7 27 15 12 13 -12 14 -11 -4 -6 17 -1 -19 23 21 22 -21 -18 25 -22 -23 -3
right_child=1 2 9 4 8 -7 -8 -9 -10 10 11 -13 -14 -15 -16 -17 19 18 -20 20 24 26 -24 -25 -26 -27 -28 -29
leaf_value=-0.037863719127338998 0.050708576636632273 -0.028571957344967799 -0.0089777493418987196 0 0.0032311608060320031 -0.054104697898030907 -0.052686584329764627 0.066849117566124355 0.013933808698951819 -0.055368566719168573 0.030109979441289667 -0.018044683373274546 0.057979636955812895 0 0.064831292827901663 -0.042742774825649019 0.042788408664597481 -0.013221843313119652 0.036315266140846222 0 -0.036264912484341986 0.019249519316155775 0.048108247233740811 0 -0.045090828320431486 0.0091341044953985751 0.00030321084001252557 0.036516808892224535
leaf_weight=3.316483878530561 0.65531623922288318 2.2184812156047009 2.3295824510933048 1.5411852691904622 1.4440377089777032 4.2142031391958881 1.9690919387212487 0.48663745325757179 4.4104837998747826 2.4463873514177972 6.472210543084655 2.9575722200843302 1.8658815542839873 1.2512907427371827 0.55100116960238654 2.0092437241692096 2.9930609902366987 2.3188704727217555 1.770135266240686 3.6928411386907092 2.4511427332181466 5.3951224234187967 3.4660673346370459 3.437335541297216 2.6063104606582783 5.1246581629529828 108.7459113663499 0.19794471561908711
leaf_count=124 9 1187 431 63 107 1097 1147 12 38 422 453 358 89 127 14 161 91 103 61 47 48 301 108 52 53 153 1148 1
internal_value=0 -0.00503875 1.33353e-05 -0.0136056 -0.0172505 -0.0386535 -0.0246049 -0.00298835 -0.000639836 0.00713953 0 0.0142224 0.0259523 -0.0350705 0.00261476 -0.0213892 0.00128423 -0.0124173 0.00642409 0.00207374 0.00117795 0.00265479 0.0237926 0.0192344 -0.0156868 -0.00458552 0.00126385 -0.0201561
internal_weight=182.338 37.0206 22.7461 14.2745 13.6192 5.75539 4.87216 2.90306 7.86377 17.8739 13.1275 9.42978 4.74647 3.69768 2.88058 3.45328 145.318 7.40549 4.08901 137.912 131.482 121.3 7.15891 6.4304 10.1821 7.5758 114.141 2.41643
internal_count=8005 5716 4241 1475 1466 1160 2347 1200 306 1894 1360 811 534 549 445 268 2289 288 164 2001 1858 1604 155 143 254 201 1449 1188
is_linear=0
shrinkage=0.0540709


Tree=268
num_leaves=20
num_cat=0
split_feature=107 47 49 45 84 49 49 96 54 103 84 43 47 82 74 95 36 61 43
split_gain=0.390721 0.938426 1.42056 1.38401 1.83298 1.10893 1.86404 1.70478 1.20222 0.827132 0.806111 0.973176 3.02199 1.32847 2.47806 1.28763 0.836408 0.735896 0.111858
threshold=1.0000000180025095e-35 1077.5000000000002 155.50000000000003 30.015587094581232 0.555815160955348 120.50000000000001 66.500000000000014 276.65317932772143 1.0000000180025095e-35 0.90700000000000192 0.93119877049180333 2097.0000000000005 385.50000000000006 39.500000000000007 4496.0965000000006 746.50000000000011 81.500000000000014 0.66311276640321681 2903.5000000000005
decision_type=2 2 2 2 2 2 2 2 2 2 2 2 2 2 2 2 2 2 2
left_child=10 2 5 18 -5 6 8 -8 -2 -4 11 12 13 14 -1 -15 -13 -7 -3
right_child=1 3 9 4 -6 17 7 -9 -10 -11 -12 16 -14 15 -16 -17 -18 -19 -20
leaf_value=-0.0024889808401839155 0.006998647994620741 0.021018160447079555 -0.0027285544971416193 -0.038591198097552466 0.024927407362890439 0 -0.034397465519160869 0.002467700059447455 -0.0068614331759129545 -0.061161289861238866 0.025507930539237961 -0.02353883903827645 0.038594022792809234 0.0065393745180334813 0.032314818587032321 -0.020716593928004939 0.00066702024036169652 0.042609970982085285 0.049397820152960521
leaf_weight=19.107875399640765 34.898408469784044 2.1467800547688949 1.5441363292120507 2.465401731293241 2.805389542476405 2.1149337584065497 9.8850651484754035 5.263916417323343 38.386437927503721 1.9735956681615787 4.4140388049854655 7.3807088266476049 6.8367672328604376 7.7750277510494952 8.4964664327562769 12.971594091708537 8.3071738336293475 2.5498343926374218 2.1325323249038775
leaf_count=771 1717 67 58 69 86 69 444 245 3432 88 95 107 126 78 158 146 103 79 67
internal_value=0 -0.00210535 -0.00376408 0.0138989 -0.00338522 -0.00240425 -0.00383162 -0.0211013 -0.000160366 -0.0376291 0.00298695 0.00147935 0.00494828 3.64386e-05 0.0079574 -0.0101463 -0.0102518 0.023061 0.036905
internal_weight=181.456 106.166 96.6163 9.5501 5.27079 93.0986 88.4338 15.149 73.2848 3.51773 75.2897 70.8756 55.1877 48.351 27.6043 20.7466 15.6879 4.66477 4.27931
internal_count=8005 6421 6132 289 155 5986 5838 689 5149 146 1584 1489 1279 1153 929 224 210 148 134
is_linear=0
shrinkage=0.0540709


Tree=269
num_leaves=27
num_cat=0
split_feature=29 95 40 65 85 87 95 56 45 44 96 108 72 91 104 45 53 40 78 78 20 42 39 47 91 57
split_gain=0.415981 0.815737 0.94039 2.79911 1.80275 1.67114 1.36562 2.30482 2.13757 1.28402 1.29531 0.751817 0.685267 1.55966 1.91089 1.50228 1.47699 1.55246 1.32261 2.03993 1.76132 1.16019 0.649983 0.469374 0.27694 0.275706
threshold=1.0000000180025095e-35 84.500000000000014 2637.6170093463993 2081.3104127768179 2071.4339999999943 -104.58375000000184 757.50000000000011 247866.38050000003 15.703323733958657 15.823611111111115 203.0535289156627 -0.73242598314606733 0.11542651248533596 14.500000000000002 -0.1410764777355282 42.639117012469306 0.090988188145960755 6582.9134239273617 0.68595213091800133 0.70071138211382122 19.500000000000004 72.053500000000014 3967.6454213735556 43.500000000000007 4.5000000000000009 5638.6177321428577
decision_type=2 2 2 2 2 2 2 2 2 2 2 2 2 2 2 2 2 2 2 2 2 2 2 2 2 2
left_child=1 -1 3 4 5 -3 7 8 -4 -8 -11 22 13 16 -15 18 17 -13 20 -20 -14 -18 23 24 -2 -24
right_child=11 2 6 -5 -6 -7 9 -9 -10 10 -12 12 15 14 -16 -17 21 -19 19 -21 -22 -23 25 -25 -26 -27
leaf_value=-0.019613551560652427 0 -0.035653890025462209 0.0008210901259369486 -0.045561841251949432 0.044585013820410781 0.010199351379242836 0.025709160791147819 -0.0002874572621371512 0.049997469535877727 0.019874114211354831 -0.0083126341985919009 0.014901674088476691 -0.01341525396560907 0 -0.061823485072917635 -0.047346402163582449 0.0034331403901562809 -0.013734202089994946 0.055743317879865265 0.0055369419340693107 0.012004643912423526 -0.035922677168998898 0.052140732722076595 0.018390158662004816 -0.054230495293760395 0.009698377751012642
leaf_weight=4.338783004321157 0.49284511429141209 3.4554738365113735 4.2448028442449894 4.1422733170911661 2.716004012618213 6.7713666651397961 5.299117306014522 10.204406612785531 8.1267957154195738 5.7475888690096353 26.015794814331457 13.342739180698123 22.777157481497852 2.2417032753292006 3.3245309550657103 1.8737111920800078 2.8708772102472704 9.3003487118439789 2.8278937573850298 17.715371148504346 12.011927947338334 6.263410767474852 1.5276686564757258 1.2389501717625533 0.5976631770899985 1.3677285581943577
leaf_count=65 111 34 78 39 33 292 87 124 159 84 327 1709 1038 91 212 91 181 492 98 1031 672 569 96 121 45 126
internal_value=0 0.0028902 0.00425966 -0.00669739 0.00517551 -0.00457537 0.00752268 0.0180254 0.0337251 0.000925011 -0.00297855 -0.00232431 -0.00349309 -0.0091937 -0.035779 9.9224e-05 -0.00430223 0.00281328 0.00184124 0.012813 -0.00442566 -0.0227464 0.0174048 -0.000891028 -0.0295542 0.0346649
internal_weight=180.837 81.0624 76.7236 17.0851 12.9428 10.2268 59.6385 22.576 12.3716 37.0625 31.7634 99.7745 94.5497 37.3436 5.56623 57.2061 31.7774 22.6431 55.3324 20.5433 34.7891 9.13429 5.22486 2.32946 1.09051 2.8954
internal_count=8005 1322 1257 398 359 326 859 361 237 498 411 6683 6184 3254 303 2930 2951 2201 2839 1129 1710 750 499 277 156 222
is_linear=0
shrinkage=0.0540709


Tree=270
num_leaves=21
num_cat=0
split_feature=16 7 87 26 90 42 17 90 85 20 44 41 69 69 69 63 73 95 1 17
split_gain=0.402956 1.45619 0.992914 1.09624 1.18747 1.52229 1.06673 0.696213 0.529926 0.699875 1.52305 1.57463 0.89865 2.38094 2.0326 0.36383 0.253345 0.20815 0.0870491 0.0463877
threshold=40.500000000000007 1.0000000180025095e-35 678.14274999999986 2.5000000000000004 1.0000000180025095e-35 399.25850000000008 1.5000000000000002 -0.74999999999999989 -92583.006999999969 -1.4999999999999998 30.08058905380334 27541.514500000001 82.500000000000014 125.50000000000001 72.500000000000014 207833.60600000003 1.5000000000000002 1209.5000000000002 1.0000000180025095e-35 1.5000000000000002
decision_type=2 2 2 2 2 2 2 2 2 2 2 2 2 2 2 2 2 2 2 2
left_child=7 2 3 4 5 -2 -6 -1 -9 10 11 -10 14 -14 -11 16 -4 -3 -17 -18
right_child=1 17 15 -5 6 -7 -8 8 9 12 -12 -13 13 -15 -16 18 19 -19 -20 -21
leaf_value=0.025739270216538178 0.0065157444958393786 -0.060932769107425074 0 -0.090874728409350583 -0.014686700634741505 -0.058795933909650683 0.053634187215959001 -0.016876980622983456 0.0079688871253647386 -0.0029517787892257984 0.030437119376554082 -0.027471466939435193 0.020094672152193162 -0.0032685940669761127 -0.045160245239869071 -0.011054480774485224 0 -0.019815606726917921 0.029870046375766641 -0.052924383707358337
leaf_weight=3.2340500076534218 8.2540527289092989 1.4364392944407876 0.17793714765866697 0.32614056020975191 0.70134322735975851 1.1861974132625608 2.5145138332154602 5.0226606289797919 21.172328123822812 57.808447031147807 6.9838089206023133 4.4007984087802461 18.224813713066396 41.336118714338227 3.5890320964172124 0.17181973798687966 0.15656563784432354 1.4595850991026962 0.2592451237142086 1.6156116102320082
leaf_count=98 2114 83 60 2 285 329 101 126 381 1734 114 50 336 843 107 198 129 75 4 836
internal_value=0 -0.00759237 -0.000471341 0.00492548 0.00799327 -0.000919735 0.0364375 0.000880543 0.000326478 0.000937712 0.0079982 0.00157925 -0.000901681 0.00375662 -0.00554099 -0.0329738 -0.043269 -0.0427905 0 -0.0497735
internal_weight=180.032 18.2595 15.3634 12.9822 12.6561 9.44025 3.21586 161.772 158.538 153.515 32.5569 25.5731 120.958 59.5609 61.3975 2.38118 1.95011 2.89602 0.431065 1.77218
internal_count=8005 4216 4058 2831 2829 2443 386 3789 3691 3565 545 431 3020 1179 1841 1227 1025 158 202 965
is_linear=0
shrinkage=0.0540709


Tree=271
num_leaves=23
num_cat=0
split_feature=92 92 92 97 84 85 96 42 95 97 42 86 97 105 49 57 69 24 92 62 85 45
split_gain=0.393 0.790863 0.595389 2.53732 1.65988 1.14206 0.781932 0.759511 1.62325 2.43847 1.3119 2.04266 2.72852 1.29018 1.26725 1.55288 0.99117 0.990301 0.973128 0.948116 0.458686 0.322088
threshold=47.500000000000007 52.500000000000007 38.500000000000007 4.2478021978021987 0.81601886792452838 -13293.584999999994 223.44960247038372 51.702000000000005 1047.5000000000002 9.0068493150684947 109.52250000000002 3751.7945774999994 4.0699608610567521 1.277611593199643 11.500000000000002 2377.6564659090914 39.500000000000007 400.00000000000006 29.500000000000004 14.500000000000002 -11288.68249999999 28.115720979331478
decision_type=2 2 2 2 2 2 2 2 2 2 2 2 2 2 2 2 2 2 2 2 2 2
left_child=2 -2 7 -4 5 -5 -7 8 9 17 11 12 -9 16 15 -10 -12 -1 -16 -11 -13 -15
right_child=1 -3 3 4 -6 6 -8 10 14 19 13 20 -14 21 18 -17 -18 -19 -20 -21 -22 -23
leaf_value=-0.012545368906249913 -0.049483023309785261 0.0035844649265118081 0.0660020363023303 0.057411860939501 -0.041645212578659219 -0.036046239505710884 0.02387870594108479 0.054315824861725127 -0.022202923239341615 0.010936888343731238 -0.0093371630535871233 0.016307271010968787 -0.014890258895142961 0.04518396662577933 -0.042620348896184948 0.040114964968573238 0.0018845465433313959 0.036959199550720009 0 0.05437740859426142 0.053131799551163705 0.0039328116258520278
leaf_weight=17.823605820736709 1.3959863874115392 1.4398631079820914 2.0951281219895446 1.3759310696477771 2.1141547360166442 1.1756400843805752 1.3305798074143238 2.1461667891417147 3.291443191425059 4.632296088468137 32.592424548216513 2.2663549202989088 7.3910892353596864 2.1963729074777798 7.2389386511567846 1.8101764765597179 76.353798497208118 1.1995799796422932 1.7812359769923203 2.640619246129063 3.8574671807000405 1.311476761336962
leaf_count=1530 79 81 58 44 110 58 76 45 254 278 1779 61 392 144 335 67 2224 61 96 50 145 38
internal_value=0 -0.0199522 0.000329772 0.0146757 -0.0020431 0.0176319 -0.00129168 -0.000315314 -0.00681422 0.000858262 0.00167736 0.0163475 0 -0.000300256 -0.0216224 0 -0.00140482 -0.00903131 -0.0338014 0.0277366 0.0407206 0.0318792
internal_weight=179.46 2.83585 176.624 8.09143 5.99631 3.88215 2.50622 168.533 40.4179 26.2961 128.115 15.6611 9.53726 112.454 14.1218 5.10162 108.946 19.0232 9.02017 7.27292 6.12382 3.50785
internal_count=8005 160 7845 346 288 178 134 7499 2671 1919 4828 643 437 4185 752 321 4003 1591 431 328 206 182
is_linear=0
shrinkage=0.0540709


Tree=272
num_leaves=32
num_cat=0
split_feature=104 94 20 17 49 43 20 20 105 46 60 108 59 39 65 50 90 42 104 43 75 25 72 24 70 55 82 75 8 77 41
split_gain=0.385145 1.29497 1.67194 1.73808 1.53366 1.91646 1.6946 1.59387 1.80673 1.52588 1.52214 1.40942 1.30119 1.28234 1.26145 1.80659 1.71388 1.18693 1.43802 1.10747 1.86573 1.3895 1.54889 1.31354 1.08995 1.08224 1.07368 0.967984 1.12525 0.836338 0.48319
threshold=-0.036244200612899728 8.0000000000000018 -1.4999999999999998 11.500000000000002 59.500000000000007 1753.5000000000002 6.5000000000000009 -6.4999999999999991 0.85457921506442014 2354.5000000000005 1024.0000000000002 -0.21660384847603933 393.50000000000006 5034.9616071428582 3457.3801904067768 13.500000000000002 -1.0000000180025095e-35 3.3310000000000004 -0.045264301077452961 3406.5000000000005 9033.9043214285739 80.500000000000014 0.1383972659701648 149.50000000000003 175.50000000000003 55.500000000000007 171.50000000000003 2663.3499857142865 165.00000000000003 131.50000000000003 38714.180500000009
decision_type=2 2 2 2 2 2 2 2 2 2 2 2 2 2 2 2 2 2 2 2 2 2 2 2 2 2 2 2 2 2 2
left_child=17 2 13 10 6 -6 7 -3 -9 -7 12 -12 -4 27 15 -5 -16 24 19 21 -21 22 -19 -23 -1 -22 29 28 -2 -8 -11
right_child=1 4 3 14 5 9 26 8 -10 30 11 -13 -14 -15 16 -17 -18 18 -20 20 25 23 -24 -25 -26 -27 -28 -29 -30 -31 -32
leaf_value=-0.056459472882557808 0.027914975324883889 -0.019051582217452769 0 -0.011291495827273365 0.052888400173310028 -0.025082629277182963 -0.010015914855517279 0.038206035091404772 -0.005142580538801427 0.035795764687127696 0.023739826122238138 -0.034908101375586892 0.045538496231326088 -0.0086550594552151187 0.034081051721525743 -0.056547980910324841 -0.017263125593989296 0.00041996052259659212 0.048005484272747437 -0.05157594352828708 0.029800383298091995 -0.015084466477881012 0.033314662943660124 0.0051114427512908185 0 -0.023695901776722633 0.0014900874731147856 0.052000233328512176 -0.025351667812085695 -0.055540392178032243 0.0030405461289516548
leaf_weight=1.8432766934638487 3.2609459634404612 4.2527185527142128 4.7008491389788087 5.5892175028857327 3.8009721387134041 2.9196364764429728 2.6903168993230775 6.3603542632190528 4.5569102495210245 3.4050366443916573 1.5221398096691698 4.1939649913456378 3.1284352555958321 6.2751241163350642 2.0809289659664527 5.725115526940499 15.688367233367897 8.4545567722525465 2.1434698954035403 2.8273479413983287 2.3480314554617507 12.071071406593544 9.2998751914128643 42.351232710676413 1.9419976532299186 2.0079821813269518 3.2133343806635821 2.4984416405204684 1.6860985527746377 3.0457108723639976 3.0357818647662498
leaf_count=66 182 66 978 839 75 84 197 121 68 63 57 295 151 78 35 239 706 141 69 94 63 208 126 2396 90 81 112 34 21 183 87
internal_value=0 -0.00237003 -0.00759674 -0.0129502 0.00533185 0.0202412 -0.00249856 0.00815946 0.0194378 0.00618566 0.00256826 -0.0179951 0.0185261 0.00849683 -0.0204315 -0.0348511 -0.010831 0.00265253 0.00410619 0.00282608 -0.0171916 0.00492119 0.0180686 0.000495684 -0.0266802 0.00344485 -0.0213882 0.0239433 0.00826356 -0.0354884 0.0215105
internal_weight=178.919 93.6304 56.3496 42.629 37.2808 13.1614 24.1193 15.17 10.9173 9.36045 13.5454 5.7161 7.82928 13.7206 29.0836 11.3143 17.7693 85.2888 81.5036 79.3601 7.18336 72.1767 17.7544 54.4223 3.78527 4.35601 8.94936 7.44549 4.94704 5.73603 6.44082
internal_count=8005 4671 3615 3300 1056 309 747 255 189 234 1481 352 1129 315 1819 1078 741 3334 3178 3109 238 2871 267 2604 156 144 492 237 203 380 150
is_linear=0
shrinkage=0.0540709


Tree=273
num_leaves=21
num_cat=0
split_feature=99 45 41 115 73 65 37 72 92 16 5 16 86 39 17 85 69 105 98 52
split_gain=0.390404 0.589636 0.708286 0.687501 0.708525 0.800463 0.707763 0.652712 0.517099 0.586651 1.33549 0.986416 0.820262 0.769548 1.34566 1.12152 0.681112 0.66927 0.973845 0.159788
threshold=1.0000000180025095e-35 40.166228099026007 44673.408500000012 383.71787990190211 14.500000000000002 6933.171237867894 84.500000000000014 0.11925254213973562 45.500000000000007 39.500000000000007 297.50000000000006 37.500000000000007 -13711.578181499999 4169.2014166666677 27.500000000000004 36383.701499999988 146.50000000000003 0.64417786563071811 0.90103230055119521 0.89096366381898506
decision_type=2 2 2 2 2 2 2 2 2 2 2 2 2 2 2 2 2 2 2 2
left_child=1 2 3 4 5 -1 -6 -3 9 11 17 13 -12 14 -2 -15 -14 18 -11 -13
right_child=8 7 -4 -5 6 -7 -8 -9 -10 10 12 19 16 15 -16 -17 -18 -19 -20 -21
leaf_value=0.00063031472018914084 -0.021267321148992348 0.032259588169907878 -0.017022703254009553 0.017929389047123982 0.023701505062604072 -0.013056917141968072 0 0 -0.046987638831751999 -0.027055859316179168 -0.045103594350974455 -0.052235403434024275 0.016337167593043229 -0.029929043716258971 0.038939899662714376 0.017346509513258192 -0.015416902988259399 -0.052638828217425243 0.040701545129664909 0
leaf_weight=92.118619253669749 1.7778423460476895 3.6959215685492373 6.4266249452484763 6.9256885420763856 7.1451752036809904 14.325603492150547 7.5593423062819056 3.962060994352214 0.86693677455696061 2.1538183181764938 0.72849923216745338 1.90324859721295 14.02150970382718 5.2319835198431974 2.4603808912215754 1.8238788720955197 2.0612828253124453 1.614492603446706 0.82442764804000024 0.40464564668945957
leaf_count=1622 367 71 89 127 67 179 74 60 160 1183 189 316 1388 491 38 115 265 1024 131 49
internal_value=0 0.00129595 0.000408396 0.00134105 0.000331436 -0.00114255 0.0115026 0.015915 -0.00501608 -0.00376266 0.00151255 -0.0126059 0.00889506 -0.00527174 0.0119433 -0.0166599 0.0118063 -0.0238933 -0.00580357 -0.0452588
internal_weight=178.032 142.159 134.501 128.074 121.149 106.444 14.7045 7.65798 35.8729 35.006 21.404 13.602 16.8113 11.2941 4.23822 7.05586 16.0828 4.59274 2.97825 2.30789
internal_count=8005 2289 2158 2069 1942 1801 141 131 5716 5556 4180 1376 1842 1011 405 606 1653 2338 1314 365
is_linear=0
shrinkage=0.0540709


Tree=274
num_leaves=28
num_cat=0
split_feature=86 105 55 86 92 95 57 68 91 108 108 95 108 45 40 52 95 95 97 97 38 72 93 84 84 71 44
split_gain=0.392585 1.35334 1.40891 1.65978 1.57752 1.35811 1.25237 1.53494 1.20154 1.09128 1.81103 1.5051 2.11069 0.999779 0.998714 0.957262 1.51688 1.53102 1.21339 1.77602 1.13747 0.9359 0.699838 0.877114 0.691344 0.610903 0.158304
threshold=-1467.5191579999998 0.58461802790797746 11.500000000000002 -2641.1006375000084 24.500000000000004 2997.0000000000005 2552.4115472972981 1120.5000000000002 13.500000000000002 -0.032228448819891557 -0.014576703731496108 808.50000000000011 -0.083047029516554224 10.726549035095077 3976.0741918663402 0.88654434967350892 419.50000000000006 1226.5000000000002 7.1002506265664165 6.7613636363636376 451450.4285000001 0.13578530274912606 1.0000000180025095e-35 0.25041254125412543 0.85763125763125769 0.69771180737306526 14.438446969696971
decision_type=2 2 2 2 2 2 2 2 2 2 2 2 2 2 2 2 2 2 2 2 2 2 2 2 2 2 2
left_child=1 6 21 4 8 -6 -1 24 -4 11 -11 22 13 -13 -15 18 -17 -18 19 -12 -20 -3 -2 -24 -8 -25 -5
right_child=9 2 3 26 5 -7 7 -9 -10 10 15 12 -14 14 -16 16 17 -19 20 -21 -22 -23 23 25 -26 -27 -28
leaf_value=-0.024192243087741823 -0.060525400890811369 -0.053296313272822755 -0.020971321323255236 0.057622946245768455 0.0107032992458159 -0.029507245813416152 0.056296692666094057 -0.0064154347039910757 0.014574313146405005 0.047961169620471887 -0.0015533719793290009 -0.018055359102612752 -0.057031212559281758 0.051544263599458379 0 0.027495601275169784 -0.052006525934083829 -0.0055595310749386017 0.0056049615847784057 -0.049838045746768138 0.039317433492134665 0 0.01156047766980299 -0.064132264616347467 0.0081326137505086521 -0.0047997763363539182 0.020391827574489225
leaf_weight=1.2717089716170438 2.3416920798335905 2.2818877129175226 13.103763987179265 1.5166950153507053 29.436957951300428 2.5976291118131476 4.3920218946950609 2.056472012453014 3.2741323877853565 2.2562822665277045 53.471510461109574 1.7716165794699916 1.5232938269473377 2.4345705042287591 2.0689292314837076 1.80176264180045 3.7739269261801365 5.5367705932403624 25.601562229367122 2.3470499144896158 3.464308201782841 2.0661558127976605 1.4113696074491597 1.3585980875359385 1.5650500131087026 1.2876406735231283 1.5358966770800178
leaf_count=52 44 76 244 59 1301 153 224 87 93 55 2576 109 75 61 91 106 157 244 1528 94 83 99 111 75 57 67 84
internal_value=0 0.00335662 4.33332e-05 0.00267278 8.04035e-05 0.00721021 0.0224721 0.0308041 -0.0134131 -0.00191944 3.0607e-05 -0.0159329 0 0.0138796 0.0280855 -0.00102 -0.0159767 -0.0251874 0.000851308 -0.00371791 0.00988 -0.0293666 -0.0353627 -0.0189958 0.0448908 -0.0380799 0.0413377
internal_weight=177.549 65.0984 55.8131 51.4651 48.4125 32.0346 9.28525 8.01354 16.3779 112.451 98.2532 14.1977 7.79841 6.27512 4.5035 95.9969 11.1125 9.3107 84.8844 55.8186 29.0659 4.34804 6.3993 4.05761 5.95707 2.64624 3.05259
internal_count=8005 2529 2109 1934 1791 1454 420 368 337 5476 4843 633 336 261 152 4788 507 401 4281 2670 1611 175 297 253 281 142 143
is_linear=0
shrinkage=0.0540709


Tree=275
num_leaves=30
num_cat=0
split_feature=29 87 87 98 76 71 53 95 52 104 52 108 48 49 108 55 108 59 59 85 95 92 80 92 92 96 51 98 20
split_gain=0.430962 0.809915 0.85104 1.59045 2.26421 1.23091 3.60623 1.40659 1.694 1.67983 1.13455 0.691964 0.625555 1.33271 2.21162 1.5783 1.14675 2.33361 1.81819 1.27744 1.09023 0.967025 1.39313 1.29466 0.588757 0.512276 0.270697 0.235691 0.211957
threshold=1.0000000180025095e-35 -16262.495499999995 -357.78824999999773 0.74425219940599729 76.500000000000014 0.7917323869610936 0.087004548909788759 1430.5000000000002 0.70234851433761525 -0.097517788564933858 0.88378728619717883 -0.73242598314606733 144.50000000000003 66.500000000000014 0.098602099803500334 52.500000000000007 0.16344806087383404 1014.5000000000001 731.50000000000011 -2060.7862499999983 1108.5000000000002 21.500000000000004 67412.181000000011 18.500000000000004 28.500000000000004 218.03639284115937 1874.5000000000002 1.0177742275541044 1.5000000000000002
decision_type=2 2 2 2 2 2 2 2 2 2 2 2 2 2 2 2 2 2 2 2 2 2 2 2 2 2 2 2 2
left_child=1 -1 3 -3 -5 7 10 8 -4 -9 -7 24 13 21 15 -15 17 18 -14 -18 -19 23 -23 -13 25 28 -16 -27 -2
right_child=11 2 5 4 -6 6 -8 9 -10 -11 -12 12 16 14 26 -17 19 20 -20 -21 -22 22 -24 -25 -26 27 -28 -29 -30
leaf_value=0.025726600109657678 0.024652491080801479 -0.022431734389135143 0 0.031816435129489049 -0.0093282040866336877 -0.025510264371741444 0.055078693075530198 0.0072984407831332091 0.035350636603719267 -0.0380942502630124 0.016847250358231737 0.0038055741800310048 -0.0033896605288766426 -0.037228784291121468 -0.019860474819876132 0.021758952209904262 -0.0017863474839821729 -0.0068633569455896718 0.0639848705163754 0.041610834469184545 -0.049460688517831843 -0.0034794868745089778 0.022842992141783681 -0.038412896489706139 -0.010447993063843988 0.051638145676335373 -0.060143131225433459 0.0044024925261818074 -0.024524284243427369
leaf_weight=4.3615417163819066 0.41236823896178909 10.569821713957937 20.142415498383347 5.7929129591211703 11.689777091145514 3.581305407220496 5.2058700395282358 4.0249480482889339 5.0589110711589447 5.1306339050643128 3.6964605743996799 3.3015915871219459 2.2101086804614196 2.1463716622383782 1.2942296532601174 3.4545424598309182 3.183866910469078 6.5361898178380198 2.1014872091036523 4.1794221607706268 2.7122004142820515 46.471774856832781 6.7252801975337198 4.7718371170558385 1.3165919932071117 1.9402556815184655 3.514787054817134 0.80391979917476408 0.60928820176923182
leaf_count=53 35 88 409 114 107 56 113 98 114 88 82 59 88 135 51 155 128 182 74 110 208 4387 317 116 108 149 174 85 122
internal_value=0 0.00296989 0.00154521 -0.00576852 0.00388466 0.00608321 0.0206433 0.000576689 0.00737807 -0.0173348 -0.0029825 -0.00239625 -0.00352866 -0.00597458 -0.023956 0 0.0044973 -0.00438113 0.0277512 0.0218475 -0.0201632 -0.00279815 -1.20136e-05 -0.0202362 0.0167757 0.0282556 -0.0508522 0.040506 0
internal_weight=176.941 79.2546 74.8931 28.0525 17.4827 46.8405 12.4836 34.3569 25.2013 9.15558 7.27777 97.6861 92.6037 71.6804 10.4099 5.60091 20.9233 13.56 4.3116 7.36329 9.24839 61.2705 53.1971 8.07343 5.08242 3.76583 4.80902 2.74418 1.02166
internal_count=8005 1322 1269 309 221 960 251 709 523 186 138 6683 6184 5394 515 290 790 552 162 238 390 4879 4704 175 499 391 225 234 157
is_linear=0
shrinkage=0.0540709


Tree=276
num_leaves=22
num_cat=0
split_feature=99 76 86 67 66 69 3 95 67 45 45 59 97 17 20 50 50 42 87 71 95
split_gain=0.411829 0.529923 0.714822 0.971561 1.17791 1.57534 0.752115 0.607787 0.511728 0.510913 0.643177 1.01498 1.48739 0.903612 1.51717 0.766426 0.622323 0.493066 0.600785 0.406478 0.164187
threshold=1.0000000180025095e-35 1035.5000000000002 18673.598689000013 31.409677419354843 832.50000000000011 100.50000000000001 0.77500000000000013 1892.5000000000002 43.546920821114377 40.166228099026007 29.384162526537526 2007.0000000000002 5.9469230769230785 2.5000000000000004 23.500000000000004 57.500000000000007 97.500000000000014 121.07750000000001 6125.0282500000021 0.39408229105028086 983.50000000000011
decision_type=2 2 2 2 2 2 2 2 2 2 2 2 2 2 2 2 2 2 2 2 2
left_child=9 2 3 4 5 -2 -5 17 -9 10 13 12 -12 -1 15 -15 -11 20 -19 -8 -4
right_child=1 -3 7 6 -6 -7 19 8 -10 16 11 -13 -14 14 -16 -17 -18 18 -20 -21 -22
leaf_value=-0.023581807320535844 -0.0015101771400629787 -0.048659842438328722 -0.037322491891109782 0.022729717710295999 0.044737040022313837 -0.046268222251920829 0 -0.047193599826908669 0.0082417938746879253 0.031781823116210389 -0.037945522344544381 0.009080939657186312 0 0.0041888556350802193 0.025254915075048616 -0.006018791283406085 0 0.050326845681033253 0.00027736773675012368 -0.053186287868835037 0.00050634579351018167
leaf_weight=3.8248122319055247 21.057393173137836 0.83025173318674106 0.38653683699885633 0.39879663789179209 1.3444910785583477 2.6408248656844071 0.32700991283490966 0.76352622364356626 0.90466890807147138 3.4886697279289356 5.7463156116427871 5.7509210419375441 6.727195635670796 72.543864219071111 8.305184258555526 30.23573977711203 4.0075793469441123 2.1994193819773504 1.4809093822386783 2.6007824840853573 0.38914736398146488
leaf_count=97 3811 118 81 7 58 548 47 112 37 70 65 67 104 1354 93 378 61 136 170 541 50
internal_value=0 -0.00521181 -0.00394877 -0.00772737 -0.00374706 -0.00681346 -0.0354489 0.012345 -0.0127342 0.00131853 0.000487581 -0.00887419 -0.017745 0.0020368 0.00298587 0.00111399 0.0150861 0.0233935 0.0322068 -0.0459071 -0.00889387
internal_weight=175.954 35.3238 34.4935 28.3693 25.0427 23.6982 3.32659 6.12421 1.6682 140.63 133.134 18.2244 12.4735 114.91 111.085 102.78 7.49625 4.45601 3.68033 2.92779 0.775684
internal_count=8005 5716 5598 5012 4417 4359 595 586 149 2289 2158 236 169 1922 1825 1732 131 437 306 588 131
is_linear=0
shrinkage=0.0540709


Tree=277
num_leaves=21
num_cat=0
split_feature=106 29 27 20 17 25 20 39 54 52 32 5 29 105 105 56 94 86 97 75
split_gain=0.420397 0.837504 1.35063 1.55933 3.61691 1.75395 1.64056 1.38819 0.89483 0.960428 0.764654 0.64328 0.854419 0.990665 2.09636 1.59189 1.40224 1.15024 1.08607 0.926903
threshold=0.81666666666666676 298.50000000000006 1.0000000180025095e-35 8.5000000000000018 21.500000000000004 52.500000000000007 14.500000000000002 11901.842543959332 1.0000000180025095e-35 0.80473923820815174 165.00000000000003 512.50000000000011 165.00000000000003 0.64417786563071811 0.70677265332376071 105564.66650000002 5.5000000000000009 -2309.5567045000039 3.4195402298850577 2534.9797500000009
decision_type=2 2 2 2 2 2 2 2 2 2 2 2 2 2 2 2 2 2 2 2
left_child=1 2 3 5 6 -1 -5 -7 -4 10 -10 12 13 17 16 -16 -15 19 -19 -2
right_child=11 -3 8 4 -6 7 -8 -9 9 -11 -12 -13 -14 14 15 -17 -18 18 -20 -21
leaf_value=0.0068245209553719731 0 -0.047126743716048816 -0.0080982796703700996 -0.023623068570806181 0.056964603388134354 -0.054473240325948288 -5.012886194230203e-05 0 0.046394847297215866 -0.0011429249523826643 0.0056602379844058887 0.017864031007723581 -0.027330182954047565 0 -0.011988116552221024 0.0091370973498590882 -0.043691156933951134 0.017525458658162536 -0.0076544253076884158 0.047790501243892829
leaf_weight=3.0019770665094239 2.1563206525752348 1.2437120741524257 3.7634740648791185 11.083519402429372 2.8830023832852012 5.1681866938888561 41.89320721380227 1.5399830606256726 4.505267911590634 3.1348689125152305 2.5635758433490992 7.3640260922838925 2.9532811488024882 4.0572837646468525 14.728758213561376 34.65864216722548 5.2495533889450599 9.5828979548095976 10.041033151326699 3.8723649840976577
leaf_count=26 97 50 46 952 26 813 3266 73 221 76 39 103 32 58 344 743 119 401 428 92
internal_value=0 -0.00285743 -0.002071 -0.00540307 -0.00178342 -0.0254598 -0.00512222 -0.0410063 0.0130409 0.021562 0.0326737 0.00245275 0.00106769 0.00215031 -0.00161438 0.00268704 -0.0252295 0.0110516 0.00426557 0.0319056
internal_weight=175.445 80.7808 79.5371 65.5699 55.8597 9.71015 52.9767 6.70817 13.9672 10.2037 7.06884 94.6642 87.3001 84.3469 58.6942 49.3874 9.30684 25.6526 19.6239 6.02869
internal_count=8005 5588 5538 5156 4244 912 4218 886 382 336 260 2417 2314 2282 1264 1087 177 1018 829 189
is_linear=0
shrinkage=0.0540709


Tree=278
num_leaves=12
num_cat=0
split_feature=100 17 7 17 29 95 52 17 103 20 85
split_gain=0.389227 0.609791 0.578594 0.63055 0.589519 0.719911 2.08806 0.90814 0.641237 0.568709 0.272569
threshold=33.525000000000006 1.0000000180025095e-35 19.001292078741383 28.500000000000004 189.00000000000003 191.50000000000003 0.7463509990210152 24.500000000000004 -1.0000000180025095e-35 17.500000000000004 -110583.80774999999
decision_type=2 2 2 2 2 2 2 2 2 2 2
left_child=1 9 4 -4 5 6 -3 -7 -6 -1 -11
right_child=-2 2 3 -5 8 7 -8 -9 -10 10 -12
leaf_value=0.0085936598956239934 0.016334012119774845 -0.0015806930276940124 -0.035894088853129204 0 0.030707114126283491 -0.0069674613385045372 0.039330597392058068 0.0019705631576350208 0.0011663585642206534 0 -0.060911176524385033
leaf_weight=0.3973096429835995 4.1638337171170852 11.95461831532157 2.7089311331801573 2.884314046241343 3.837802680907771 55.709009143301955 5.058973945589968 80.518873052496929 6.166938219801521 0.088750300295941886 1.1404274671058372
leaf_count=12 70 397 96 41 107 3960 204 2144 126 12 836
internal_value=0 -0.000394119 -3.2648e-05 -0.0171692 0.00050944 -0.000273712 0.0101533 -0.00163035 0.013241 -0.0333288 -0.0528733
internal_weight=174.63 170.466 168.839 5.59325 163.246 153.241 17.0136 136.228 10.0047 1.62649 1.22918
internal_count=8005 7935 7075 137 6938 6705 601 6104 233 860 848
is_linear=0
shrinkage=0.0540709


Tree=279
num_leaves=17
num_cat=0
split_feature=98 80 98 50 55 65 70 64 64 64 95 48 53 86 97 65
split_gain=0.360523 0.572129 0.482295 0.378156 1.52628 1.499 1.54762 1.34315 1.46816 1.23271 1.15 1.03649 0.99766 0.897299 0.651978 0.112871
threshold=1.4438057529829535 55.794000000000004 1.3346740777394281 57.500000000000007 51.500000000000007 2589.6311781300933 377.50000000000006 4256.6509221357073 3882.5648869047623 4552.7777214912285 3605.0000000000005 30.500000000000004 0.084028264392962765 14653.846241999929 5.1293103448275872 3149.0650262338836
decision_type=2 2 2 2 2 2 2 2 2 2 2 2 2 2 2 2
left_child=2 -2 3 4 10 6 -5 8 -7 -9 12 -12 -1 14 -6 -3
right_child=1 15 -4 5 13 7 -8 9 -10 -11 11 -13 -14 -15 -16 -17
leaf_value=-0.0099729297609480478 0.0016080310246000156 -0.056690283359750467 0.021607345865067348 0 0.054404389049006352 0 -0.050209688508314837 -0.040146734462723196 0.051641353854814775 -0.0014348913138586294 0.054869724167069707 -0.00025182300721783086 0.0021771404929255686 0 0.01646856263129649 -0.012817525157362406
leaf_weight=27.942450038237439 1.6635153893876116 0.89372387027105993 3.065844172058859 3.0668527065718072 2.7901708450954157 4.2970929282455463 3.816032978167641 2.5850064478217964 2.8354720479474054 43.328636717154041 2.0638594244956034 1.4304721426960894 65.835749527450389 3.6453989245346747 4.0853175614247448 0.91646125867555384
leaf_count=2350 64 58 125 123 78 141 122 73 63 1395 126 97 2885 98 129 78
internal_value=0 -0.0172287 0.000361481 0 0.0018871 -0.00347024 -0.0272191 -0.000248435 0.0214251 -0.00377719 -0.000153774 0.0302046 -0.00136447 0.0214549 0.0329504 -0.0385986
internal_weight=174.262 3.4737 170.788 167.723 107.793 59.9291 6.88289 53.0462 7.13256 45.9136 97.2725 3.49433 93.7782 10.5209 6.87549 1.81019
internal_count=8005 200 7805 7680 5763 1917 245 1672 204 1468 5458 223 5235 305 207 136
is_linear=0
shrinkage=0.0540709


Tree=280
num_leaves=19
num_cat=0
split_feature=16 7 35 54 26 22 61 45 90 32 69 91 27 91 15 105 17 42
split_gain=0.368903 1.31741 0.883017 0.795868 0.661841 0.980779 0.920594 0.869849 0.607854 0.55059 1.24443 0.886713 0.845483 1.17511 0.848601 0.662771 0.109217 0.0515381
threshold=40.500000000000007 1.0000000180025095e-35 131.50000000000003 3.5000000000000004 2.5000000000000004 1.0000000180025095e-35 0.86496402639900405 23.108313763754285 -0.74999999999999989 149.50000000000003 86.500000000000014 4.5000000000000009 1.0000000180025095e-35 12.500000000000002 1.5000000000000002 1.3503255667508227 21.500000000000004 212.04900000000004
decision_type=2 2 2 2 2 2 2 2 2 2 2 2 2 2 2 2 2 2
left_child=8 2 4 17 5 6 -2 -7 -1 12 11 -11 14 -14 15 -10 -3 -4
right_child=1 16 3 -5 -6 7 -8 -9 9 10 -12 -13 13 -15 -16 -17 -18 -19
leaf_value=0.024702094951808751 -0.028540234445366717 -0.018330079353673326 -0.029497665247151559 0.055255301035022075 -0.082524579677486012 0.028723449629983102 0.011859811652686764 -0.020766391261192899 -0.0013514498941084806 -0.0082191350627285557 0.0060928039997584383 -0.052469297366532969 0 0.042698217118466587 0.020292633869183917 0.020254852254120624 -0.05486416738877449 0
leaf_weight=3.068050167290493 5.4031303341953389 1.2202635792564245 0.25853924822149466 1.4215642388153353 0.33077652752399522 3.6494932533823885 2.0676620134909172 1.2767025340581311 123.68384963457356 3.7225797434803081 5.9783495239535114 2.589709401683649 3.776296963915228 3.3670522482134402 5.9504860079614437 4.2723801007596185 1.5671094341741989 0.31278040785400663
leaf_count=98 3003 116 78 108 2 254 468 57 3006 73 128 100 97 72 90 125 42 88
internal_value=0 -0.00742959 -0.000462312 0.0324144 -0.00619534 -0.00354852 -0.0163696 0.0143941 0.000846224 0.000320371 -0.0105891 -0.0275557 0.00132354 0.0194635 0.000300354 -0.000571934 -0.0415465 -0.0115245
internal_weight=173.917 17.508 14.7206 1.99288 12.7278 12.397 7.47079 4.9262 156.409 153.341 12.2906 6.31229 141.05 7.14335 133.907 127.956 2.78737 0.57132
internal_count=8005 4216 4058 274 3784 3782 3471 311 3789 3691 301 173 3390 169 3221 3131 158 166
is_linear=0
shrinkage=0.0540709


Tree=281
num_leaves=24
num_cat=0
split_feature=104 94 106 5 103 103 40 87 87 87 45 16 65 47 48 42 104 42 43 103 75 70 48
split_gain=0.36356 1.12355 1.54603 2.2318 2.40725 1.76001 1.55442 1.39677 1.87499 1.45306 2.12437 1.34693 1.16388 1.13657 1.11715 1.04276 1.2767 1.01419 1.00909 2.04051 1.49339 0.982295 0.826628
threshold=-0.036244200612899728 8.0000000000000018 1.7500000000000002 299.50000000000006 -19.1495 -82.842999999999989 6840.1641344700138 -13275.992249999998 -1904.066000000005 3666.068749999999 15.163939265789086 36.500000000000007 3573.8628769609782 376.50000000000006 72.500000000000014 3.3310000000000004 -0.045264301077452961 4.6110000000000007 3406.5000000000005 -64.772000000000006 9033.9043214285739 175.50000000000003 53.500000000000007
decision_type=2 2 2 2 2 2 2 2 2 2 2 2 2 2 2 2 2 2 2 2 2 2 2
left_child=15 2 3 5 12 -2 -7 -3 11 10 -10 -9 -5 -6 -11 21 17 -17 19 -19 -20 -1 -4
right_child=1 7 22 4 13 6 -8 8 9 14 -12 -13 -14 -15 -16 16 -18 18 20 -21 -22 -23 -24
leaf_value=-0.054004047103841518 -0.029713920095216305 -0.03445821010685704 -0.0061567913093981937 -0.022851080855344548 -0.013641236520615075 0.029207364503230856 -0.014289630534732095 0.053964117969188062 0.0055244448288021084 -0.0044279383398635195 -0.041429706060174001 0.0081466300695589543 0.027330357828717646 -0.044407782279730794 0.025285390285811674 0.045357404560004644 0.046102772465311248 0.031824603603709492 -0.049549270116370545 0.00057176983667545425 0.00086698416402090754 0 -0.038771936230856861
leaf_weight=1.788721124576113 2.3073684679766293 2.3880930940667886 4.5312209923285973 1.6532241074055516 14.976014316314833 11.488798272424903 2.7842797774792407 3.8558135854837001 6.2981532105695823 6.1289959029454613 4.7862982113292674 4.5372651006910019 5.3406718130954687 5.1816440688126013 8.124794896135425 1.6117741056950752 2.0696521740937888 6.8439527635709956 2.6679636342887525 61.905676373338792 4.0518459875456756 1.8733611478310193 6.2402483555488288
leaf_count=66 74 85 117 92 1057 1596 158 86 237 194 135 123 244 229 196 38 69 294 93 2541 143 90 48
internal_value=0 -0.00235796 -0.00731405 -0.00260512 -0.01229 0.0128083 0.0202037 0.00491605 0.0079248 0.000291027 -0.014088 0.0300843 0.0144085 -0.0219205 0.0119917 0.0025982 0.00398442 0.00275637 0.00174735 0.00379137 -0.0180597 -0.0253306 -0.0257418
internal_weight=173.436 90.6229 54.5035 43.732 27.1516 16.5804 14.2731 36.1194 33.7313 25.3382 11.0845 8.39308 6.9939 20.1577 14.2538 82.8129 79.1509 77.0812 75.4694 68.7496 6.71981 3.66208 10.7715
internal_count=8005 4671 3615 3450 1622 1828 1754 1056 971 762 372 209 336 1286 390 3334 3178 3109 3071 2835 236 156 165
is_linear=0
shrinkage=0.0540709


Tree=282
num_leaves=18
num_cat=0
split_feature=99 62 36 50 72 45 39 40 17 76 86 71 71 108 92 95 91
split_gain=0.373065 0.511502 0.900817 0.806433 1.20235 0.946892 0.711084 0.81646 0.699911 0.508851 0.654098 0.91635 0.947205 0.8154 0.598284 0.544697 0.673484
threshold=1.0000000180025095e-35 27.500000000000004 77.500000000000014 57.500000000000007 0.22226437363007923 23.557505409666572 14202.204456676671 9681.6545123390588 32.500000000000007 1035.5000000000002 18673.598689000013 0.93760521885521897 0.91935615347874555 0.086309251404469337 33.500000000000007 1892.5000000000002 4.5000000000000009
decision_type=2 2 2 2 2 2 2 2 2 2 2 2 2 2 2 2 2
left_child=1 2 6 -3 5 -5 7 8 -1 10 11 12 13 -2 15 16 -12
right_child=9 3 -4 4 -6 -7 -8 -9 -10 -11 14 -13 -14 -15 -16 -17 -18
leaf_value=-0.0030413704659245865 -0.00040428820883349969 0.02137404416026217 -0.015886730878888602 -0.024732057632140047 0.017611115480287293 0.0034442359724345386 0.025160186457991712 -0.024826995430059128 0.0064915483211969082 -0.04842797476115937 -0.005258993116115435 -0.050844775386511158 0.04570079292792998 -0.022018980422694203 -0.030234214253212339 -0.0077157040913579536 0.041528460550715636
leaf_weight=49.062981728784507 17.83091984377371 8.7508935210644285 10.062904922990127 5.8279728012857976 8.6372550217201916 7.7718314869562164 3.4603673800593233 3.6581355975940815 40.92350510956021 0.79864243898191389 0.89291247527034912 1.3852367960171239 1.0009189703268919 7.5888601189071769 0.72563389213246399 1.236213821419369 3.1326043827211834
leaf_count=893 3428 79 113 72 80 87 82 57 826 118 271 275 95 1214 75 106 134
internal_value=0 0.00126385 -0.000440531 0.00739634 0.00156183 -0.00808888 0.00108435 0.000115207 0.00121187 -0.00501496 -0.00376722 -0.00742403 -0.00486376 -0.00714924 0.0119779 0.0192134 0.029318
internal_weight=172.748 138.156 107.168 30.988 22.2371 13.5998 97.105 93.6446 89.9865 34.5919 33.7933 27.8059 26.4207 25.4198 5.98736 5.26173 4.02552
internal_count=8005 2289 1971 318 239 159 1858 1776 1719 5716 5598 5012 4737 4642 586 511 405
is_linear=0
shrinkage=0.0540709


Tree=283
num_leaves=14
num_cat=0
split_feature=87 41 43 96 36 70 4 85 84 84 64 46 46
split_gain=0.361663 0.452097 0.8383 0.54659 0.599901 0.691982 0.532936 0.706552 0.680237 1.52686 1.77583 0.667 1.34188
threshold=-37621.614999999998 44673.408500000012 1669.5000000000002 245.73922445039099 85.500000000000014 1900.0000000000002 0.22500000000000003 -92583.006999999969 0.7421017625540407 0.54102320424487227 1578.6194750000002 4244.0000000000009 3579.0000000000005
decision_type=2 2 2 2 2 2 2 2 2 2 2 2 2
left_child=-1 6 -3 -4 5 -5 7 -2 9 10 -8 12 -9
right_child=1 2 3 4 -6 -7 8 11 -10 -11 -12 -13 -14
leaf_value=0.022722645093607993 -0.029710135904483868 -0.042788570924864266 -0.029236520758681477 0.0055991749233643886 0.020098202734811662 -0.031496424191159389 -0.0038581426513528464 0 0.024445560367934882 -0.027865220289129262 0.038731528589238624 0.026242523402891745 -0.040389499757688581
leaf_weight=2.0209679603649411 2.4123601120954836 1.973785007099649 1.9987676972114048 3.3180328726502903 3.3897260030480538 2.3381442144745961 7.1141097641084361 128.60942049921505 5.7784999586292534 3.6560979124624273 4.5113721649977379 2.7304826748732003 2.4458692507469086
leaf_count=46 88 100 65 119 116 98 340 6467 105 70 200 106 85
internal_value=0 -0.000274147 -0.00998408 -0.00344527 0.00144228 -0.00843531 0.000482806 -0.00070503 0.00851489 0.00200473 0.0120376 -0.000126304 -0.00073251
internal_weight=172.298 170.277 13.0185 11.0447 9.0459 5.65618 157.258 136.198 21.0601 15.2816 11.6255 133.786 131.055
internal_count=8005 7959 498 398 333 217 7461 6746 715 610 540 6658 6552
is_linear=0
shrinkage=0.0540709


Tree=284
num_leaves=30
num_cat=0
split_feature=29 95 87 87 98 43 21 96 108 57 56 36 108 86 44 95 47 69 95 120 71 92 49 63 53 43 42 41 67
split_gain=0.347762 0.743514 0.841481 1.02998 1.59643 1.88294 0.993497 0.841659 0.605645 0.64047 2.30918 2.10418 1.76286 1.8786 1.80568 2.26838 1.44625 1.38537 1.3219 1.40862 0.922171 0.771297 0.676692 0.562543 0.501189 0.354007 0.351251 0.18294 0.0234466
threshold=1.0000000180025095e-35 84.500000000000014 -16262.495499999995 -357.78824999999773 0.74425219940599729 1172.5000000000002 1.5000000000000002 250.10226089743594 -0.73242598314606733 3948.556179087876 185302.89750000005 22.500000000000004 -0.15978632448124883 -10360.989196000002 16.917792792792799 3167.5000000000005 278.50000000000006 18.500000000000004 191.50000000000003 4.5000000000000009 0.71138037366225293 26.500000000000004 59.500000000000007 7109.5275000000011 0.13522006042861187 224.50000000000003 92.839000000000013 6553.1150000000007 8.8425925925925934
decision_type=2 2 2 2 2 2 2 2 2 2 2 2 2 2 2 2 2 2 2 2 2 2 2 2 2 2 2 2 2
left_child=1 -1 -3 4 -4 -6 7 -5 23 12 11 17 13 -10 15 -14 -16 -11 20 -20 -12 -15 -13 25 -8 27 -25 -2 -28
right_child=8 2 3 6 5 -7 24 -9 9 10 18 22 14 21 16 -17 -18 -19 19 -21 -22 -23 -24 26 -26 -27 28 -29 -30
leaf_value=-0.019261070880685252 0 0.028683216642350993 -0.022449474439768958 0.010873308845453339 0.021067742673913998 -0.015771720688921641 0.05567321180810042 -0.0055688346974938231 0.034755476790518512 -0.041387056092516861 -0.0027282184659937186 -0.051732206254681688 -0.0046478543188637669 -0.055309015875827962 0.061991798806112684 0.05744741529726493 0.0023250254144007486 0.033406556578003919 -0.0067871226289279189 0.048750621725865535 0.038498369142904963 0 0 0 0.012242117662686952 0.023113817778596599 0.062453538779517682 -0.044498487997601095 0.02631962207937863
leaf_weight=4.1546308072283855 0.40160728066257323 3.8896078583784393 10.29596876143478 24.962613906245679 9.1554816360585409 7.1153959813527754 1.840063614421523 13.662856822833417 1.0805312816737567 1.0641226539009934 2.1890784176575826 6.440941065808147 17.307288082309249 3.1805528459881343 3.0162095181476607 1.9013921668229148 2.4040118647208146 2.0847392328360002 41.786819552368797 1.3517658932978509 3.7900166629988234 0.98263363525620651 1.1251439880506948 0.94142373342765528 2.3384509271709248 0.52105618661153119 0.7233117988216694 0.68364350647607353 1.5961115987884111
leaf_count=65 110 50 86 481 138 73 105 243 73 150 71 555 2197 297 124 111 133 110 2076 54 103 85 45 101 81 48 23 63 154
internal_value=0 0.00268183 0.00402764 0.00253781 -0.00566498 0.00450337 0.00780168 0.00486595 -0.00220527 -0.00328198 -0.00654995 -0.0293277 0.00301612 -0.0250685 0.00929734 0.00111977 0.0369026 0.00577413 -0.00142948 -0.00487313 0.0221732 -0.0423799 -0.0449104 0.016114 0.0331545 -0.00648635 0.029509 -0.027513 0.0408195
internal_weight=171.987 77.4151 73.2604 69.3708 26.5668 16.2709 42.804 38.6255 94.5724 89.7052 59.8326 10.7149 29.8726 5.24372 24.6289 19.2087 5.42022 3.14886 49.1177 43.1386 5.9791 4.16319 7.56609 4.86715 4.17851 1.60631 3.26085 1.08525 2.31942
internal_count=8005 1322 1257 1207 297 211 910 724 6683 6184 3164 860 3020 455 2565 2308 257 260 2304 2130 174 382 600 499 186 221 278 173 177
is_linear=0
shrinkage=0.0540709


Tree=285
num_leaves=32
num_cat=0
split_feature=99 62 42 53 76 67 43 43 43 105 105 75 87 69 86 106 97 86 104 103 53 115 81 95 45 54 78 7 106 97 106
split_gain=0.361436 0.487725 0.905106 0.830391 0.763434 1.77255 2.10307 1.26846 1.90028 0.834012 2.86152 1.28407 0.795453 0.583826 0.481024 1.01429 0.754038 0.68517 2.12545 1.06074 0.878564 1.28963 1.35138 1.14757 0.867667 0.553035 0.426182 0.418382 0.368764 0.275634 0.193038
threshold=1.0000000180025095e-35 28.500000000000004 597.12650000000019 0.14093850222329238 210.50000000000003 33.74038461538462 1442.5000000000002 1475.5000000000002 1994.0000000000002 0.7090900989881298 0.64417786563071811 4254.1183636363639 3666.068749999999 187.50000000000003 -5047.2778904999968 0.45000000000000007 5.5235449735449746 -1467.5191579999998 -0.18483514292232392 -6.0785000000000009 0.26517710892710894 241.04495147679322 9468.4970357142865 1076.5000000000002 26.074198705230216 11.500000000000002 0.90924344112263589 86.05399953914646 0.091666666666666688 5.6642787592154695 0.38333333333333336
decision_type=2 2 2 2 2 2 2 2 2 2 2 2 2 2 2 2 2 2 2 2 2 2 2 2 2 2 2 2 2 2 2
left_child=1 4 3 -3 7 6 -6 9 -9 10 -1 -11 -8 -7 15 16 30 18 19 29 21 23 -23 -19 28 -17 -20 -18 -22 -16 -2
right_child=14 2 -4 -5 5 13 12 8 -10 11 -12 -13 -14 -15 17 25 27 20 26 -21 24 22 -24 -25 -26 -27 -28 -29 -30 -31 -32
leaf_value=0.0012334137442263089 0.0011744761661664177 0.030960199528817622 -0.0074744412422783953 0.0052472981399999509 0.0031403531988776199 -0.0011604790252578456 -0.045789971749274003 0.043395481670116622 -0.0019620494967940048 -1.7206754847531748e-05 -0.042551657056416774 0.022766679210429165 -0.016101001128297033 0.020534184656587129 0.040932559054154147 -0.052778094926453446 -0.045717010216180291 -0.0052735249788640592 -0.049010373637131781 0.087839755062328856 0 -0.034722573434717227 0.0031794191499654508 0.028210096295747542 0.0085332440436106955 0 0.0035993075115056195 0.022257104558836713 -0.053617422296382805 -0.0060388376012849845 0.062469964142210233
leaf_weight=20.992262083804238 0.5874007643096768 6.266916430089629 7.0401889779022886 11.06981890904717 8.5352780722605548 7.5976683692133502 6.0396683983854 5.2120758446981181 4.9930769763013814 32.040989785338752 5.4137696827237951 9.1049347682273929 6.5954633865476353 6.0519942215760238 0.50745389414805708 2.3955694533869978 0.84250497163702653 5.5561011729805667 1.0549906287778892 1.2042372502473884 0.29832122508378223 5.1962443122938549 5.1652902304449526 5.8090662268514279 0.92332082009488647 0.43779161293059576 0.37205325749528118 0.21837777271866798 2.3812939127674326 0.68311531914514489 0.5492908223241102
leaf_count=707 124 72 75 109 88 84 67 100 109 528 80 137 71 62 18 517 402 1382 251 42 112 979 470 543 117 39 34 3 548 122 13
internal_value=0 0.00124335 0.00818539 0.014971 -0.000194326 -0.00690868 -0.0168177 0.00271745 0.0204836 0 -0.00746629 0.00484581 -0.0308828 0.00791884 -0.00497178 -0.0205816 0.00401238 -0.00202299 0.0188879 0.0511863 -0.00547124 -0.00101513 -0.0151183 0.0111928 -0.0302758 -0.042252 -0.030138 -0.0247551 -0.0464005 0.00782288 0.0373473
internal_weight=171.137 136.954 24.3769 17.3367 112.577 34.8201 21.1704 77.7571 10.2052 67.552 26.406 41.1459 12.6351 13.6497 34.1824 5.03094 2.19757 29.1515 3.82185 2.39481 25.3296 21.7267 10.3615 11.3652 3.60294 2.83336 1.42704 1.06088 2.67962 1.19057 1.13669
internal_count=8005 2289 256 181 2033 372 226 1661 209 1452 787 665 138 146 5716 1098 542 4618 467 182 4151 3374 1449 1925 777 556 285 405 660 140 137
is_linear=0
shrinkage=0.0540709


Tree=286
num_leaves=32
num_cat=0
split_feature=104 94 106 5 103 103 40 17 81 103 107 64 84 36 61 96 66 109 42 104 25 51 47 67 47 70 71 80 72 76 32
split_gain=0.360191 1.0166 1.42299 1.98488 2.11449 1.58445 1.39471 1.38546 2.14524 1.49144 1.85533 1.56327 1.18731 1.12456 1.11142 1.78476 1.29883 0.968539 0.964612 1.17377 0.983418 1.26454 1.36616 1.22089 1.15872 0.886459 0.693432 0.544089 0.506185 0.440113 0.139421
threshold=-0.036244200612899728 8.0000000000000018 1.7500000000000002 299.50000000000006 -19.1495 -82.842999999999989 6840.1641344700138 21.500000000000004 4270.2702166666668 -16.067499999999999 1.0000000180025095e-35 8453.077507526883 0.64714052287581714 54.500000000000007 0.76224245852875161 292.35478930119189 701.50000000000011 1.3343380778522262 3.3310000000000004 -0.045264301077452961 80.500000000000014 4915.5000000000009 1053.5000000000002 18.804761904761907 749.00000000000011 175.50000000000003 0.73381435004347328 27803.990500000004 0.13916603622446708 9.5000000000000018 124.50000000000001
decision_type=2 2 2 2 2 2 2 2 2 2 2 2 2 2 2 2 2 2 2 2 2 2 2 2 2 2 2 2 2 2 2
left_child=18 2 3 5 12 -2 -7 8 29 10 -9 17 -5 -6 16 -16 -10 -11 25 20 23 22 -22 26 -23 -1 -20 -4 -25 -3 -31
right_child=1 7 27 4 13 6 -8 9 14 11 -12 -13 -14 -15 15 -17 -18 -19 19 -21 21 24 -24 28 -26 -27 -28 -29 -30 30 -32
leaf_value=-0.052084837741973235 -0.028382193060667766 -0.0057751433434067396 -0.035958457558499128 0.04087672717768525 -0.0082772469649090366 0.027730097851477228 -0.013712655973296727 0.019065336469198564 0.050594424092524265 0.049104131429004938 -0.034116575775263558 -0.0050536550220608772 -0.0035872591127686583 -0.035387597222299574 -0.048703617265137562 0.015021349251565837 -0.0024639889021457785 0.011324533842147273 0.043067143662111153 0.044986950239909985 -0.0007691501587901462 0.0021072091009611271 0.031898226330795018 -0.011099999144736786 -0.049834079895848739 0 0.0087816521747253774 -0.0085899205156455619 0.012684559023602524 -0.063866268126560086 -0.025498834694556098
leaf_weight=1.7480222866724937 2.2891331249993518 1.3099282846087579 6.0726598049513978 2.7851750683330492 10.799411876167143 11.343326051479382 2.7388148887112029 4.0567234549671412 2.6037053836334945 6.1798668002593313 3.5369231626100399 3.4377785471151574 4.0497887336659915 8.9391987998678797 2.2042855603776843 2.833286208093341 2.2841658188808651 3.7878240662394091 4.7097477219067532 2.0077455306818583 48.23630531175877 1.8053036634883017 4.0281995866171192 5.0735663659870607 2.8027256880559435 1.84802691789082 3.7304315564688295 4.5737351272255182 5.3172395450528711 1.8830014436389322 1.3143270499640491
leaf_count=66 74 87 126 132 868 1596 158 62 69 129 96 101 204 418 112 78 87 77 96 69 2549 93 86 73 92 90 59 39 61 44 114
internal_value=0 -0.00236996 -0.00712287 -0.00254285 -0.0118081 0.0120446 0.0191443 0.0046103 -0.00796605 0.0136059 -0.00473502 0.0245456 0.0134575 -0.0209319 0.00543414 -0.0114051 0.024298 0.0354945 0.00260802 0.00395725 0.00277021 -0.00065267 0.00160844 0.0134992 -0.0278902 -0.0244798 0.0287951 -0.0248991 0.000360093 -0.0391021 -0.0504327
internal_weight=170.33 89.0231 53.5912 42.9448 26.5736 16.3713 14.0821 35.4318 14.4327 20.9991 7.59365 13.4055 6.83496 19.7386 9.92544 5.03757 4.88787 9.96769 81.3073 77.7113 75.7035 56.8725 52.2645 18.831 4.60803 3.59605 8.44018 10.6464 10.3908 4.50726 3.19733
internal_count=8005 4671 3615 3450 1622 1828 1754 1056 591 465 158 307 336 1286 346 190 156 206 3334 3178 3109 2820 2635 289 185 156 155 165 134 245 158
is_linear=0
shrinkage=0.0540709


Tree=287
num_leaves=32
num_cat=0
split_feature=56 84 84 58 56 95 66 105 105 65 86 86 81 42 76 74 77 40 20 80 91 82 94 82 39 98 41 95 75 75 57
split_gain=0.362416 1.62228 1.73019 1.61812 1.56369 1.48515 1.45242 1.24809 2.48491 1.24096 1.36151 1.56839 1.03432 0.953998 0.90833 0.713863 1.8285 1.59183 1.14799 1.08523 1.52253 1.01564 1.79998 1.39339 0.954225 0.581554 0.524149 0.456685 0.451793 0.387569 0.386772
threshold=294426.19800000003 0.69777337951509166 0.81601886792452838 1642.5000000000002 256477.62950000004 342.50000000000006 492.00000000000006 0.6981958188577948 0.59281253334761874 4050.1250559285277 14054.397165 31008.454845000011 10485.559714285717 116.71650000000001 464.50000000000006 54164.067500000012 445.50000000000006 6440.8538656851797 8.5000000000000018 28235.532000000003 13.500000000000002 88.500000000000014 8.0000000000000018 39.500000000000007 4600.9999395833347 0.83880458707040839 21143.129500000003 1076.5000000000002 4741.034333333334 5553.8836666666675 8987.9628200968564
decision_type=2 2 2 2 2 2 2 2 2 2 2 2 2 2 2 2 2 2 2 2 2 2 2 2 2 2 2 2 2 2 2
left_child=4 3 5 25 15 -3 -6 8 -5 -4 14 -12 27 -9 -11 19 17 24 -18 21 28 23 -23 -1 -17 29 -8 -7 -21 -2 -15
right_child=1 2 9 7 6 12 26 13 -10 10 11 -13 -14 30 -16 16 18 -19 -20 20 -22 22 -24 -25 -26 -27 -28 -29 -30 -31 -32
leaf_value=0.0020862814215277022 0.070633649083555641 0.01911988690432628 0.042822029974081431 -0.0087757119327016835 0 -0.057992752273023938 -0.061355379597908245 0.017466595573356523 0.0524473201228636 0.00093895711571199796 -0.041956455240463854 0.0012966511609176425 0 -0.0052991574080669124 0.03617736642609716 0.0077104016171615081 0.0080063060764964736 -0.017509826435249114 -0.044107813181476829 -0.064631370597512811 0.015363187394844668 -0.00015316744834568328 0.044083926636638772 -0.014363306538874696 0.049210659154940418 0.0086621451243250776 -0.022339978194232352 -0.025090911716801102 -0.017225809397347226 0.027108220356542066 -0.043670939795579469
leaf_weight=53.272176683400176 2.1605058003478943 2.1803714320703866 2.3471697110653649 3.729197427579491 4.2654560765367915 2.9072755094493896 2.3989390909046051 1.888496838044375 3.686828552177758 5.7435007198400871 3.4689749221997754 7.3137137299199821 2.8957104516775871 1.9617420845534068 3.9018325660090341 3.0224174851427943 2.3047987534373524 1.9225671365020378 2.2648528116114903 1.9922535994628554 1.5625227783675653 7.1710283089196292 4.0105053661027341 20.722533197680605 5.2342495605553268 1.7136142122399176 3.3074544659320964 4.4717600761650829 1.5841936642937069 1.86548760052392 2.181967348937178
leaf_count=3990 67 59 57 94 127 73 67 59 77 256 152 238 100 67 124 129 46 51 90 82 42 253 95 854 167 92 106 141 106 79 65
internal_value=0 0.00363011 -0.00308417 0.0163422 -0.00172534 -0.01942 -0.0221916 0.00544097 0.020671 0.00552596 0.000874781 -0.0119389 -0.02832 -0.0120587 0.015965 0.000147221 0.0112388 0.02429 -0.016215 -0.00158247 -0.0257122 -3.9246e-05 0.015058 -0.0024209 0.0349201 0.0405853 -0.0400537 -0.0390686 -0.0457216 0.052326 -0.0272998
internal_weight=169.454 54.4181 35.2303 19.1878 115.036 12.4551 9.97185 13.4482 7.41603 22.7752 20.428 10.7827 10.2747 6.03221 9.64533 105.064 14.7489 10.1792 4.56965 90.3152 5.13897 85.1762 11.1815 73.9947 8.25667 5.73961 5.70639 7.37904 3.57645 4.02599 4.14371
internal_count=8005 1800 1200 600 6205 373 300 362 171 827 770 390 314 191 380 5905 483 347 136 5422 230 5192 348 4844 296 238 173 214 188 146 132
is_linear=0
shrinkage=0.0540709


Tree=288
num_leaves=20
num_cat=0
split_feature=99 45 72 41 39 67 67 92 16 5 16 39 17 57 86 57 52 87 95
split_gain=0.389645 0.473196 0.583233 0.564233 0.645175 0.83939 1.17905 0.446074 0.511011 1.17523 0.867547 0.695475 1.07567 0.877485 0.692299 0.685331 0.686421 0.642732 0.177364
threshold=1.0000000180025095e-35 40.166228099026007 0.11925254213973562 44673.408500000012 13062.817213744589 42.236074270557033 38.710253456221203 45.500000000000007 39.500000000000007 297.50000000000006 37.500000000000007 4169.2014166666677 27.500000000000004 6542.0796429608135 -13711.578181499999 2594.2227414285721 0.79105991341467108 9039.3635000000013 364.50000000000006
decision_type=2 2 2 2 2 2 2 2 2 2 2 2 2 2 2 2 2 2 2
left_child=1 3 -3 4 5 6 -1 8 10 15 11 12 -2 -13 -11 16 -10 -16 -12
right_child=7 2 -4 -5 -6 -7 -8 -9 9 14 18 13 -14 -15 17 -17 -18 -19 -20
leaf_value=0.00060668700355578746 -0.019020797173738013 0.031037351547800931 0 -0.015491716823838651 0.022857833137541569 -0.017992469733041774 0.031175141996267065 -0.04611924087521975 -0.019148485247655295 -0.043943368323779403 0 -0.052398887941263149 0.036390371170394342 -0.0038838257747832424 0.016087628641689087 -0.051549816164813113 0.049596372188167204 -0.012544587624691534 -0.051700943227268994
leaf_weight=107.34832066651143 1.6554104008609996 3.4088538087671614 3.7159072013164405 6.0841644519823594 3.9570873321499667 6.6605334001360452 3.8469796536955974 0.79404065204835106 2.210007349502122 0.65689123113225001 0.34962608618661706 1.5689425136515636 2.3079260126687586 4.933547247415845 12.729428355418348 1.6399272423950604 0.4992375410729436 2.5005850491870651 1.7743659828265661
leaf_count=1871 367 71 60 89 66 88 44 160 1158 189 20 235 38 371 1379 1141 39 274 345
internal_value=0 0.001296 0.0148928 0.000480532 0.00133923 0.000553611 0.00173131 -0.00520932 -0.0039916 0.000995557 -0.0125934 -0.00538294 0.0113845 -0.0167396 0.00816166 -0.0234736 -0.0037252 0.0109002 -0.0446044
internal_weight=168.642 135.022 7.12476 127.897 121.813 117.856 111.195 33.6199 32.8259 20.2361 12.5898 10.4658 3.96334 6.50249 15.8869 4.34917 2.70924 15.23 2.12399
internal_count=8005 2289 131 2158 2069 2003 1915 5716 5556 4180 1376 1011 405 606 1842 2338 1197 1653 365
is_linear=0
shrinkage=0.0540709


Tree=289
num_leaves=22
num_cat=0
split_feature=107 84 86 98 75 64 103 58 59 105 84 39 39 56 72 105 75 58 66 52 78
split_gain=0.366695 0.769543 0.799435 0.723273 0.708349 2.16512 2.30517 1.65377 1.77485 1.55011 1.39959 2.22607 1.30599 0.949947 0.933324 0.814946 0.659145 0.860225 1.00087 0.456813 0.211751
threshold=1.0000000180025095e-35 0.93119877049180333 38210.275363000001 1.4438057529829535 1975.2675378787881 3011.1294094117652 41.916499999999992 161.50000000000003 81.500000000000014 0.95140568321725005 0.532164297880658 3551.5445679156915 2775.8674878048791 8990.2250000000004 0.37994316463353167 0.81159153700336806 9581.9603333333343 1924.5000000000002 761.50000000000011 0.46776927282668124 0.28352713178294581
decision_type=2 2 2 2 2 2 2 2 2 2 2 2 2 2 2 2 2 2 2 2 2
left_child=1 2 16 4 7 6 19 8 13 15 14 -12 -11 -2 -7 -9 17 18 -1 -6 -5
right_child=3 -3 -4 20 5 10 -8 9 -10 12 11 -13 -14 -15 -16 -17 -18 -19 -20 -21 -22
leaf_value=0.0012479657114197688 -0.0085238908774181114 0.025928472458622891 -0.026138975516924918 0 0 -0.027423731201291136 0.026524412105529978 0.017441604355978971 -0.057876270733041781 -0.043267062531691505 0.044107585331475692 0 0.022148297178181488 0.033114985414686458 0.0012928183360049412 0.061452615890236165 0.02297055683669906 -0.022551341026418016 0.034991729207105901 -0.05246730205303058 -0.055658032371475923
leaf_weight=51.610348586735199 5.6283182809638692 4.0621576801058827 2.8819319518515831 0.48585991458821698 0.70783570266212237 8.5511403358359512 1.4388621140824396 3.1386723838222661 1.70866668344388 1.4891235614923064 3.5629642377534756 53.460621406949031 2.1424881986386026 2.1922636119124945 4.6278589502544483 2.9947456137379049 4.4558382732502642 4.0805459955590768 2.745904379466082 5.2662904361277469 0.9558442705165362
leaf_count=1293 1528 95 33 48 57 399 54 213 129 72 222 2652 113 180 151 95 73 52 38 390 118
internal_value=0 0.00298241 0.00145211 -0.00214112 -0.00149581 -0.00386429 -0.0316796 0.00764827 -0.00779967 0.0234783 -0.000820987 0.00273838 -0.00265072 0.00220942 -0.0167805 0.0401495 0.0028348 0.00117216 0.00308989 -0.0469393 -0.0403316
internal_weight=168.188 69.8367 65.7746 98.3516 96.9099 77.6156 7.41299 19.2943 9.52925 9.76503 70.2026 57.0236 3.63161 7.82058 13.179 6.13342 62.8926 58.4368 54.3563 5.97413 1.4417
internal_count=8005 1584 1489 6421 6255 3925 501 2330 1837 493 3424 2874 185 1708 550 308 1456 1383 1331 447 166
is_linear=0
shrinkage=0.0540709


Tree=290
num_leaves=18
num_cat=0
split_feature=50 49 98 73 49 97 42 50 42 83 0 83 91 97 86 16 20
split_gain=0.363411 0.833762 1.16146 0.692435 1.06121 1.32542 1.18625 1.05683 0.987803 1.07827 0.927688 0.839122 0.76245 0.626284 0.596827 0.477845 0.071989
threshold=306.50000000000006 162.50000000000003 0.81938476340886712 14.500000000000002 82.500000000000014 3.6278770182068025 263.45750000000004 59.500000000000007 1181.5500000000004 465.50000000000006 2.5000000000000004 429.50000000000006 10.500000000000002 26.347058823529412 3386.6365009999868 36.500000000000007 9.5000000000000018
decision_type=2 2 2 2 2 2 2 2 2 2 2 2 2 2 2 2 2
left_child=1 3 14 8 7 -6 -7 12 9 11 -11 -1 -5 -10 -3 -9 -15
right_child=-2 2 -4 4 5 6 -8 15 13 10 -12 -13 -14 16 -16 -17 -18
leaf_value=-0.0013084601053286386 0.016506359630690623 -0.0068666939515520317 0.012722146848449609 0.027497341197775343 0.059027488182488368 0.035677117875787645 -0.0097666419543500239 -0.00036660790161017825 0.043026827339986237 0 -0.056351760336894145 0.038679768360899702 -0.0096712528790477287 0 -0.050334746437814888 -0.044652380971042425 -0.022069682457785747
leaf_weight=129.52717951836894 3.8040683315666675 2.031485010389587 2.0557851389639836 3.6909207682911092 2.3737532384329807 2.9404400640414678 3.5321485014283098 1.7280511606877555 2.4001549620697911 1.9120139096485211 1.9376510144284109 1.5427854792469577 2.4842271417146549 0.4604441141746064 2.8212342362448908 1.8584761766032896 0.44718604562513065
leaf_count=6669 87 79 62 122 53 100 102 31 100 27 124 39 69 60 98 108 75
internal_value=0 -0.000394191 -0.0187968 0.000369553 0.0101941 0.0238131 0.00974155 -0.00139333 -0.000899689 -0.00166737 -0.0299179 -0.000780747 0.01135 0.0281603 -0.0336714 -0.0253874 -0.00303801
internal_weight=167.548 163.744 6.9085 156.835 18.608 8.84634 6.47259 9.76168 138.227 134.92 3.84966 131.07 6.17515 3.30779 4.85272 3.58653 0.90763
internal_count=8005 7918 239 7679 585 255 202 330 7094 6859 151 6708 191 235 177 139 135
is_linear=0
shrinkage=0.0540709


Tree=291
num_leaves=26
num_cat=0
split_feature=99 38 38 50 84 40 48 72 42 56 81 81 50 76 86 67 66 69 92 60 58 38 24 50 71
split_gain=0.350972 0.442736 1.99899 1.6339 1.69671 1.60863 1.41632 1.38714 0.991897 0.821017 1.54275 1.93434 1.39 0.437559 0.572204 0.825432 0.975996 1.36843 0.787042 0.51068 1.2025 0.622656 0.47949 0.197255 0.00668892
threshold=1.0000000180025095e-35 429280.37000000011 377294.75250000006 58.500000000000007 0.70011441647597261 7776.1232102686181 266.50000000000006 0.055191984905330657 232.03550000000004 227175.37900000004 3991.2625000000003 3530.0563999999999 41.500000000000007 1035.5000000000002 18673.598689000013 31.409677419354843 832.50000000000011 100.50000000000001 22.500000000000004 1779.5000000000002 2724.0000000000005 331148.65050000005 189.00000000000003 51.500000000000007 0.49121713654236593
decision_type=2 2 2 2 2 2 2 2 2 2 2 2 2 2 2 2 2 2 2 2 2 2 2 2 2
left_child=1 2 9 7 6 -6 8 -3 -5 10 11 -1 -12 14 15 16 17 -2 -17 21 22 23 -21 -16 -20
right_child=13 3 -4 4 5 -7 -8 -9 -10 -11 12 -13 -14 -15 19 18 -18 -19 24 20 -22 -23 -24 -25 -26
leaf_value=0.0014453143519548226 -0.0015849774139964216 0 -0.034700558767228024 0.041813699193209437 -0.031969156748064595 0.001555426272912093 -0.0084007744663675016 0.035431203364274112 0.0055024777712442061 -0.013699159833108559 0.004493282922048719 -0.035474515744257099 0.036286046869973436 -0.047253647991067231 -0.020146065973037575 0.010710273216717506 0.041291661672868608 -0.045977407255619385 0 0 0.040583429826704175 0.049705348822529395 -0.049806439186154905 0.024612440489257061 -0.052295623074827928
leaf_weight=50.956786059337901 19.965793245592078 5.6324385007028459 4.8581824857974416 4.8671600467059779 7.454386580851863 8.6467474821547494 6.0257518058642736 8.1369381622644124 4.9987779459916055 9.7342631140199938 11.582101622378106 4.4955176675575776 6.7375986967235795 0.73061945487915991 0.70101233294917553 0.61706182733178083 1.2919849914178474 2.3171959561659596 0.24100161359820083 0.59571152459830079 1.0659026092835118 1.6216653112423953 1.2776237434409266 0.47871869392838562 2.1138536252738049
leaf_count=1254 3811 86 69 76 82 110 63 98 71 115 147 48 70 118 130 35 58 548 79 8 50 127 234 37 481
internal_value=0 0.00121471 -0.000949876 0.00555578 -0.000927065 -0.0135088 0.0113555 0.021153 0.0241701 0.000925995 0.00295633 -0.00141576 0.0165923 -0.00500819 -0.00382022 -0.00733775 -0.0035988 -0.00653702 -0.0344878 0.0111558 -0.0023547 0.0279583 -0.0307456 0 -0.0494662
internal_weight=167.145 134.127 88.3644 45.7622 31.9928 16.1011 15.8917 13.7694 9.86594 83.5063 73.772 55.4523 18.3197 33.0181 32.2875 26.5469 23.575 22.283 2.97192 5.74063 2.93924 2.8014 1.87334 1.17973 2.35486
internal_count=8005 2289 1703 586 402 192 210 184 147 1634 1519 1302 217 5716 5598 5012 4417 4359 595 586 292 294 242 167 560
is_linear=0
shrinkage=0.0540709


Tree=292
num_leaves=27
num_cat=0
split_feature=119 95 104 72 109 78 86 36 99 50 55 24 119 24 72 108 40 32 91 91 115 63 109 20 108 40
split_gain=0.362305 0.800733 1.18016 0.956786 1.06206 1.10547 1.44203 1.15734 0.985319 0.951315 1.59554 0.528277 1.59226 1.58883 1.18226 1.13755 1.07711 0.95593 1.26955 1.01923 0.921175 0.745033 0.639216 0.621544 0.171501 0.0594716
threshold=0.95000000000000007 2200.5000000000005 -0.097517788564933858 0.012179669439877352 0.55966472621829377 0.75522053004731993 -1642.6300474999991 47.500000000000007 1.0000000180025095e-35 40.500000000000007 16.500000000000004 358.50000000000006 0.91666666666666685 299.50000000000006 0.33422459893048134 0.42428181549010441 5782.1808383908283 165.00000000000003 12.500000000000002 5.5000000000000009 232.84839432103755 115776.99900000003 0.62334499347714201 10.500000000000002 -0.47522418554250562 4980.4920752095231
decision_type=2 2 2 2 2 2 2 2 2 2 2 2 2 2 2 2 2 2 2 2 2 2 2 2 2 2
left_child=11 3 -3 8 9 6 -6 -7 -2 10 -5 12 13 14 16 17 -1 18 19 -13 -19 -16 -17 -20 -14 -22
right_child=1 2 -4 4 5 7 -8 -9 -10 -11 -12 15 24 -15 21 22 -18 20 23 -21 25 -23 -24 -25 -26 -27
leaf_value=0.0077540712742831868 0.05249057085983138 0.0077735471690324699 -0.024635242149932447 -0.017986081638676991 0.03013961651088649 -0.021810157475037138 0.0030004833456219976 0.0068055868240369131 0 -0.024476564591739122 0.031405928740069526 0.003992519027720345 0 -0.054329729177932377 -0.033075924061266533 0.05122495295088314 -0.0087692638090110572 0 0.0055689656768620017 -0.036507012499009339 -0.045760923004707708 0.00079858724628088806 0.0074180065011753352 0.043923167288652074 -0.052988462748189191 -0.020919826714329758
leaf_weight=30.251908509995701 2.4835278395330533 5.7487136456184089 6.9578445344232005 4.2922688862308842 10.743341248220529 5.9944561141310286 13.724437742726879 12.908549346029757 2.2809487357735625 6.5868682402651757 3.3804280697368085 8.2099364843034071 0.33093113126233253 1.7378596118069243 5.197717739876679 2.0401791824333477 18.43898490445099 5.1839380589080957 2.8879568520933381 2.2654856109365928 1.8376512977265518 2.3401420933951158 2.7934631874595652 3.1091173611075646 2.2098817972146199 2.4962519130058354
leaf_count=3328 265 110 87 80 173 80 131 139 47 111 99 358 60 52 451 65 1142 118 81 98 67 80 103 207 397 76
internal_value=0 0.00276963 -0.00939241 0.0053651 0.00329408 0.00759738 0.0152204 -0.00187944 0.0288522 -0.00927542 0.00281468 -0.00229999 -0.0052829 -0.00330832 -0.00159792 0.00331565 0.00134487 -0.000890586 0.00668575 -0.0040665 -0.0147779 -0.0215821 0.0274511 0.026694 -0.0473837 -0.0331751
internal_weight=166.433 75.1014 12.7066 62.3948 57.6303 43.3708 24.4678 18.903 4.76448 14.2596 7.6727 91.3314 60.5074 57.9666 56.2288 30.824 48.6909 25.9903 16.4725 10.4754 9.51784 7.53786 4.83364 5.99707 2.54081 4.3339
internal_count=8005 1322 197 1125 813 523 304 219 312 290 179 6683 5510 5053 5001 1173 4470 1005 744 456 261 531 168 288 457 143
is_linear=0
shrinkage=0.0540709


Tree=293
num_leaves=10
num_cat=0
split_feature=50 47 29 27 2 29 87 98 50
split_gain=0.33941 0.549956 0.534979 0.711136 1.20835 0.618419 0.616019 0.907217 0.507985
threshold=306.50000000000006 2057.0000000000005 298.50000000000006 1.0000000180025095e-35 3.5000000000000004 1.0000000180025095e-35 2859.3147500000009 1.0055593506736367 156.50000000000003
decision_type=2 2 2 2 2 2 2 2 2
left_child=1 2 3 4 8 -6 7 -5 -1
right_child=-2 -3 -4 6 5 -7 -8 -9 -10
leaf_value=0.00057882101633728795 0.016019809759577213 -0.030521617390065703 -0.033844300568625377 0.027888259209717169 0.0011752208494307623 -0.053277079743806306 -0.0071880991489658638 -0.0041805504506254101 -0.013407766672491621
leaf_weight=133.74533131264616 3.7741901750887328 1.7487074114978884 1.3553429974417657 7.9750276720733364 0.52089987322688047 1.9157241127504674 3.3441408588550976 3.2644517391454428 8.0307579114742094
leaf_count=6223 87 45 52 337 6 867 38 75 275
internal_value=0 -0.000378369 -2.67231e-06 0.000240083 -0.000863029 -0.0386149 0.0116537 0.0179175 -0.000161495
internal_weight=165.675 161.9 160.152 158.796 144.213 2.43662 14.5836 11.2395 141.776
internal_count=8005 7918 7873 7821 7371 873 450 412 6498
is_linear=0
shrinkage=0.0540709


Tree=294
num_leaves=25
num_cat=0
split_feature=44 66 45 75 2 20 48 68 87 103 16 45 103 87 61 75 20 55 0 44 89 84 97 45
split_gain=0.352261 1.25322 1.11473 1.43185 1.29858 1.10229 0.991874 0.891863 0.703242 0.88357 1.4151 1.17433 0.984511 1.42487 1.36584 1.08206 0.933246 1.96767 0.932949 0.97822 0.904093 0.569413 0.514556 0.229819
threshold=33.240942028985515 707.50000000000011 23.711690214849803 6643.8518406593421 2.5000000000000004 12.500000000000002 242.50000000000003 432.50000000000006 27463.415749999989 -42.41050000000002 36.500000000000007 13.381112302365095 -16.067499999999999 -7840.7777499999993 0.91005220023563227 7095.1708566433581 -1.4999999999999998 23.500000000000004 1.5000000000000002 19.696415872564362 0.35714285714285715 0.72246482290150416 5.3363899613899628 32.589321924998529
decision_type=2 2 2 2 2 2 2 2 2 2 2 2 2 2 2 2 2 2 2 2 2 2 2 2
left_child=8 5 -3 -4 22 21 -6 -7 9 10 18 -12 16 15 -15 -14 -11 -18 -1 -20 -13 23 -5 -2
right_child=1 2 3 4 6 7 -8 -9 -10 12 11 20 13 14 -16 -17 17 -19 19 -21 -22 -23 -24 -25
leaf_value=0.04860184031070474 0.060688209833378352 0.027724517025590759 -0.032961449616415305 0 -0.035227955614808737 -0.039542776441006407 0.020286769539836255 0.025050531889445726 -0.034929383651545604 0.0034860071660268574 0.040358308466792746 0.0089244604576704748 -0.045732145647916292 0.0030146760843017873 -0.034350575396517917 0 -0.052453779384426122 -0.0069640799741924764 -0.014238928226386657 0.031781419118858387 -0.026392480829543676 0.011111637934692192 0.018895281568070816 0.023295650810613269
leaf_weight=3.4259917901363242 2.3362120966194184 3.5034841022461505 4.3754102951643317 9.78559685904475 4.1566729216474405 1.3100836977682777 1.0329427289125304 1.0828244579352029 1.8124827477131464 5.7058373857289579 1.4493581890928897 3.2058713900187268 3.4123873645621634 77.443019361890038 2.9494593653053007 2.5053645654115826 4.2356134154906604 9.5166760738647991 2.310138884888147 2.8520744960478623 5.1230845381396648 2.8533907355013071 7.3390976158916592 1.6589127710867613
leaf_count=92 84 101 115 114 423 79 88 71 94 117 95 185 152 4540 223 148 219 406 53 84 284 69 86 83
internal_value=0 0.00444986 -0.00064682 -0.00464991 0.000572911 0.0218974 -0.0227508 -0.00723117 -0.00140604 -0.000856428 0.0100027 -0.00340212 -0.00281215 -0.000247604 0.00155098 -0.0259215 -0.0138066 -0.021518 0.0261225 0.00975836 -0.0119128 0.033153 0.00807467 0.0470317
internal_weight=165.382 39.4346 30.1932 26.6897 22.3143 9.24142 5.18962 2.39291 125.947 124.135 18.3665 9.77831 105.768 86.3102 80.3925 5.91775 19.4581 13.7523 8.58821 5.16221 8.32896 6.84852 17.1247 3.99512
internal_count=8005 1313 927 826 711 386 511 150 6692 6598 793 564 5805 5063 4763 300 742 625 229 137 469 236 200 167
is_linear=0
shrinkage=0.0540709


Tree=295
num_leaves=24
num_cat=0
split_feature=106 92 24 26 20 17 106 85 95 95 55 58 68 24 5 104 97 42 26 41 20 23 1
split_gain=0.339563 0.680985 0.688015 0.676132 0.822169 3.0391 2.02824 0.734798 0.601479 1.9652 1.30758 1.25295 1.24955 1.22986 1.02778 1.05208 1.03949 0.924383 0.522298 0.272097 0.19516 0.167376 0.124037
threshold=0.81666666666666676 42.500000000000007 451.50000000000006 1.5000000000000002 8.5000000000000018 21.500000000000004 0.65000000000000002 -483.15425000000681 368.50000000000006 419.50000000000006 20.500000000000004 1537.0000000000002 19.500000000000004 139.00000000000003 512.50000000000011 -0.82571809860723044 12.450268817204302 116.71650000000001 2.5000000000000004 31082.383500000004 -1.4999999999999998 0.70833333333333337 1.0000000180025095e-35
decision_type=2 2 2 2 2 2 2 2 2 2 2 2 2 2 2 2 2 2 2 2 2 2 2
left_child=1 2 3 4 6 -6 -1 19 10 -10 12 17 13 -2 15 21 -17 -12 -9 -5 -15 -11 -3
right_child=8 22 -4 7 5 -7 -8 18 9 14 11 -13 -14 20 -16 16 -18 -19 -20 -21 -22 -23 -24
leaf_value=0.0054537622960785827 0.026143517858664506 -0.048904294273494298 -0.040114892299273529 0.041505729227657016 -0.0032044156238408708 0.055667158413496169 -0.037128332240782623 0.007241103010295109 0.041838153223309749 0.050591737325485733 -0.051466224133850977 0.0080173430047692593 0.044621513210487462 -0.0096897589249494778 0.024204997290039089 0.0012486655662373204 -0.021460966510975545 -0.0123498086445804 -0.040400057071852784 0 -0.054404596681161668 0.0085286043011068256 -0.00066535961859302134
leaf_weight=6.2127318929997255 1.8562857012730121 1.1081100576011511 1.3523804060750979 2.5375109674569107 47.414593623398105 2.7080222557997322 6.3523877392617578 5.7969805253133 3.9325565678736885 1.3313945233821871 3.3120482844533381 3.6990197994018663 2.3515761166636366 1.1415739455260348 5.7209506259532636 52.131974540323426 6.5965711394674136 5.2807257594831754 0.74881176569033403 0.61762959171392129 0.95859896909678255 0.97890286089386691 0.56988559360615898
leaf_count=164 52 189 91 265 3285 24 879 578 101 83 53 63 71 75 80 1251 275 114 13 83 107 92 17
internal_value=0 -0.00267242 -0.0017913 -0.00097205 -0.00312207 0 -0.0154885 0.0121573 0.00225515 0.00459217 -0.00622933 -0.0167675 0.0131327 -0.00373016 0.00228615 0.000109903 -0.001177 -0.0282962 0.000650775 0.0336715 -0.0336501 0.03599 -0.0369424
internal_weight=164.711 75.419 73.741 72.3887 62.6877 50.1226 12.5651 9.70093 89.2922 70.6924 18.5998 12.2918 6.30803 3.95646 66.7598 61.0388 58.7285 8.59277 6.54579 3.15514 2.10017 2.3103 1.678
internal_count=8005 5588 5382 5291 4352 3309 1043 939 2417 1882 535 230 305 234 1781 1701 1526 167 591 348 182 175 206
is_linear=0
shrinkage=0.0540709


Tree=296
num_leaves=26
num_cat=0
split_feature=16 87 20 5 24 57 32 6 20 4 68 32 87 24 83 56 20 87 85 48 103 17 61 4 68
split_gain=0.348244 0.822806 0.83978 0.814374 2.01939 1.44632 0.773985 0.691751 0.618097 0.554196 0.91256 0.662778 1.43938 1.07159 1.33346 0.87117 0.846059 0.786885 2.40373 0.926258 0.407801 0.376708 0.283074 0.108984 0.0304556
threshold=40.500000000000007 678.14274999999986 27.500000000000004 396.50000000000006 446.50000000000006 1509.260462406015 131.50000000000003 99.550000000000011 -13.499999999999998 0.2678571428571429 292.50000000000006 149.50000000000003 -1413.4435000000012 358.50000000000006 456.50000000000006 294426.19800000003 22.500000000000004 -357.78824999999773 14199.935250000008 79.500000000000014 18.391999999999999 20.500000000000004 0.87943496710620017 0.22500000000000003 788.50000000000011
decision_type=2 2 2 2 2 2 2 2 2 2 2 2 2 2 2 2 2 2 2 2 2 2 2 2 2
left_child=9 2 3 5 8 7 -4 -2 -5 11 21 13 -13 17 15 -15 -14 18 -1 -19 -7 -11 24 -24 -3
right_child=1 22 6 4 -6 20 -8 -9 -10 10 -12 12 16 14 -16 -17 -18 19 -20 -21 -22 -23 23 -25 -26
leaf_value=-0.013792921467024004 -0.00066093588358733804 -0.052118706959202905 -0.0083777433710453871 0.0037048295684861208 0.036986521109212106 0.037280726384723156 0.096639765706799483 -0.049527040866899644 -0.052321370824066335 0.012435501680452004 -0.0040530340301626186 0.013952147135571602 -0.047990889171281484 0.0086937405756749592 -0.026535779195162416 0.036088514354868415 -0.0062737779040680126 -0.0026454089794169348 0.017288257665464265 0.0097687305881600656 -0.0010763409171989659 0.054759150706648399 -0.029793653659341973 0.011393366886949082 0
leaf_weight=32.398510437167715 3.6732293919194472 1.5399231378250982 0.15920871820708349 0.41000396688468788 1.1020652754523323 3.2390700186551844 0.46788343698426615 1.2476225621212504 3.2165777693953723 1.8640732512576499 2.8931197073543444 3.3890029675094411 3.3222438638331351 11.061730039105901 2.0534828549680233 5.6785785358879357 3.305435162037611 40.080231990054017 9.2060510080773366 30.486253099385067 0.59886655460286409 1.717320239957189 0.29956575661890372 0.38911287397786509 0.22408508980333852
leaf_count=635 1014 942 243 41 55 679 42 74 521 52 43 80 112 480 64 154 86 1202 214 558 246 109 215 12 132
internal_value=0 -0.00743074 -0.00184926 -0.00520247 -0.0235177 0.00384517 0.0582947 -0.0145681 -0.043952 0.000836801 0.0163094 7.35626e-05 -0.0132728 0.00115098 0.0131224 0.0184314 -0.0283089 -0.0007891 -0.00673724 0.00261317 0.0293736 0.0348136 -0.0365097 0 -0.0481799
internal_weight=164.023 16.5672 14.1145 13.4874 4.72865 8.75879 0.627092 4.92085 3.62658 147.456 6.47451 140.982 10.0167 130.965 18.7938 16.7403 6.62768 112.171 41.6046 70.5665 3.83794 3.58139 2.45269 0.688679 1.76401
internal_count=8005 4216 2915 2630 617 2013 285 1088 562 3789 204 3585 278 3307 698 634 198 2609 849 1760 925 161 1301 227 1074
is_linear=0
shrinkage=0.0540709


Tree=297
num_leaves=34
num_cat=0
split_feature=105 97 95 84 84 70 70 40 41 16 61 86 40 98 79 98 73 48 8 53 65 106 75 109 66 63 70 49 109 44 50 48 76
split_gain=0.341445 1.02932 1.15202 0.935642 1.3894 2.41142 2.34492 1.485 1.24738 1.06174 1.41968 0.942067 0.803931 0.79905 0.966485 1.66233 1.29627 1.35658 1.30834 1.20635 1.55228 1.38947 1.71462 1.2662 0.946568 0.876473 1.15487 0.791311 0.747063 0.491156 0.367633 0.29233 0.180181
threshold=0.89808705688280666 17.500000000000004 2298.0000000000005 0.555815160955348 0.7174400467927472 380.50000000000006 609.50000000000011 6998.1593958733383 26420.553000000004 36.500000000000007 0.39458921971445199 509.27656249999205 4754.3958110859076 1.3212954176028753 4.5000000000000009 0.80454333297907987 11.500000000000002 34.500000000000007 149.50000000000003 0.17147346905940689 5059.6195338972775 0.38333333333333336 4131.008466666668 0.76104680767033839 707.50000000000011 41714.936000000009 602.50000000000011 61.500000000000007 1.1753271819037974 23.335680751173708 17.500000000000004 44.500000000000007 4.5000000000000009
decision_type=2 2 2 2 2 2 2 2 2 2 2 2 2 2 2 2 2 2 2 2 2 2 2 2 2 2 2 2 2 2 2 2 2
left_child=13 3 29 9 5 31 -7 8 -6 12 -11 -12 -2 14 19 16 17 -16 -18 20 23 28 -23 -1 -22 -17 -27 -9 -21 32 -15 -5 -3
right_child=1 2 -4 4 7 6 -8 27 -10 10 11 -13 -14 30 15 25 18 -19 -20 21 24 22 -24 -25 -26 26 -28 -29 -30 -31 -32 -33 -34
leaf_value=-0.0006134083698707566 0.049571125335671935 -0.0094345859708567566 0.032335524263179066 -0.027734267330711319 0.007360790052691875 0.034543678579739223 -0.030649888830216403 -0.028530124289587337 0.044640725860017265 -0.031104143308942116 0.031202197669177194 -0.0072243776005193397 0.0083009540399103712 -0.0049847891768063585 0.012971456089320861 0.016883876957506122 0.010558211412173736 -0.039540373875452291 -0.012336352072110266 -0.036051433697420969 0.038275061858060955 0.030959006568162851 -0.0098072448472737751 -0.029331942952024001 -0.0035066266257977353 -0.043254081272541524 -0.011702040638690622 0.010689335557790057 0.019068040106289048 0 -0.05436259858085888 -0.074186067816968515 -0.054604744608757486
leaf_weight=18.23688904067604 3.9150040279782869 0.79103695951926045 0.85931995825376351 1.4062432819991975 9.752709408974626 3.2662954644329147 3.1565961795131443 3.8072516724714651 3.9654038260705411 2.3684734169219137 4.7753151650031214 2.6243644812275306 2.8911831644436461 1.2873880894403549 1.8816111391497532 1.5440444433043037 26.544519418815071 4.3524585078484961 9.834828181890769 2.1196690836914089 3.9173965743866566 12.824289844880697 3.6182836839434449 6.2087193606166684 2.1579926437407266 5.7528814078687018 10.633759312480832 2.1417208165794364 0.89225855131371634 0.96733862664405013 1.21554101651418 1.7048048717842901 2.0921049697135459
leaf_count=2001 91 65 61 81 404 102 125 184 126 54 258 106 76 97 100 63 972 159 163 284 199 619 101 294 64 270 402 69 87 52 37 59 180
internal_value=0 0.0036933 -0.0200007 0.00629345 0.000210768 -0.0164635 0.00135372 0.00867058 0.0186811 0.0165627 0.00425509 0.0165772 0.0331339 -0.00165507 -0.000901674 -0.00555114 8.90131e-05 -0.0225067 0.00416535 0.00458315 -0.00191035 0.0151494 0.0215386 -0.00821166 0.022222 -0.0193659 -0.0232343 -0.0131698 -0.0172685 -0.0336108 -0.0319418 -0.0555972 -0.0447897
internal_weight=163.508 50.4852 4.7098 45.7754 29.201 9.53394 6.42289 19.6671 13.7181 16.5743 9.76815 7.39968 6.80619 113.023 110.52 60.5441 42.6134 6.23407 36.3793 49.9755 30.521 19.4545 16.4426 24.4456 6.07539 17.9307 16.3866 5.94897 3.01193 3.85048 2.50293 3.11105 2.88314
internal_count=8005 2093 358 1735 1150 367 227 783 530 585 418 364 167 5912 5778 2129 1394 259 1135 3649 2558 1091 720 2295 263 735 672 253 371 297 134 140 245
is_linear=0
shrinkage=0.0540709


Tree=298
num_leaves=21
num_cat=0
split_feature=29 39 95 68 40 40 58 16 27 2 20 95 41 95 29 29 98 95 20 63
split_gain=0.3349 0.653343 0.720502 0.924878 0.983765 1.6949 0.859564 0.566199 0.540002 0.997759 0.718633 0.784348 1.3504 1.30646 0.546118 0.459822 0.952223 0.661994 0.239925 0.0855293
threshold=1.0000000180025095e-35 13062.817213744589 2165.5000000000005 4.5000000000000009 2637.6170093463993 4058.4271844397485 264.50000000000006 40.500000000000007 1.0000000180025095e-35 3.5000000000000004 29.500000000000004 191.50000000000003 24588.539500000003 798.50000000000011 358.50000000000006 198.50000000000003 1.0055593506736367 1209.5000000000002 15.500000000000002 88444.296500000026
decision_type=2 2 2 2 2 2 2 2 2 2 2 2 2 2 2 2 2 2 2 2
left_child=1 2 3 7 -5 -6 -4 -1 9 10 11 12 -2 -13 -11 16 18 -17 19 -10
right_child=8 -3 6 4 5 -7 -8 -9 15 14 -12 13 -14 -15 -16 17 -18 -19 -20 -21
leaf_value=0.042519232761837375 -0.011719677983101445 0.020671824092696144 -0.031171865382067562 -0.01353251304087516 0.022389794171881906 -0.0013471358812040281 0 0 0.0521834825928865 -0.052908327043711248 0.03507532716636249 -0.016056032648915097 0.030179612210010098 0 0.024701386975622443 -0.015487884831410432 -0.0033842638906789162 0.015431277881155404 0.0050454679401511805 0.014807591115616397
leaf_weight=2.7663676645606747 3.8396413954033033 5.5080172214657059 4.050361583940683 10.00501001474913 12.095568803633794 30.414637764450163 7.0158884486882016 1.6660002799471838 2.0221636403002772 1.8019103715987501 1.3747653700993385 23.876377445114485 4.8984996704675723 37.650600023996958 0.16985890333307896 4.6169173251255398 3.1630052344407886 3.521894328208873 1.142364105209708 0.90257959160953749
leaf_count=189 333 117 80 129 178 416 96 117 200 879 66 2272 125 2509 3 91 63 101 21 20
internal_value=0 0.0026833 0.00111724 0.00366916 0.00151732 0.00523375 -0.0113454 0.0274844 -0.00224819 -0.00423522 -0.00307877 -0.00393152 0.0109246 -0.00616184 -0.0424584 0.00678736 0.016798 -0.00119983 0.0343037 0.043194
internal_weight=162.502 73.5219 68.0138 56.9476 52.5152 42.5102 11.0663 4.43237 88.9806 73.6117 71.6399 70.2651 8.73814 61.527 1.97177 15.3689 7.23011 8.13881 4.06711 2.92474
internal_count=8005 1322 1205 1029 723 594 176 306 6683 6187 5305 5239 458 4781 882 496 304 192 241 220
is_linear=0
shrinkage=0.0540709


Tree=299
num_leaves=24
num_cat=0
split_feature=105 73 47 44 66 108 38 118 55 95 105 91 56 61 61 52 85 82 98 78 50 74 97
split_gain=0.337376 0.612968 0.462661 0.458405 1.00467 1.13105 1.25144 1.90924 1.05254 1.56908 1.84755 1.59813 0.970594 0.684046 1.63977 0.875834 0.751226 1.1659 0.664563 0.624541 1.07829 0.588189 0.6831
threshold=1.3503255667508227 9.5000000000000018 136.50000000000003 31.93788580246914 707.50000000000011 0.53814464670189854 393987.58800000005 -1.0000000180025095e-35 46.500000000000007 524.50000000000011 0.65234155560712603 3.5000000000000004 392048.95750000008 0.91005220023563227 0.89445951121596612 0.91770878530548161 72566.74924999995 241.50000000000003 0.87525501312629017 0.7936895083236547 44.500000000000007 67283.811500000025 11.047089947089948
decision_type=2 2 2 2 2 2 2 2 2 2 2 2 2 2 2 2 2 2 2 2 2 2 2
left_child=3 2 -2 13 5 6 7 -5 19 11 -11 -10 -8 14 16 -15 17 -1 -16 -6 -21 22 -17
right_child=1 -3 -4 4 8 -7 12 -9 9 10 -12 -13 -14 15 18 21 -18 -19 -20 20 -22 -23 -24
leaf_value=-0.0018625332544433 0.0026643847101078498 -0.011725330094001904 0.046232197254524918 0.032345739897652645 -0.035706082820917313 0.052125601927002219 0.046660210092162049 -0.050861992056607581 -0.0049589138516065228 0.010631638907029922 -0.027341295269365806 0.041554131966372775 0 -0.046139459083558369 0.0038761620414333614 0.040401714270175498 0.027975861802730921 -0.030048523264414557 0.059047481643637753 -0.034147714367818154 0.023552131666749007 -0.030624439235652348 -0.01613906741916657
leaf_weight=99.143886087056671 1.8296286057593527 1.5533595995948415 1.8092036453599574 1.2433684180723505 3.3995226170263804 2.3786744107928817 2.821566489918041 2.0025363346394425 3.1643766362476544 8.5623897799850948 6.4808402132839538 5.4022557275311556 2.2787285676058673 2.3367186200557617 1.4773541492395446 1.3145213376628824 2.2731875782628768 4.5463283099925311 1.7893350981794354 1.7549970857508017 2.001448030321626 1.4111963550094513 0.95993536385503819
leaf_count=5582 118 83 75 47 99 59 104 129 105 284 271 84 93 117 83 76 48 182 59 79 56 81 91
internal_value=0 0.0135503 0.0263707 -0.000456253 0.00435707 0.0186238 0.00817936 -0.0167127 -0.000377012 0.00488242 -0.00523797 0.0235135 0.02547 -0.00225322 -0.00120278 -0.0200714 -0.00243177 -0.00317024 0.0363766 -0.0187584 -0.00144269 -0.00152243 0.0132994
internal_weight=161.935 5.19219 3.63883 156.743 41.4907 10.7249 8.3462 3.2459 30.7658 23.6099 15.0432 8.56663 5.1003 115.252 109.23 6.02237 105.963 103.69 3.26669 7.15597 3.75645 3.68565 2.27446
internal_count=8005 276 193 7729 1410 432 373 176 978 744 555 189 197 6319 5954 365 5812 5764 142 234 135 248 167
is_linear=0
shrinkage=0.0540709


Tree=300
num_leaves=24
num_cat=0
split_feature=99 84 95 35 97 93 72 105 42 72 97 96 72 36 43 53 52 69 53 98 92 39 50
split_gain=0.333349 0.44129 1.20183 0.68759 1.00345 1.31311 1.16586 1.78524 1.14197 1.07978 1.04261 0.411604 0.435243 1.16356 1.14839 0.531567 1.30857 1.08427 0.707926 0.702695 0.60887 0.432113 0.41056
threshold=1.0000000180025095e-35 0.93119877049180333 1085.5000000000002 149.50000000000003 6.9921875000000009 1.0000000180025095e-35 0.066731203614069021 0.60007488053518854 131.11750000000004 0.095213725203489766 17.31702898550725 540.21447849142646 0.23966229695069824 36.500000000000007 230.50000000000003 0.17675981241306093 0.61179069408211684 163.50000000000003 0.16190983517816637 0.95827845532260569 20.500000000000004 3283.6919241803284 140.50000000000003
decision_type=2 2 2 2 2 2 2 2 2 2 2 2 2 2 2 2 2 2 2 2 2 2 2
left_child=1 3 -3 4 6 8 7 -1 -6 -8 -7 12 15 14 -14 18 20 -18 19 -2 -17 -16 -15
right_child=11 2 -4 -5 5 10 9 -9 -10 -11 -12 -13 13 22 21 16 17 -19 -20 -21 -22 -23 -24
leaf_value=0 0.0012490390273904167 -0.0042101671320596808 0.033924013424033311 -0.022478900720673538 -0.025338354484759767 0.020990104867476825 0.020751207743622799 -0.040683252456255342 0.0064029854422869336 -0.0019791982856082694 -0.002893096429504863 -0.039514453766984321 -0.047087022445649662 -0.052942613671695476 0.046505192938354291 0.033029428326722038 0.040356176331668395 -0.017434888217818238 -0.050923646285294076 -0.031857579763649002 -0.049194346207171127 0 0
leaf_weight=7.1846166816540045 15.68459697474829 4.9255958127760078 4.2540684934938326 3.7298625819385043 5.2638979267212553 20.495028178323995 6.8350425979588172 5.4983236454427242 8.364754368318243 56.410189535061363 6.530747845186851 1.0177428215556563 0.78175322831520988 2.2064030315959831 1.3666283948259663 0.22531348231132042 3.9381237253692234 1.0461835777650774 0.94934712577651126 2.0844530180220309 1.1802706255621158 0.69353348899858236 0.67107838443916978
leaf_count=325 2671 79 74 89 96 402 96 82 173 660 213 186 277 542 118 9 427 129 178 544 407 99 129
internal_value=0 0.00121473 0.0126609 0.000279752 0.00107168 0.00797131 -0.00252539 -0.0174995 -0.00531655 0.000361089 0.0149455 -0.00496007 -0.00357685 -0.0170631 0.00522308 -0.000209261 0.0129364 0.0267415 -0.00509259 -0.00222214 -0.030733 0.0286854 -0.041628
internal_weight=161.338 129.492 9.17966 120.312 116.583 40.6544 75.9282 12.6829 13.6287 63.2452 27.0258 31.8454 30.8277 5.7194 2.84192 25.1083 6.38989 4.98431 18.7184 17.769 1.40558 2.06016 2.87748
internal_count=8005 2289 153 2136 2047 884 1163 407 269 756 615 5716 5530 1165 494 4365 972 556 3393 3215 416 217 671
is_linear=0
shrinkage=0.0540709


Tree=301
num_leaves=22
num_cat=0
split_feature=106 95 104 50 49 47 45 27 103 96 42 108 92 69 50 97 72 24 54 17 105
split_gain=0.351531 0.634556 0.98523 0.864077 1.37034 1.44729 1.46464 0.510939 0.73974 1.56376 1.48264 0.989801 1.20766 0.802604 1.23683 0.782971 0.44357 0.809685 0.790051 0.431032 0.313151
threshold=0.95000000000000007 2200.5000000000005 -0.097517788564933858 120.50000000000001 80.500000000000014 356.50000000000006 29.767756705208665 1.0000000180025095e-35 170.54600000000002 259.65990104266774 479.14950000000005 0.031348251651982302 21.500000000000004 492.00000000000006 58.500000000000007 3.9580219780219785 0.087599020261366969 297.50000000000006 1.0000000180025095e-35 18.500000000000004 0.87975997789457538
decision_type=2 2 2 2 2 2 2 2 2 2 2 2 2 2 2 2 2 2 2 2 2
left_child=7 3 -3 4 5 6 -2 8 10 -10 13 12 -12 14 -1 -13 17 -9 -18 -19 -20
right_child=1 2 -4 -5 -6 -7 -8 16 9 -11 11 15 -14 -15 -16 -17 18 19 20 -21 -22
leaf_value=0.001503317717733362 0.0055887705507136447 0.0077548141254549785 -0.022171943970672833 0.022808414211550183 -0.018051855835969535 0.029436804128807267 -0.030658342246458265 0.026187603538533222 -0.016778392711269095 0.043732315695420527 0.044927266013783697 -0.0066474278675413591 -0.020271522214849253 0.026057385740567502 -0.015847548560391857 -0.056553114484266837 -0.0020991360389946783 0 0.046294364605570459 -0.030864712620548705 0.010681086407379472
leaf_weight=37.698507061231794 35.098208536743186 5.5819389359094203 6.8517196513712388 7.2163976934680241 7.8396062846295527 6.7762926861178121 3.561234936816617 2.0113256133045052 2.0920734942337722 2.7101260056260799 1.0024182781053221 1.7348448424745582 4.1057948440302425 2.719480966386981 17.219300780732738 3.5124842496443307 3.2757118643494323 3.099819807743188 2.2807588289724663 2.3855332550592721 2.0374540386546869
leaf_count=4034 763 110 87 94 95 113 60 118 98 98 20 43 444 76 1059 317 59 88 95 59 75
internal_value=0 0.00275453 -0.00814333 0.00511691 0.00258094 0.00630434 0.00205704 -0.00232338 -0.00426251 0.0158368 -0.00579124 -0.0247008 -0.00601716 -0.00226477 -0.00380282 -0.0414711 0.00654025 -0.00193225 0.0158755 -0.0135962 0.0312156
internal_weight=160.811 72.9254 12.4337 60.4917 53.2753 45.4357 38.6594 87.8856 72.795 4.8022 67.9928 10.3555 5.10821 57.6373 54.9178 5.24733 15.0906 7.49668 7.59392 5.48535 4.31821
internal_count=8005 1322 197 1125 1031 936 823 6683 6189 196 5993 824 464 5169 5093 360 494 265 229 147 170
is_linear=0
shrinkage=0.0540709


Tree=302
num_leaves=33
num_cat=0
split_feature=106 87 48 49 48 75 48 96 95 52 65 109 98 103 31 85 98 42 108 39 95 103 71 97 60 118 49 81 53 58 53 65
split_gain=0.315705 0.571872 0.899823 1.36779 2.05442 2.23727 1.06061 0.8548 0.449586 1.57855 1.51633 1.46953 1.44247 1.61223 1.42572 1.40388 1.29707 1.25045 1.71593 1.2091 1.29113 1.20627 1.16564 1.09022 0.864118 0.844163 1.01491 0.825244 0.67729 0.548644 0.290389 0.046933
threshold=0.95000000000000007 7818.648000000001 163.50000000000003 56.500000000000007 64.500000000000014 3031.6933333333341 114.50000000000001 246.85696000631989 798.50000000000011 0.73740555986051926 3301.1761860343127 0.92548589092379752 0.95827845532260569 38.131 1.0000000180025095e-35 -7142.6267500000167 1.0793633525527195 470.44200000000006 1.1387759526938239 6282.2471191721133 507.50000000000006 33.409999999999997 0.94004132231404969 8.5837912087912098 482.00000000000006 -1.0000000180025095e-35 89.500000000000014 2783.1432916666668 0.26517710892710894 203.50000000000003 0.20311049942391671 2486.3800179475779
decision_type=2 2 2 2 2 2 2 2 2 2 2 2 2 2 2 2 2 2 2 2 2 2 2 2 2 2 2 2 2 2 2 2
left_child=8 2 3 4 5 -2 -5 -3 10 16 14 15 13 21 17 23 25 18 -1 27 -21 -11 -15 -12 29 -10 -27 -13 30 -14 -18 -30
right_child=1 7 -4 6 -6 -7 -8 -9 9 12 11 19 24 22 -16 -17 28 -19 -20 20 -22 -23 -24 -25 -26 26 -28 -29 31 -31 -32 -33
leaf_value=-0.023976158688499706 -0.0053356409295671533 0.028908070384760096 -0.017204105747778385 0.0412984385046632 -0.02406509477505844 0.022810483571833972 0.0011480483767741633 0 0.053456690718728675 0.0027497014708269627 0.0149362914413764 0.0057882904189282955 -0.034354183088394344 -0.045879895800139875 0.01742996708113843 0.05303041427048432 0.020340994516038283 -0.063870661197056949 0.045712166212279436 0.014571117053779661 -0.028115991400518892 0.064367032403241237 0.013461138726313162 -0.033227728858912925 -0.051101432326861887 -0.0076340461111421617 0.018383260238933878 -0.053883862850417637 0.012619029730904171 0.029011829478559056 0.061629461449703909 -0.0083630290485165442
leaf_weight=11.850919416752731 21.903350002248771 5.5791645373683405 7.4312801107007536 4.3954612297238764 8.9469522133003903 13.008750985376535 4.1237209779210389 7.3180406658211723 0.96928483824013056 10.517268193931164 7.6101748858090996 0.63889205238956437 0.78542902595654485 3.3200556868268896 2.5385952787473789 2.4488863839542345 1.5024949888611439 2.2017120405289452 1.0644408062289592 5.8838804218330534 3.1921348606447282 1.0576847070769861 1.1263254988771221 1.6171436414806519 3.284370938070424 12.304340353777667 6.7345311150347689 2.4986948496916739 0.5552021790135766 0.7992184101822204 2.2369059248885605 0.69071151475509396
leaf_count=1868 669 58 95 77 105 176 61 81 39 751 314 78 73 269 102 74 93 193 60 233 124 25 68 94 288 1043 352 261 64 67 81 69
internal_value=0 0.00261489 0.000261134 0.00288077 -0.000808369 0.00494108 0.0227362 0.0129553 -0.00220698 0.00135107 -0.00631433 0.002293 -0.00943206 -0.00111796 -0.0183783 0.0162587 0.0106597 -0.0248821 -0.0176538 -0.0104536 0 0.00902956 -0.0291873 0.00568859 -0.0352593 0.00408913 0.00118181 -0.0393834 0.0355349 0 0.0470366 0
internal_weight=160.136 72.7067 59.8095 52.3782 43.8591 34.9121 8.51918 12.8972 87.4293 45.8838 41.5455 23.8898 20.8904 16.0213 17.6557 11.6762 24.9935 15.1171 12.9154 12.2136 9.07602 11.575 4.44638 9.22732 4.86902 20.0082 19.0389 3.13759 4.98531 1.58465 3.7394 1.24591
internal_count=8005 1322 1183 1088 950 845 138 139 6683 3282 3401 1178 1541 1113 2223 482 1741 2121 1928 696 357 776 337 408 428 1434 1395 339 307 140 174 133
is_linear=0
shrinkage=0.0540709


Tree=303
num_leaves=11
num_cat=0
split_feature=13 17 20 7 69 87 48 69 87 115
split_gain=0.313936 0.546664 0.569488 0.452836 0.857231 0.607742 0.470695 1.57813 1.09662 0.203514
threshold=33.525000000000006 1.0000000180025095e-35 17.500000000000004 19.001292078741383 72.500000000000014 -37621.614999999998 57.500000000000007 91.500000000000014 -2636.8404999999998 404.66445709498839
decision_type=2 2 2 2 2 2 2 2 2 2
left_child=1 2 -1 5 -5 -3 8 -8 -7 -4
right_child=-2 3 9 4 -6 6 7 -9 -10 -11
leaf_value=0.0098794473786217047 0.01551866917216058 0.033791528581664572 -0.062074877645567114 0.0030866043232025222 -0.039518393730848651 0.016794487988384774 -0.014429228740346467 0.0023972606185623121 0 0
leaf_weight=0.36561104422435065 3.71907337848097 1.582798876450396 0.99541778049479013 2.5626151502656276 2.4132274065050296 13.997832178574752 23.823319250041095 50.03820552632169 59.528629048862058 0.09936594738974236
leaf_count=12 70 39 797 79 58 654 859 1472 3914 51
internal_value=0 -0.000373315 -0.0332802 -1.26721e-05 -0.0160998 0.000475273 6.68498e-05 -0.00293016 0.00317804 -0.0544227
internal_weight=159.126 155.407 1.46039 153.947 4.97584 148.971 147.388 73.8615 73.5265 1.09478
internal_count=8005 7935 860 7075 137 6938 6899 2331 4568 848
is_linear=0
shrinkage=0.0540709


Tree=304
num_leaves=31
num_cat=0
split_feature=99 62 80 59 44 49 68 45 87 85 92 72 53 60 43 60 95 58 79 52 53 97 44 75 70 69 61 68 104 51
split_gain=0.30091 0.420696 0.854365 1.97294 2.41142 1.40642 1.27713 1.04012 0.970264 1.02306 0.737555 0.818859 1.83744 0.387918 1.44097 1.20141 1.11705 0.989605 0.987957 0.827284 0.800197 0.557589 0.742172 0.600177 0.568201 0.53531 0.531736 0.408231 0.297882 0.00871631
threshold=1.0000000180025095e-35 27.500000000000004 23355.974000000006 897.50000000000011 32.393569844789361 38.500000000000007 368.50000000000006 25.130807358037334 -8241.632749999997 3037.235500000003 26.500000000000004 0.22226437363007923 0.12281550103498586 365.50000000000006 1276.5000000000002 301.50000000000006 2796.5000000000005 1078.5000000000002 5.5000000000000009 0.81821742691307919 0.32265435843931983 5.5235449735449746 12.284161490683232 9211.6651897435931 78.500000000000014 60.500000000000007 0.8609494884910488 93.500000000000014 -0.10894737107858062 306.50000000000006
decision_type=2 2 2 2 2 2 2 2 2 2 2 2 2 2 2 2 2 2 2 2 2 2 2 2 2 2 2 2 2 2
left_child=1 2 6 5 -5 -4 8 -8 -1 -10 11 12 -3 15 21 19 17 18 -16 20 26 22 -15 24 -23 -19 -2 -17 -24 -22
right_child=13 10 3 4 -6 -7 7 -9 9 -11 -12 -13 -14 14 16 27 -18 25 -20 -21 29 23 28 -25 -26 -27 -28 -29 -30 -31
leaf_value=-0.029642057830404321 0.0016957044727974534 0.015189076379720504 -0.0096056581466411033 -0.038958332493889317 0 0.025344377294327709 0.036117371626655272 0 -0.0020905831290984997 0.01608378319572365 0.023391136489124505 0.016561030476400108 -0.023019378772803599 -0.049421447627503501 -0.010717684972098235 0.068520324512636246 -0.04283655590324479 -0.032746947352597769 0.050548496076500186 -0.049649339455549203 -0.047770927575432602 0.0058016954200388066 0.043938118593928766 0 -0.053912211231125613 0.0033176684045522122 0.050680279152723648 0.0022985814176943583 0 0
leaf_weight=3.0688458214863195 6.8324279804619454 6.6452861891593837 6.2292042735352862 9.1358565666014346 10.226335841347462 6.854181136644911 5.6498233468737435 3.9844722987618297 42.637160576632596 11.374828476080436 6.3147680815309277 7.6319031298626205 7.971440028581128 0.70515863387845756 0.86290071905204824 0.98453977491590083 1.4615131702012139 1.4266464371539767 2.4374482012281078 1.0393936265136279 0.84200245334795887 0.28266929679375596 0.68015801660658337 0.95540242805873266 3.779403639575321 6.5443109510606519 0.76771462171745941 0.72026593802365824 0.67793859187076999 0.21005342298303731
leaf_count=42 1689 73 79 101 115 78 85 77 1213 181 78 75 92 100 156 58 219 234 182 257 294 22 49 129 1155 880 31 116 106 39
internal_value=0 0.00116865 -0.000427003 -0.00768833 -0.0187655 0.00814045 0.00299375 0.0212021 0 0.00160056 0.00696646 0.00197068 -0.00514318 -0.0047537 -0.00941443 0.00270116 0.000902667 0.00723698 0.0322954 -0.00396966 0.000674895 -0.0290051 -0.00141617 -0.0388721 -0.0479374 -0.00221733 0.00762909 0.0449107 0.0181148 -0.042464
internal_weight=158.934 127.724 99.1607 32.4456 19.3622 13.0834 66.7151 9.6343 57.0808 54.012 28.5634 22.2486 14.6167 31.2099 19.8136 11.3964 12.7328 11.2713 3.30035 9.69159 8.6522 7.08073 2.06326 5.01748 4.06207 7.97096 7.60014 1.70481 1.3581 1.05206
internal_count=8005 2289 1971 373 216 157 1598 162 1436 1394 318 240 165 5716 3232 2484 1671 1452 338 2310 2053 1561 255 1306 1177 1114 1720 174 155 333
is_linear=0
shrinkage=0.0540709


Tree=305
num_leaves=30
num_cat=0
split_feature=104 109 85 70 95 43 25 24 17 57 87 48 91 95 44 43 104 86 86 44 86 7 80 56 55 84 87 97 85
split_gain=0.306454 0.784645 1.9278 2.04867 0.957166 0.94606 0.938911 0.939552 1.40138 0.820539 0.805024 0.798013 0.744343 0.739581 1.44515 0.881808 1.05581 0.99787 1.44949 0.818402 0.815175 0.838146 0.826364 0.674944 0.66497 0.560031 0.522071 0.238957 0.16875
threshold=-0.036244200612899728 0.80393319895972715 -7142.6267500000167 1156.5000000000002 1254.5000000000002 3266.5000000000005 80.500000000000014 149.50000000000003 28.500000000000004 4964.0572105263172 -357.78824999999773 100.50000000000001 11.500000000000002 3507.5000000000005 14.438446969696971 4252.0000000000009 0.074828481441889624 8529.7282799999975 5419.2985449999842 68.636212624584729 -22914.900733999999 0.57735026918962651 20109.022000000001 217444.41900000005 25.500000000000004 0.65024271844660209 14742.387500000001 6.6035714285714286 -5520.6524999999974
decision_type=2 2 2 2 2 2 2 2 2 2 2 2 2 2 2 2 2 2 2 2 2 2 2 2 2 2 2 2 2
left_child=1 6 3 11 28 -5 10 9 12 -8 -1 -3 -9 15 -15 16 17 18 -2 -17 22 -22 -18 -10 -12 -19 27 -16 -4
right_child=13 2 4 5 -6 -7 7 8 23 -11 24 -13 -14 14 26 19 20 25 -20 -21 21 -23 -24 -25 -26 -27 -28 -29 -30
leaf_value=-0.0017867453839129467 -0.012304588663568317 -7.6846062405831007e-05 0.071783284210132386 0.051326556405973722 0.0064276005721330435 0 -0.033575924805830791 -0.011359601085044838 0.036533570749560013 -0.0026190619020127225 6.0886777791065935e-05 -0.048666700053799999 0.0061993201736314923 0.072418164164335386 0 0.038530105782332784 0 0 0.036849204481764417 -0.0045472041495253452 0.0047799576854184699 -0.021399189827144616 -0.046416712339570905 0 0.034253144385898181 -0.043401183315783548 0.027985491283165773 -0.035212937099525804 0.032357990537606317
leaf_weight=6.359663152601569 19.315801124987054 2.224190509219623 1.9394602899083113 2.0660012287407881 2.1643959666107548 2.1477364267975645 5.1741311224177462 18.259936665337595 4.096974946325644 5.9628962923306972 3.0515064785722625 2.3839974562724819 10.921222308636059 1.110151341803429 0.84019691331195678 2.7093579577431219 2.3374291817490294 1.4973078036346112 1.8695550913616887 1.9427710177769766 38.326377891207812 3.8813665733614462 2.1308735289712786 1.9182021840242667 5.360171411302872 4.4039593398374564 1.2185305239509032 1.0212185135023899 1.5113058360875573
leaf_count=71 1925 105 47 45 103 85 95 1536 176 113 87 79 545 65 39 83 80 58 63 95 1780 94 81 41 98 176 38 94 108
internal_value=0 0.00249037 0.0138312 -0.00112807 0.0386408 0.0252244 -6.85571e-05 -0.00397269 0.000151865 -0.0176685 0.011676 -0.0268286 -0.00453483 -0.00227476 0.0195868 -0.00353769 -0.00505724 -0.0135498 -0.00761471 0.0189589 0 0.00219648 -0.0220809 0.02411 0.0227309 -0.0335939 0 -0.0174938 0.0566883
internal_weight=158.147 75.5418 14.4371 8.82193 5.61516 4.21374 61.1047 46.3334 35.1963 11.137 14.7713 4.60819 29.1812 82.6049 4.1901 78.4148 73.7627 27.0866 21.1854 4.65213 46.676 42.2077 4.4683 6.01518 8.41168 5.90127 3.07995 1.86142 3.45077
internal_count=8005 3334 572 314 258 130 2762 2506 2298 208 256 184 2081 4671 236 4435 4257 2222 1988 178 2035 1874 161 217 185 234 171 133 155
is_linear=0
shrinkage=0.0540709


Tree=306
num_leaves=33
num_cat=0
split_feature=98 69 71 44 72 69 85 65 41 108 105 84 84 105 50 78 76 97 105 87 108 95 86 109 20 97 69 85 45 39 54 86
split_gain=0.324525 0.946127 1.23191 0.956447 1.23712 0.954129 1.05309 1.43761 1.59901 1.30174 0.901886 1.23634 3.04503 2.59069 2.08205 1.71153 1.60081 1.21075 1.16183 0.946289 0.912759 1.42546 1.24799 1.12759 0.877567 0.782163 0.7281 0.661694 0.728506 0.634516 0.462833 0.401737
threshold=0.87751809483962129 144.50000000000003 0.36593336521600511 22.084770114942526 0.19286127036530842 93.500000000000014 36383.701499999988 4282.8963037279091 12313.177000000001 -0.14888708702659151 0.73595713528645634 0.73937782076079961 0.57795138888888897 0.6065674968728002 104.50000000000001 0.38124645490640957 164.50000000000003 4.9722222222222232 0.74858291295904267 -4943.8647499999979 0.60219395477207982 438.50000000000006 -759.14679399999989 0.81679763908956837 -1.0000000180025095e-35 7.4593750000000005 113.50000000000001 29078.056000000004 21.616502277057254 8737.5972556391007 3.5000000000000004 5085.7160110000013
decision_type=2 2 2 2 2 2 2 2 2 2 2 2 2 2 2 2 2 2 2 2 2 2 2 2 2 2 2 2 2 2 2 2
left_child=10 5 -3 -4 -5 6 7 8 -2 -9 11 12 15 16 31 24 30 -18 -12 -17 21 22 -20 -23 -1 26 -7 28 -15 -16 -13 -14
right_child=1 2 3 4 -6 25 -8 9 -10 -11 18 13 14 27 29 19 17 -19 20 -21 -22 23 -24 -25 -26 -27 -28 -29 -30 -31 -32 -33
leaf_value=0.026029422857217082 0.0082075486103471533 0.017409346982300549 0.00082379550080495002 0 -0.055768642073535615 0.047802805745875046 -0.042132980020250024 0.033296346478380499 -0.018544739207708539 0 0.042307796942280811 -0.050844678248888706 0.060050017113427681 -0.053910459105346316 -0.019496892890149491 0.0073132972978628896 0.03314186935512381 -0.0024085432149574069 0.00014662951597100806 -0.031987734742262665 0.037169721204447587 0.022086256161274177 -0.042857188518602117 -0.0015511482965441677 -0.0027115063035810087 -0.0056338204210645863 0.006399010190261587 -0.0019720246864159195 -0.011946533589705381 0.018109504864605434 0 0.025031839737019154
leaf_weight=4.1698682329733847 9.8256868486569164 1.9476460310252131 1.8946795481351726 1.6396092476443298 4.1004005748509371 2.8358425513360981 1.9713170237482689 5.3566984086755829 17.9239842704701 9.3482721063319314 2.8604897126133428 1.7262500163305987 3.9241934962701617 4.9780849343551363 2.3043074906890979 1.9285269178217266 4.6973044764199567 6.085740943406563 4.2684095330696437 8.1585473666636954 2.5233863367684526 11.137300178619627 3.2032902684313767 11.410477261541017 10.889593859865274 2.6982637891269405 3.0681240160920424 1.9453307688645507 2.26569689043572 2.9826823835246614 0.9355633727100211 2.5002025218382187
leaf_count=319 607 55 99 78 175 77 128 310 827 388 86 130 132 234 67 68 144 239 156 277 91 390 155 441 1700 125 81 85 112 79 57 93
internal_value=0 -0.0030195 -0.0186589 -0.0288302 -0.0399023 -5.34063e-05 -0.00338348 -0.00140805 -0.00880597 0.0120492 0.00199564 -0.00196963 0.00398895 -0.0119988 0.0268828 -0.00638081 0.00261821 0.0123961 0.00886737 -0.0237413 0.00569825 0.00280412 -0.0173082 0.00979759 0.00475854 0.0162821 0.0275481 -0.034185 -0.0418126 0.000320239 -0.0341957 0.0475851
internal_weight=157.506 62.6105 9.58234 7.63469 5.74001 53.0282 44.426 42.4546 27.7497 14.705 94.8952 59.4919 36.8579 22.634 11.7114 25.1465 13.4449 10.783 35.4034 10.0871 32.5429 30.0195 7.4717 22.5478 15.0595 8.60223 5.90397 9.18911 7.24378 5.28699 2.66181 6.4244
internal_count=8005 2950 407 352 253 2543 2260 2132 1434 698 5055 3736 2735 1001 371 2364 570 383 1319 345 1233 1142 311 831 2019 283 158 431 346 146 187 225
is_linear=0
shrinkage=0.0540709


Tree=307
num_leaves=32
num_cat=0
split_feature=119 20 17 17 97 76 105 119 46 46 37 95 20 21 48 20 18 84 95 96 119 95 96 87 48 75 51 72 94 75 85
split_gain=0.307031 0.624492 1.36357 1.00606 0.986411 2.01082 0.955969 0.94612 0.989396 2.10318 1.31527 1.07824 1.05525 1.01449 0.64407 0.477121 2.47799 1.14984 0.777783 1.00568 0.760112 2.75369 0.576381 1.43763 0.900793 1.48369 1.30794 0.774769 0.388713 0.335709 0.220097
threshold=0.81666666666666676 15.500000000000002 14.500000000000002 1.0000000180025095e-35 5.4214196762141977 362.50000000000006 0.91111605186816946 0.38333333333333336 317.50000000000006 1408.5000000000002 17.500000000000004 491.50000000000006 2.5000000000000004 2.5000000000000004 23.500000000000004 5.5000000000000009 1.0000000180025095e-35 0.68765243902439033 414.50000000000006 256.70718177037696 0.88333333333333341 1866.5000000000002 203.0535289156627 867.79474999999718 54.500000000000007 4626.500496212122 1687.5000000000002 0.40148853674479973 3.5000000000000004 1790.5626000000004 -110583.80774999999
decision_type=2 2 2 2 2 2 2 2 2 2 2 2 2 2 2 2 2 2 2 2 2 2 2 2 2 2 2 2 2 2 2
left_child=1 7 3 30 5 -5 -6 14 10 13 12 -11 -9 -10 -1 20 -17 29 -19 -20 21 -2 23 27 25 -24 -26 -22 -12 -18 -3
right_child=15 2 -4 4 6 -7 -8 8 9 11 28 -13 -14 -15 -16 16 17 18 19 -21 22 -23 24 -25 26 -27 -28 -29 -30 -31 -32
leaf_value=-0.0083162459042097226 -0.052544604868715088 0 0.032419701234022096 0.03749735260570311 -0.014040432703724254 -0.012156811679984607 0.0073890275861380828 0.033221131745672469 -0.049379881505677181 0.020433792012523357 0.060054469164024488 -0.016151148219419958 -0.031618840845550472 0.0024669730078275497 0.022086522534471822 0.041536426392683054 -0.0068365059914281719 0.046610434125936413 0.020854547037384614 -0.036194554859735037 0.010295029567322938 0.042368023898911117 -0.0014619177932256742 0.03549898093639383 -0.027296201066286347 0.0291037853886108 -0.00019363982844736402 -0.016042400174858903 0.0085523486822994699 -0.054224710662947484 -0.061008253494214119
leaf_weight=3.4217243588063857 2.8410863851022432 0.071830989865702577 3.8570624894928178 5.3019418651674624 15.083016467266136 4.030132879906887 9.7130892216919147 0.88212587108137386 6.6682083542291393 3.4257532524425169 1.1534110674401747 7.1025608160034608 2.9241810851744958 1.0025747515755936 4.3030458809807897 5.0244521703571081 1.2009580063458982 1.1622871310682965 1.9595286053663588 1.6130251528229562 9.4838616319902957 1.2225059112970482 16.348099283030027 4.8050627976044771 7.3842650253936908 6.2729701455682507 19.564706699617091 4.9266051519662133 1.3298156657183424 1.4831214402802286 0.97733082316972175
leaf_count=102 294 12 41 692 930 186 468 62 694 149 18 423 701 45 72 53 81 19 94 140 398 51 470 79 95 144 311 76 151 112 842
internal_value=0 -0.00261606 0.00182897 -0.00131688 7.21569e-05 0.0152641 -0.00534815 -0.00823148 -0.0135477 -0.0200105 0.00397829 -0.00354332 -0.0146408 -0.0416414 0.00766436 0.00219256 0.0120008 -0.00701242 0.00775277 -0.00284209 0.000415439 -0.0221654 0.00185754 0.00984725 -0.00109082 0.00668942 -0.00789584 0.00077698 0.0354795 -0.0357956 -0.0534381
internal_weight=156.54 71.2478 39.0344 35.1773 34.1282 9.33207 24.7961 32.2134 24.4886 18.1991 6.28953 10.5283 3.80631 7.67078 7.72477 85.2925 12.4434 7.41892 4.73484 3.57255 72.8492 4.06359 68.7856 19.2155 49.57 22.6211 26.949 14.4105 2.48323 2.68408 1.04916
internal_count=8005 5588 3171 3130 2276 878 1398 2417 2243 1311 932 572 763 739 174 2417 499 446 253 234 1918 345 1573 553 1020 614 406 474 169 193 854
is_linear=0
shrinkage=0.0540709


Tree=308
num_leaves=12
num_cat=0
split_feature=13 17 42 119 71 16 7 4 119 48 95
split_gain=0.308504 0.427542 0.432622 0.413424 1.07957 0.57804 1.454 1.10843 0.476398 0.486036 0.150529
threshold=33.525000000000006 1.0000000180025095e-35 1098.6200000000001 0.033739837398373988 0.63076549845108809 40.500000000000007 1.0000000180025095e-35 0.22500000000000003 0.10833333333333335 26.500000000000004 365.50000000000006
decision_type=2 2 2 2 2 2 2 2 2 2 2
left_child=1 2 10 4 -3 8 7 -7 -5 -10 -1
right_child=-2 3 -4 5 -6 6 -8 -9 9 -11 -12
leaf_value=0 0.015671607726608933 0.054522948801233352 0.0095657616663522571 -0.015917793595194078 -0.014706839759046074 -0.018481260217803993 -0.052144253002197494 0.01480665479950798 0.0075692411331295456 -0.00041829489283462659 -0.059632558814681727
leaf_weight=0.23831254878586949 3.5878950436599544 1.3821851395478 0.29135539809067257 4.8680037311278275 1.0130600596021393 6.3789477388381766 2.1438098185826666 5.2566022671526298 28.041602855693782 101.55908643951989 0.82684973261348205
leaf_count=223 70 87 61 124 91 3191 140 319 1014 2109 576
internal_value=0 -0.00036496 -0.0305727 -4.34442e-05 0.0221727 -0.000452566 -0.0110268 -0.00280768 0.000576203 0.00125303 -0.0484739
internal_weight=155.588 152 1.35652 150.643 2.39525 148.248 13.7794 11.6356 134.469 129.601 1.06516
internal_count=8005 7935 860 7075 178 6897 3650 3510 3247 3123 799
is_linear=0
shrinkage=0.0540709


Tree=309
num_leaves=27
num_cat=0
split_feature=107 84 73 95 29 95 55 36 94 42 81 85 87 59 84 50 67 42 53 71 65 57 87 82 91 84
split_gain=0.30672 0.656135 0.693917 1.27688 1.50456 1.56956 1.41928 1.28588 1.20684 1.89228 0.812339 0.692751 0.583903 0.880374 0.987438 1.16669 0.910661 0.777171 1.08651 1.41998 0.906748 0.884127 1.17783 0.908073 0.614046 0.488414
threshold=1.0000000180025095e-35 0.93119877049180333 8.5000000000000018 402.50000000000006 198.50000000000003 133.50000000000003 27.500000000000004 23.500000000000004 8.0000000000000018 425.13600000000002 3849.2729250000007 -28068.222749999983 40647.686250000021 1750.5000000000002 0.69777337951509166 152.50000000000003 28.888544891640873 511.60000000000008 0.24042404845811458 0.56863575938850131 8188.3120116953214 9245.7227917540204 -9186.9812500000025 72.500000000000014 14.500000000000002 0.74478940512375169
decision_type=2 2 2 2 2 2 2 2 2 2 2 2 2 2 2 2 2 2 2 2 2 2 2 2 2 2
left_child=1 2 3 4 5 -1 7 -5 9 10 -4 -8 13 17 15 -15 -16 21 20 -20 -19 22 -2 -23 -18 -10
right_child=12 -3 8 6 -6 -7 11 -9 25 -11 -12 -13 -14 14 16 -17 24 18 19 -21 -22 23 -24 -25 -26 -27
leaf_value=0 -0.030898193290974561 0.025293609373763515 -0.0047168477229613094 0.0044349728378440404 -0.015644222340630138 0.056356882553572178 0 -0.024898603856136872 -0.0013839246236242186 0.014064470795991456 -0.035495126536734548 0.038392410940275283 -0.032631305577796539 0.053771544683148341 -0.041855303419649145 0 0.01283246553673551 -0.05114194439646777 -0.033778743717561469 0.057958901241054822 0.0074286063670092285 0 0.00092730048498238372 -0.058417887032939042 -0.0254084645490079 0.019714643802802603
leaf_weight=2.3723973529995437 3.5863242040249963 3.6310046092112307 4.5233198854839456 10.190590378828352 1.8460269127972422 4.3503032940789126 2.4057467379025184 7.2565002266783258 5.8031013726722467 4.8367498907100517 8.02443641029822 3.5489444555714718 1.8054600656168975 2.7347940549007026 1.2932657180335798 2.5180961208825465 7.9752930150771117 3.3444219168704867 0.955840687620366 0.94388343063474167 0.73292907160066523 1.0616312883576022 60.738981860507927 1.6111364868629605 1.3526138227880435 5.8450405134353787
leaf_count=68 210 95 65 396 35 249 98 189 62 53 118 84 95 82 106 86 379 344 114 46 33 72 4682 90 82 72
internal_value=0 0.00284619 0.00138808 0.00697547 0.0248402 0.0370576 0.00011667 -0.00734329 -0.00451021 -0.0136998 -0.0249916 0.0232097 -0.00202878 -0.00132296 0.0100879 0.0292713 0 -0.00390664 -0.0227165 0.00792924 -0.0388034 -0.00211756 -0.000733146 -0.0326454 0.00649044 0.00857062
internal_weight=155.289 64.6342 61.0032 31.9705 8.56873 6.7227 23.4018 17.4471 29.0326 17.3845 12.5478 5.95469 90.6547 88.8492 15.8741 5.25289 10.6212 72.9751 5.97708 1.89972 4.07735 66.9981 64.3253 2.67277 9.32791 11.6481
internal_count=8005 1584 1489 1119 352 317 767 585 370 236 183 182 6421 6326 735 168 567 5591 537 160 377 5054 4892 162 461 134
is_linear=0
shrinkage=0.0540709


Tree=310
num_leaves=15
num_cat=0
split_feature=104 57 92 92 92 20 85 92 84 50 87 99 20 44
split_gain=0.302122 1.15473 0.448136 0.542467 0.540866 2.03163 1.38554 0.698534 0.506639 1.02996 0.735361 0.3078 0.428976 0.294001
threshold=-0.82571809860723044 5933.2190035714293 47.500000000000007 52.500000000000007 38.500000000000007 3.5000000000000004 -13293.584999999994 37.500000000000007 0.94127227438206551 11.500000000000002 27463.415749999989 1.0000000180025095e-35 25.500000000000004 4.0123456790123475
decision_type=2 2 2 2 2 2 2 2 2 2 2 2 2 2
left_child=1 11 4 -4 7 -6 -7 8 10 -10 -2 -1 13 -13
right_child=2 -3 3 -5 5 6 -8 -9 9 -11 -12 12 -14 -15
leaf_value=0.046629458708523926 -0.00054381246063406384 -0.018703963572690774 -0.051178756793120242 0 0.04593122827299248 0.028351298401822204 -0.040789917048690096 -0.038378310146198719 0.035565670190297577 0 -0.023518886076160227 0.011035703710885077 0.042653111225611183 -0.041720343952089282
leaf_weight=1.9906360678724011 124.00390068269962 1.9714707613311473 1.1153550277804236 0.97499187425273692 3.2637551027582949 1.2921613822400106 2.1299706818281265 1.435049729378078 3.3767881728199409 7.0756059935392841 4.2491166642257658 0.43656344311602813 0.69531053652463015 0.51253706779971253
leaf_count=172 6254 112 74 75 77 65 186 52 199 386 169 38 39 107
internal_value=0 0.0123249 -0.000458696 -0.0253161 -5.40966e-05 0.0149123 -0.012523 -0.00082108 -0.000378631 0.0109907 -0.00136301 0.0311866 0.00796663 -0.00971415
internal_weight=154.523 5.60652 148.917 2.09035 146.826 6.68589 3.42213 140.14 138.705 10.4524 128.253 3.63505 1.64441 0.949101
internal_count=8005 468 7537 149 7388 328 251 7060 7008 585 6423 356 184 145
is_linear=0
shrinkage=0.0540709


Tree=311
num_leaves=32
num_cat=0
split_feature=99 62 80 59 44 106 68 45 87 55 92 72 72 86 17 97 65 82 82 64 65 68 20 52 92 69 16 54 29 93 17
split_gain=0.305574 0.406675 0.754223 1.70302 2.13056 1.2733 1.09034 0.945174 0.818069 0.839827 0.642709 0.740948 1.2007 0.349799 0.807517 0.534774 0.534412 1.1337 1.78696 1.42592 0.970007 0.923081 1.07402 0.808956 0.54117 0.534664 0.458591 0.454044 0.338265 0.270879 0.133177
threshold=1.0000000180025095e-35 27.500000000000004 23355.974000000006 897.50000000000011 32.393569844789361 0.8500000000000002 368.50000000000006 25.358830224644219 -8241.632749999997 27.500000000000004 26.500000000000004 0.22226437363007923 0.11925254213973562 -5047.2778904999968 13.500000000000002 5.5235449735449746 6001.6981967217498 30.500000000000004 100.50000000000001 3703.1270500000005 7654.5401513412044 27.500000000000004 27.500000000000004 0.69362266811548878 22.500000000000004 5.5000000000000009 39.500000000000007 11.500000000000002 1.0000000180025095e-35 1.0000000180025095e-35 11.500000000000002
decision_type=2 2 2 2 2 2 2 2 2 2 2 2 2 2 2 2 2 2 2 2 2 2 2 2 2 2 2 2 2 2 2
left_child=1 2 6 5 -5 -4 8 -8 -1 -10 11 12 -3 14 15 30 17 21 -19 -20 26 22 -15 -23 -22 -26 -18 -16 -17 -28 -2
right_child=13 10 3 4 -6 -7 7 -9 9 -11 -12 -13 -14 16 27 28 20 18 19 -21 24 23 -24 -25 25 -27 29 -29 -30 -31 -32
leaf_value=-0.027485563068579119 0 0.013229165339035323 -0.0069284391915506536 -0.037369588128633099 0 0.027001128091761306 0.034499788516942624 0 -0.0032133264073238368 0.011098373344422345 0.022658384254798557 0.016248682554686898 -0.01831608201400995 -0.014067874480407607 -0.05174377404283613 0.019568408172637993 0 -0.054822487988303699 0.039166076369251651 -0.022132296588469456 0.027405525606961773 0.050005334371335135 0.052701857761457367 -0.0023838810813611062 0.028895581595376609 -0.028610136039735279 0.059889331461562327 0 -0.044046133650217222 0.0095157067633772768 0.054754399976869275
leaf_weight=2.9971986850723615 0.51779235041249438 5.9325276396703037 7.0739101950748609 8.724670432769928 9.9381130484107398 5.6220412523834966 5.4384046531049517 3.8390520438551903 34.6817560280615 18.046399619983276 6.0745705452281973 7.4643622942385255 8.2685367490848858 6.3076275525600121 1.9720774429442829 0.18287406116724003 0.97046578906883896 3.1131870013705321 1.6125632522380327 3.4670663907218113 0.8970842737253405 1.9933741936183653 0.76426355116564071 1.072014609690086 0.44590021559270132 2.7763083584663946 1.5016517084150112 0.38908000802621234 0.70872221359422838 0.89509705552154617 0.50207445429987274
leaf_count=42 124 75 105 101 115 52 87 75 1035 359 78 75 90 1549 517 2 101 788 144 626 36 209 287 242 19 421 32 39 403 164 13
internal_value=0 0.00118786 -0.000400742 -0.00735431 -0.0178662 0.00751628 0.00284024 0.0200009 0 0.00154499 0.00697227 0.00223123 -0.00461758 -0.00488571 -0.0194517 0.00322846 -0.00218734 -0.00739007 -0.0224931 -0.00120983 0.00956259 0.00408927 -0.00579323 0.0292858 -0.00657978 -0.0183459 0.0314956 -0.0409259 -0.0227126 0.0441834 0.0331388
internal_weight=154.191 124.102 96.3615 31.3587 18.6628 12.696 65.0028 9.27746 55.7254 52.7282 27.74 21.6654 14.2011 30.0892 4.27262 1.91146 25.8166 18.3301 8.19282 5.07963 7.48651 10.1373 7.07189 3.06539 4.11929 3.22221 3.36721 2.36116 0.891596 2.39675 1.01987
internal_count=8005 2289 1971 373 216 157 1598 162 1436 1394 318 240 165 5716 1098 542 4618 3845 1558 770 773 2287 1836 451 476 440 297 556 405 196 137
is_linear=0
shrinkage=0.0540709


Tree=312
num_leaves=13
num_cat=0
split_feature=117 17 20 20 42 82 17 20 34 65 106 85
split_gain=0.29759 0.391036 0.49763 0.379093 1.33162 0.661513 0.553742 1.0369 0.891937 0.833311 0.649706 0.208605
threshold=0.29166666666666669 1.0000000180025095e-35 17.500000000000004 26.500000000000004 199.54000000000005 77.500000000000014 6.5000000000000009 22.500000000000004 1.0000000180025095e-35 3595.2994921023319 0.71666666666666667 -110583.80774999999
decision_type=2 2 2 2 2 2 2 2 2 2 2 2
left_child=1 2 -1 6 5 -5 8 10 9 -3 -8 -4
right_child=-2 3 11 4 -6 -7 7 -9 -10 -11 -12 -13
leaf_value=0.0096602647160731938 0.016176154522917516 -0.051060201657536358 0 0.0030070943161143769 -0.022507663080891627 0.048719003995406893 -0.0065244798648876456 0.024979227751507651 0.0055404005773501425 -0.0060796303594780748 0.0018053674422956183 -0.059789426462706408
leaf_weight=0.35158100770786294 3.2556113220052785 2.4867856237142387 0.069969433287042193 2.0778462714952175 1.9572240394336402 2.4672095590867684 39.239587347856286 4.7658205882180473 3.7438189752865583 3.1880863283804501 88.885218273942883 0.89088413256740751
leaf_count=12 62 518 12 102 103 46 2859 109 97 347 2902 836
internal_value=0 -0.000342356 -0.0297139 -3.32171e-05 0.0126773 0.0294579 -0.000666099 0.000177158 -0.0133457 -0.0271045 -0.000688117 -0.0517855
internal_weight=153.38 150.124 1.31243 148.812 6.50228 4.54506 142.309 132.891 9.41869 5.67487 128.125 0.960854
internal_count=8005 7943 860 7083 251 148 6832 5870 962 865 5761 848
is_linear=0
shrinkage=0.0540709


Tree=313
num_leaves=32
num_cat=0
split_feature=98 69 71 44 72 69 85 82 65 98 44 44 87 5 74 63 92 39 109 91 17 98 87 17 70 48 57 72 65 109 98
split_gain=0.282212 0.826396 1.0687 0.894984 1.13796 0.884157 0.946089 1.34777 0.981156 0.679093 1.32556 1.10774 1.94512 1.77028 1.69892 1.14018 1.10842 1.03765 1.29525 1.24291 1.26815 0.825826 0.840617 0.69455 0.910325 0.630456 0.773984 0.491785 0.381255 0.291392 0.272281
threshold=0.87751809483962129 144.50000000000003 0.36593336521600511 22.084770114942526 0.19286127036530842 93.500000000000014 36383.701499999988 173.50000000000003 4282.8963037279091 0.79655065995380914 15.705698005698009 17.75931034482759 -357.78824999999773 189.00000000000003 6883.1570000000002 61832.105000000003 30.500000000000004 4573.9203231990241 0.72809730438041609 2.0000000000000004 25.500000000000004 0.776232418447937 18408.25175000001 25.500000000000004 142.50000000000003 91.500000000000014 5061.8983148148154 0.23079680176454367 1060.8353487709312 1.0000000180025095e-35 0.83880458707040839
decision_type=2 2 2 2 2 2 2 2 2 2 2 2 2 2 2 2 2 2 2 2 2 2 2 2 2 2 2 2 2 2 2
left_child=9 5 -3 -4 -5 6 7 8 -2 11 23 12 15 29 28 27 -15 18 -12 30 -21 22 -16 24 -11 26 -7 -1 -13 -14 -19
right_child=1 2 3 4 -6 25 -8 -9 -10 10 17 14 13 16 21 -17 -18 19 -20 20 -22 -23 -24 -25 -26 -27 -28 -29 -30 -31 -32
leaf_value=-0.06939941363227066 -0.010258434918595261 0.015809726989637125 0.0010561512950336136 0 -0.054614697613829012 -0.017811924942587667 -0.040994666393870317 0.033005555519865587 0.0082007063597619601 0.047469803033561284 0.012111432033963546 0 0.013913944663022895 -0.017793411953461222 0.0069765878709585494 -0.00199931295040518 0.025630380689354842 0.053514878876036516 -0.052739052913093658 -0.022252135869533163 0.016528760481879318 -0.025911052816885032 -0.013043610706437499 0.053890400104282671 -0.01062411909723133 0.032189949160701045 0.026683997318692136 -0.024624764241178869 0.058098777113334443 0.053104819001249345 0.0084425253272849173
leaf_weight=2.4449245521755101 26.423934216079942 1.9160100749504616 1.8693354692695718 1.5948803068304185 3.8515934506367557 2.5090498074023326 1.8742228429291561 3.0329041412769575 11.944366192672531 1.2740805352877971 1.3636137219436961 0.6938230911509885 1.9241084385430434 9.8607752396037522 34.943554147137547 2.4820715159366955 1.9623483548384673 1.9086631212194327 1.9986106183296213 4.2495937597504945 5.8629202353768051 2.9906055235678641 7.2483439818965953 2.6591104612452909 1.7152244249627981 3.8170028439817543 2.0594946063501993 1.9657946254155829 1.9956211190583415 1.5871781890746204 1.0439876452510359
leaf_count=125 1425 55 99 78 175 110 128 92 615 94 61 90 119 1752 1166 92 177 109 91 181 121 121 229 85 120 101 72 57 140 37 88
internal_value=0 -0.00284307 -0.0177469 -0.0275474 -0.0387178 -3.60587e-05 -0.00329216 -0.0014048 -0.00431919 0.00190033 0.0101903 -0.000605173 -0.0106703 0 0.00391401 -0.0345233 -0.00995771 0.00193771 -0.02425 0.00924545 0 0.00125929 0.00336156 0.0328736 0.011682 0.0158831 0.000632843 -0.0511408 0.0457301 0.0337546 0.0400977
internal_weight=153.068 60.8928 9.23182 7.31581 5.44647 51.661 43.2754 41.4012 38.3683 92.175 22.0758 70.0991 22.2272 15.3344 47.8719 6.89279 11.8231 16.4274 3.36222 13.0652 10.1125 45.1825 42.1919 5.64842 2.9893 8.38555 4.56854 4.41072 2.68944 3.51129 2.95265
internal_count=8005 2950 407 352 253 2543 2260 2132 2040 5055 950 4105 2359 2085 1746 274 1929 651 152 499 302 1516 1395 299 214 283 182 182 230 156 197
is_linear=0
shrinkage=0.0540709


Tree=314
num_leaves=27
num_cat=0
split_feature=54 73 44 44 44 108 67 76 95 105 16 92 56 74 63 63 43 42 58 53 20 60 17 17 97 44
split_gain=0.303007 1.13462 0.72663 1.58219 1.3169 1.09622 1.41726 1.02883 0.981273 0.973578 0.675847 0.995422 0.86899 1.40042 1.75983 1.86137 0.9949 0.869704 0.789285 0.637394 0.629038 0.510069 0.319352 0.201506 0.0981858 0.0575803
threshold=4.5000000000000009 5.5000000000000009 20.37243150684932 19.158004158004164 23.118823529411767 -0.22441786867276312 26.836021505376348 2.5000000000000004 3507.5000000000005 0.72582287989197203 40.500000000000007 26.500000000000004 45865.474999999999 17414.315000000006 41714.936000000009 47806.560500000007 617.50000000000011 90.161500000000018 152.50000000000003 0.2042936147800016 12.500000000000002 79.500000000000014 3.5000000000000004 77.500000000000014 5.0535136164540102 38.830459770114956
decision_type=2 2 2 2 2 2 2 2 2 2 2 2 2 2 2 2 2 2 2 2 2 2 2 2 2 2
left_child=10 2 3 7 -4 6 -6 8 -2 -9 12 21 18 16 -15 -16 19 -18 -1 -14 -13 -12 25 -24 -22 -23
right_child=1 -3 4 -5 5 -7 -8 9 -10 -11 11 20 13 14 15 -17 17 -19 -20 -21 24 22 23 -25 -26 -27
leaf_value=0 0.0044769862054533259 0.03249119894879407 0.055273403686792566 -0.048118305041422921 0.045872142618455042 -0.031438843977204332 -0.0078378598344377697 -0.039503885929447292 0.070813601103879992 0.00022883397084502095 0.024182539843102424 -0.027300888742013668 -0.015139311377157259 0.039039315187519845 -0.042261110216355452 0.00029307196272230108 -0.030941263735836968 0.022098433618128646 0.039476776728656973 -0.060639252660527339 0.054577216765958891 -0.016331276409239037 -0.053076214393638223 0 0.0063202697458890388 0.012841564569763726
leaf_weight=2.8454296590061849 15.414588833227761 3.7538029228089718 1.8341622738662389 2.1407038117613402 2.5432077925725016 1.8896577145169438 2.877368113186094 3.1127176918525938 0.70655635085859181 3.4347282360540703 0.23163424575613989 0.68333452020306129 2.3751411863086087 3.3089045910601262 3.0993869417579836 88.136045877861761 1.6227049683620864 2.0192236017501273 2.9591475032029848 2.3258994430980238 0.58421291266131425 0.50527029773365972 2.767926598880877 0.1485706130042671 0.70772687274802593 0.19797692912197817
leaf_count=109 2071 127 95 63 162 124 157 153 54 202 60 102 91 91 66 1998 65 71 74 45 22 331 1516 3 109 44
internal_value=0 0.00422906 0.000884942 -0.00368316 0.0140845 0.00272593 0.0160069 0.000191246 0.00785195 -0.0175388 -0.00135884 -0.0193203 -0.000327613 -0.00154293 0.00025403 -0.00107251 -0.022787 0 0.0199339 -0.0392401 0.00898889 -0.0357542 -0.0416426 -0.0497175 0.0339084 0
internal_weight=152.226 37.7075 33.9537 24.8093 9.1444 7.31023 5.42058 22.6686 16.1211 6.54745 114.519 5.82665 108.692 102.887 94.5443 91.2354 8.34297 3.64193 5.80458 4.70104 1.97527 3.85138 3.61974 2.9165 1.29194 0.703247
internal_count=8005 3208 3081 2543 538 443 319 2480 2125 355 4797 2187 2610 2427 2155 2064 272 136 183 136 233 1954 1894 1519 131 375
is_linear=0
shrinkage=0.0540709


Tree=315
num_leaves=23
num_cat=0
split_feature=22 24 24 93 40 95 95 23 45 1 97 41 98 20 16 5 50 16 39 97 4 95
split_gain=0.295729 0.670286 0.682449 0.842205 0.516736 0.901934 0.663475 0.472372 0.625009 0.616907 0.485607 1.23333 1.72383 0.805672 0.445524 0.747106 0.646888 0.631707 0.617503 0.498335 0.168041 0.12368
threshold=1.0000000180025095e-35 298.50000000000006 400.00000000000006 1.5000000000000002 5538.9501712576466 584.50000000000011 402.50000000000006 1.0000000180025095e-35 40.166228099026007 1.0000000180025095e-35 19.820000000000004 7275.4750000000013 0.68650568087540986 19.500000000000004 39.500000000000007 297.50000000000006 1.5000000000000002 37.500000000000007 4169.2014166666677 5.0535136164540102 0.2678571428571429 342.50000000000006
decision_type=2 2 2 2 2 2 2 2 2 2 2 2 2 2 2 2 2 2 2 2 2 2
left_child=7 4 -3 -4 5 6 20 8 10 14 11 12 -1 -13 17 16 -16 18 -9 -17 -2 -19
right_child=1 2 3 -5 -6 -7 -8 9 -10 -11 -12 13 -14 -15 15 19 -18 21 -20 -21 -22 -23
leaf_value=-0.0078141582365640946 0.0027745120030309867 -0.02349749816501695 -0.0069496459672993595 0.029534607053528939 0 0.055049218476193498 -0.026105266704439828 0.009517636693282705 0.019151908604964303 -0.049578163989655082 -0.017615745749035863 -0.0031574636148924912 0.052872342815268196 0.010549211226531813 0 0.01981470881229588 -0.050535869886497047 0 -0.018562170594298995 -0.00085741053665330997 0.046571670433093515 -0.050585334732289607
leaf_weight=2.1492993463762096 0.9697025108616828 3.1329312753514369 4.5322482553310692 2.9120998868820607 2.809446313593071 2.2268198847887106 1.0062062529614193 3.4773844886622136 5.1633970309048882 0.99514618386456177 4.4380523413419715 73.507282235776074 3.0410855417139828 15.023628559429197 2.0072246766867479 4.7889343523143006 1.4247879701142663 0.28843854763545174 5.6280692332038598 9.7467359386646404 0.83767738426104188 1.4923042629015979
leaf_count=106 34 96 107 113 99 135 45 445 92 62 88 959 57 182 938 466 1399 20 647 1428 125 362
internal_value=0 0.0064514 -0.00180613 0.00633423 0.0185167 0.0288704 0.00549964 -0.000855974 0.000811232 -0.00687427 -7.86333e-05 0.000673341 0.0263263 -0.000747764 -0.00514169 0 -0.0225932 -0.0137728 -0.0070272 0.00544677 0.0271895 -0.0440692
internal_weight=151.599 18.4271 10.5773 7.44435 7.84985 5.04041 2.81359 133.172 103.323 29.849 98.1593 93.7213 5.19038 88.5309 28.8539 17.9677 3.43201 10.8862 9.10545 14.5357 1.80738 1.78074
internal_count=8005 754 316 220 438 339 204 7251 1484 5767 1392 1304 163 1141 5705 4231 2337 1474 1092 1894 159 382
is_linear=0
shrinkage=0.0540709


Tree=316
num_leaves=15
num_cat=0
split_feature=104 39 92 92 92 97 84 61 92 84 50 87 97 99
split_gain=0.291942 1.00981 0.41563 0.4768 0.474681 1.7966 1.05174 0.781776 0.649538 0.448851 0.901945 0.622795 0.279483 0.0441643
threshold=-0.82571809860723044 5670.0773750000008 47.500000000000007 52.500000000000007 38.500000000000007 4.2478021978021987 0.81601886792452838 0.59422604991434003 37.500000000000007 0.94127227438206551 11.500000000000002 27463.415749999989 89.700000000000017 1.0000000180025095e-35
decision_type=2 2 2 2 2 2 2 2 2 2 2 2 2 2
left_child=1 12 4 -4 8 -6 7 -7 9 11 -11 -2 13 -1
right_child=2 -3 3 -5 5 6 -8 -9 -10 10 -12 -13 -14 -15
leaf_value=0.048709857193557186 -0.00050079465762050584 -0.015340191691085719 -0.049736839816988718 0 0.061935286186413321 -0.015437553685791165 -0.038126732791523517 0.037571737532316955 -0.037301229555851016 0.034053134898019671 0 -0.021868586032899692 0 0.015829241200006922
leaf_weight=1.6782780354260471 121.54547500344688 2.0394893244229024 1.0636436006871002 0.95080737943135307 1.7055339436483326 1.159167302248534 1.6168811367606393 1.9387739700396194 1.409754411135508 3.2421270898048515 6.9261018711276847 4.163982224064056 0.6801093427784507 1.023203398770419
leaf_count=143 6254 127 74 75 55 64 109 100 52 199 386 169 96 102
internal_value=0 0.0123405 -0.000435598 -0.0248225 -4.19479e-05 0.014269 -0.00142733 0.015356 -0.000765264 -0.000331212 0.0105181 -0.00126774 0.0312185 0.0390126
internal_weight=151.143 5.42108 145.722 2.01445 143.708 6.42036 4.71482 3.09794 137.287 135.878 10.1682 125.709 3.38159 2.70148
internal_count=8005 468 7537 149 7388 328 273 164 7060 7008 585 6423 341 245
is_linear=0
shrinkage=0.0540709


Tree=317
num_leaves=29
num_cat=0
split_feature=107 48 49 75 82 95 50 44 95 74 36 36 16 6 52 98 98 36 56 87 69 59 59 65 74 97 78 69
split_gain=0.288305 0.566345 1.5346 1.41832 1.67003 1.3657 1.24809 1.15784 1.11264 1.01724 0.873291 0.804931 0.746761 0.913998 0.590533 0.560193 0.572267 0.954178 0.793093 1.80814 1.48202 1.3332 1.41916 1.04408 0.467136 0.43397 0.169002 0.124704
threshold=1.0000000180025095e-35 54.500000000000007 51.500000000000007 1453.0487000000001 37.500000000000007 402.50000000000006 65.500000000000014 27.535797925727671 746.50000000000011 662.93750000000011 81.500000000000014 24.500000000000004 37.500000000000007 99.225000000000009 0.68074250908543721 1.4438057529829535 1.191153197506164 40.500000000000007 294426.19800000003 -9585.8512499999943 193.50000000000003 1232.0000000000002 1425.5000000000002 3623.5977771186022 26619.860000000004 14.950000000000001 0.33356807511737091 24.500000000000004
decision_type=2 2 2 2 2 2 2 2 2 2 2 2 2 2 2 2 2 2 2 2 2 2 2 2 2 2 2 2
left_child=1 3 14 5 -5 12 -4 -8 -6 11 -9 -7 -1 -14 -3 16 18 25 19 -2 -21 23 -23 -20 -19 -18 -17 -27
right_child=15 2 6 4 8 9 7 10 -10 -11 -12 -13 13 -15 -16 26 17 24 21 20 -22 22 -24 -25 -26 27 -28 -29
leaf_value=0.048265111212162523 -0.051742151694579304 -0.0015014520866602741 0.028931039784236307 0.045797786061413423 0.026594139439998929 0.0060884597362733939 0.023903258734915653 -0.027076213828498497 -0.0066206225467253287 -0.03959216281284441 0.0024081839495107751 -0.033596409018388972 0.041985703676919083 -0.018499500168286574 -0.030229875933783484 0 0.052630677634564534 0.011189812393280279 0.063822166811631983 -0.0014754471532166507 -0.038832159472632563 -0.037887466458704805 0.0032972200742443568 0.0095229357515205157 -0.038641425999750741 -0.0044594341271840549 -0.052978672365928001 0.025163333205697608
leaf_weight=1.7776709689642327 2.5145900416764553 4.0314635541581101 5.2053132213332018 4.8938899179920581 5.0127109158493095 6.0712498534703609 3.7477378681360269 5.1718475290399493 6.5972987588320393 3.2581431783037251 5.8627434908630676 1.9300753519637508 1.1399131489451975 1.9431109287543222 6.1560807009664131 0.43161463842989067 1.8475458285829511 0.89890403252138618 1.7478610366815726 44.409172533976744 3.3876411323126367 2.7192635941901271 23.486755215289577 3.5865962115603907 0.99218388858935214 0.64547687704180112 0.82207402901076421 0.57709751457878156
leaf_count=89 147 80 97 144 72 316 67 97 106 51 86 101 107 78 93 51 73 57 39 4061 204 189 1075 171 105 99 115 35
internal_value=0 0.00281609 -0.00233633 0.00780812 0.0190174 -0.00321056 0.00608886 -0.00145771 0.00708589 -0.0139431 -0.0107439 -0.00256732 0.0201257 0.00148231 -0.0195894 -0.00197887 -0.00137171 0.016259 -0.00253105 -0.00680066 -0.00427941 0.00404524 -0.000697066 0.0287181 -0.0110651 0.0354914 -0.0380615 0.00350842
internal_weight=150.866 62.7992 30.1752 32.6241 16.5039 16.1202 19.9876 14.7823 11.61 11.2595 11.0346 8.00133 4.8607 3.08302 10.1875 88.0668 86.8131 4.96121 81.8519 50.3114 47.7968 31.5405 26.206 5.33446 1.89109 3.07012 1.25369 1.22257
internal_count=8005 1584 520 1064 322 742 347 250 178 468 183 417 274 185 173 6421 6255 369 5886 4412 4265 1474 1264 210 162 207 166 134
is_linear=0
shrinkage=0.0540709


Tree=318
num_leaves=23
num_cat=0
split_feature=99 62 91 39 76 67 43 77 43 80 82 41 87 76 86 96 98 98 91 95 63 17
split_gain=0.284226 0.358141 0.697143 1.02625 0.602721 1.33412 1.54748 0.909812 1.26708 0.858662 0.740197 0.589995 0.53566 0.340884 0.536658 0.476852 1.12934 0.954604 0.894109 1.38125 0.721579 0.489861
threshold=1.0000000180025095e-35 28.500000000000004 12.500000000000002 7287.8007360703823 210.50000000000003 33.74038461538462 1442.5000000000002 202.50000000000003 1186.5000000000002 22436.820500000005 86.500000000000014 31718.260000000006 3978.2187500000014 1035.5000000000002 57961.485439000026 243.46011057560602 1.0891597072005699 0.73956830382647265 7.5000000000000009 414.50000000000006 15080.264000000001 8.5000000000000018
decision_type=2 2 2 2 2 2 2 2 2 2 2 2 2 2 2 2 2 2 2 2 2 2
left_child=1 4 3 -3 7 6 -6 9 -9 10 -1 -7 -8 14 15 16 17 -2 21 -20 -18 -17
right_child=13 2 -4 -5 5 11 12 8 -10 -11 -12 -13 -14 -15 -16 18 20 -19 19 -21 -22 -23
leaf_value=0 0.0036173339483816028 -0.015605455386909432 0.020399383097334765 0.013958932668106827 0.0023078521668393969 0.019287453791194994 -0.041625296820020821 -4.6331639028258011e-05 0.034225315319996438 -0.028716744365711595 0.029058704579955217 -0.0039317304983791466 -0.014800529156389561 -0.044991238372708131 0.026618341216393858 0 -0.026160468848399895 -0.026270955660857017 0.035166754631697598 -0.018494905220639079 0.040529575197565837 -0.045365581177707642
leaf_weight=51.604481246802607 8.1306442420536893 6.4279837162466738 7.8042668721755026 7.3597631565062329 7.5070242000802017 6.0190173175651562 5.4311692578776256 5.9529479414341022 5.8267259912099689 2.9293438556633182 2.6714069251902393 5.9613486204470973 5.6109885386031237 0.63478926294737803 1.5354680189811905 1.1264941560912101 0.4310059055933374 4.7667562604856348 2.0158884052507346 4.5198961733476608 2.7423098943909281 3.0536802439219173
leaf_count=1446 1811 71 89 96 88 63 69 84 69 34 28 83 69 118 84 521 152 1133 77 602 274 944
internal_value=0 0.00116693 0.00748654 0 -0.000130121 -0.0065252 -0.0157353 0.00259302 0.0162817 -9.70553e-05 0.0013125 0.00711829 -0.0286693 -0.00479585 -0.00363061 -0.00564247 0 -0.00685867 -0.0144793 -0.00080688 0.0291323 -0.0340775
internal_weight=150.063 121.106 21.592 13.7877 99.5145 30.5295 18.5492 68.9849 11.7797 57.2052 54.2759 11.9804 11.0422 28.9569 28.3221 26.7867 16.0707 12.8974 10.716 6.53578 3.17332 4.18017
internal_count=8005 2289 256 167 2033 372 226 1661 153 1508 1474 146 138 5716 5598 5514 3370 2944 2144 679 426 1465
is_linear=0
shrinkage=0.0540709


Tree=319
num_leaves=35
num_cat=0
split_feature=29 61 96 86 86 91 40 61 61 42 83 64 92 108 61 70 51 95 57 95 96 95 16 53 86 42 97 95 39 53 39 39 57 46
split_gain=0.290932 0.566118 1.51971 1.05825 1.36528 0.971939 1.54011 1.55325 1.2546 1.35431 1.17951 1.12337 0.775238 0.53993 0.524913 1.18155 1.24982 1.17974 1.27256 1.14454 1.49447 1.47824 1.20839 1.14161 1.08916 0.812708 0.78688 0.63681 0.406121 0.361838 0.277486 0.17031 0.167481 0.0104439
threshold=1.0000000180025095e-35 0.6530838243177165 218.5017290801259 10910.900089499994 1872.0439299999964 12.500000000000002 4058.4271844397485 0.75298465422806238 0.76224245852875161 263.45750000000004 103.50000000000001 3224.097895238096 23.500000000000004 -0.73242598314606733 0.63148290434114485 362.50000000000006 892.50000000000011 419.50000000000006 3887.4036703296701 1463.5000000000002 201.59887894194046 721.50000000000011 36.500000000000007 0.17403584421581003 -1549.5347520000066 259.96650000000005 9.7235605170387789 1805.0000000000002 3967.6454213735556 0.062772959847672158 3097.5611411149835 2149.5089385964916 5638.6177321428577 58.500000000000007
decision_type=2 2 2 2 2 2 2 2 2 2 2 2 2 2 2 2 2 2 2 2 2 2 2 2 2 2 2 2 2 2 2 2 2 2
left_child=1 2 3 4 12 6 11 -8 -7 -10 -9 -3 -1 28 19 16 26 23 -19 20 22 -22 -15 -17 25 -21 -16 -26 30 -18 31 33 -30 -2
right_child=13 5 -4 -5 -6 8 7 10 9 -11 -12 -13 -14 14 15 17 29 18 -20 24 21 -23 -24 -25 27 -27 -28 -29 32 -31 -32 -33 -34 -35
leaf_value=-0.011484281103832001 0 0 -0.023220638425479737 0.033908587468375315 -0.030777658881562576 -0.00094749906957624589 0.013356424096187265 0 0.050053524866928628 0.0049933653664907584 -0.034824851850774753 0.042389252849277949 0.015354709598683897 0.011050537668959977 0.029524319602777568 0.02367065788619906 0 0.029621192043741387 -0.012058711907782441 -0.04963882895298876 -0.0077473733495856002 0.036685200263015333 -0.022920466403678289 -0.018304430916771731 0.061200141138932844 0.022389995526023585 -0.016500091288041235 0.016118083484184947 0.046895014673306611 -0.053214730168254232 -0.031243770045298883 0.03369527674168863 0.00663489336603801 -0.009926838084397583
leaf_weight=4.2853354004037199 0.31299812819633988 3.3871057835640412 7.9541665476281187 3.0410835798829785 3.516266575548797 5.4301319154910734 6.1576748994411927 5.1745761588681471 4.8810052937478741 3.9119600227568299 6.6138242492452264 3.7015900914557278 10.010264292242935 3.8903974791537683 1.2698545839630222 7.85518592201697 0.69414483227592416 2.2649963474978021 23.935884521280059 0.90633257763329289 3.938258522844988 4.3829842695122352 11.128986695190177 2.2971076238081878 1.9413630023555004 0.76896912545635132 5.5432261584865046 2.9410975571954623 1.2544268457349974 3.5078246956254588 0.63361127487587499 0.60430162835109513 1.0647890654654473 0.30769118341413559
leaf_count=71 87 73 120 27 33 82 97 146 102 71 78 62 360 160 196 325 81 82 1548 119 247 179 1665 127 83 39 698 329 96 306 68 75 126 47
internal_value=0 0.00261631 -0.00296255 0.00441192 -0.000212763 0.00689824 0.000184369 -0.00794472 0.0181942 0.030853 -0.0196987 0.0218028 0.00679182 -0.00217322 -0.00327716 -0.00685626 -0.0224358 -0.00193129 -0.00817136 0.00214613 -0.00318654 0.0147717 -0.0136288 0.0134434 0.0222479 -0.012185 -0.00683065 0.035576 0.0164665 -0.0459632 0 0.0124641 0.0316184 0
internal_weight=149.509 68.065 28.8071 20.8529 17.8119 39.2579 25.0348 17.9461 14.2231 8.79297 11.7884 7.0887 14.2956 81.4444 77.2666 47.3682 11.0151 36.3532 26.2009 29.8984 23.3406 8.32124 15.0194 10.1523 6.55776 1.6753 6.81308 4.88246 4.17782 4.20197 1.8586 1.22499 2.31922 0.620689
internal_count=8005 1322 611 491 464 711 456 321 255 173 224 135 431 6683 6184 3363 1281 2082 1630 2821 2251 426 1825 452 570 158 894 412 499 387 277 209 222 134
is_linear=0
shrinkage=0.0540709


Tree=320
num_leaves=21
num_cat=0
split_feature=27 2 7 53 61 115 53 16 93 49 47 59 72 62 54 17 17 85 105 59
split_gain=0.291123 0.576542 0.811562 0.456431 1.26637 1.00465 0.716366 0.617285 0.987331 0.582093 1.34976 0.847792 0.374703 0.688099 0.668585 0.424647 0.809961 0.368599 0.223729 0.054843
threshold=1.0000000180025095e-35 3.5000000000000004 56.700098766926715 0.36182795698924736 0.38678727406905561 157.18664485268764 0.35021140504906617 36.500000000000007 1.5000000000000002 158.50000000000003 1013.5000000000001 2007.0000000000002 0.087599020261366969 8.5000000000000018 1.0000000180025095e-35 19.500000000000004 6.5000000000000009 -11709.12050000001 0.87975997789457538 3705.5000000000005
decision_type=2 2 2 2 2 2 2 2 2 2 2 2 2 2 2 2 2 2 2 2
left_child=1 3 19 6 7 -6 9 -5 -9 10 -1 -11 13 15 -14 16 -2 -7 -16 -3
right_child=12 2 -4 4 5 17 -8 8 -10 11 -12 -13 14 -15 18 -17 -18 -19 -20 -21
leaf_value=0 -6.4993520921882215e-05 -0.052174612333008304 0.020173900318466564 0.026993083143978681 -0.048785036859291052 0.014495821126155424 0.030796101794266839 -0.033344656865970122 0.019337160596589475 -0.037781546141537864 0.033653720910466665 0 -0.00035770520078823472 -0.026775063781007098 0.044921666582914507 -0.0069936312373403845 0.05189271973379081 -0.018974104736060347 0.011573358258892576 0
leaf_weight=105.7057993014987 1.4964567843126118 1.4936459159298459 0.52947414712980378 2.668173020356333 3.1687868053631973 1.3696938477078222 2.2779110371702691 2.0412474226250197 1.9773017925472229 2.82644277352665 3.6095792744745259 4.2427999443934823 3.0724836166773457 2.1609710216289386 2.0911809357348834 1.9813052592799065 1.4738025708938947 2.4682603793517046 1.8758031136967472 0.11794144712257537
leaf_count=5582 49 843 9 68 131 50 66 67 218 113 82 115 59 48 98 80 90 125 76 36
internal_value=0 -0.000762687 -0.0286172 -0.000255792 -0.00964328 -0.0259217 0.000765378 0.00631212 -0.00558816 0.000113539 0.00114898 -0.0148482 0.00738962 -0.000377576 0.0162848 0.00965749 0.0232482 -0.00510313 0.0310299 -0.0492329
internal_weight=148.649 134.497 2.14106 132.356 13.6935 7.00674 118.663 6.68672 4.01855 116.385 109.315 7.06924 14.152 7.11254 7.03947 4.95156 2.97026 3.83795 3.96698 1.61159
internal_count=8005 7505 888 6617 659 306 5958 353 285 5892 5664 228 500 267 233 219 139 175 174 879
is_linear=0
shrinkage=0.0540709


Tree=321
num_leaves=28
num_cat=0
split_feature=106 20 30 106 39 46 95 37 106 34 20 48 93 45 95 95 55 66 68 24 5 104 98 3 92 42 20
split_gain=0.291039 0.541923 1.16246 0.819105 0.870933 1.65411 1.29664 0.977625 0.76791 0.799924 0.763848 0.571395 0.538917 0.739973 0.47279 1.48395 0.999833 1.05225 0.987637 0.890528 0.85477 0.827275 0.691093 0.52592 0.483941 0.200592 0.121792
threshold=0.81666666666666676 15.500000000000002 1.0000000180025095e-35 0.38333333333333336 9500.3115746753265 317.50000000000006 173.50000000000003 17.500000000000004 1.0000000180025095e-35 1.0000000180025095e-35 19.500000000000004 23.500000000000004 1.0000000180025095e-35 36.186831985173789 368.50000000000006 419.50000000000006 20.500000000000004 549.50000000000011 19.500000000000004 139.00000000000003 512.50000000000011 -0.68325205393830146 0.99346467788596293 0.58333333333333337 24.500000000000004 4129.9675000000016 -1.4999999999999998
decision_type=2 2 2 2 2 2 2 2 2 2 2 2 2 2 2 2 2 2 2 2 2 2 2 2 2 2 2
left_child=1 3 -3 11 5 7 -7 -5 25 10 -10 -1 -6 -14 16 -16 18 24 19 -2 21 23 -23 -17 -18 -4 -21
right_child=14 2 8 4 12 6 -8 -9 9 -11 -12 -13 13 -15 15 20 17 -19 -20 26 -22 22 -24 -25 -26 -27 -28
leaf_value=-0.0082720412791533991 0.022791701779160074 0.030332864637320486 -0.058320144450329833 -0.013397940090766466 -0.015112144330296123 0.011284619562952384 -0.038325568617468955 0.03117529951648387 -0.014838357297540792 0.035424863262030336 0.0034364472292207579 0.02105751776942983 0.039805181334526506 -0.0080210788899662214 0.038410393947018777 0.044065246105181595 -0.046469042716983114 0.0016466889022680846 0.042786941809281789 -0.0082005312069303553 0.02354894642049973 0.0021308245986008147 -0.012122663496307322 0 -0.011590490060936159 0 -0.048664821571006031
leaf_weight=3.24718004674651 1.7411662996746629 3.7280201539397231 0.84889583174435657 3.5384551749193696 2.1072250390498075 1.5609760368934065 10.058478185628699 2.343294755792158 9.5808481681997382 1.7609509510220949 21.117704100939591 4.0935867783846334 2.0700322249504102 1.3490095969427782 3.5650438502343595 1.9889286726247519 3.1071086511947197 4.9786907023953972 2.0102022409264464 1.0617280277656398 5.0560080820578142 38.977531513432041 13.167258714776834 1.2163618138583834 3.0039030863699736 0.070736511086579412 0.8472945511166462
leaf_count=102 52 41 838 758 75 76 968 169 767 45 1464 72 117 80 101 117 37 89 71 75 80 1123 345 116 104 16 107
internal_value=0 -0.00260634 0.00161306 -0.00800517 -0.0131347 -0.0191315 -0.031024 0.00310885 -0.00137492 0 -0.00202691 0.00707843 0.00451963 0.0187814 0.00220513 0.00438853 -0.00569188 -0.015428 0.0120762 -0.00282831 0.00225696 0.000177644 -0.00132699 0.0269443 -0.0305436 -0.0500402 -0.0300623
internal_weight=148.197 67.4754 37.1072 30.3682 23.0275 17.5012 11.6195 5.88175 33.3791 32.4595 30.6986 7.34077 5.52627 3.41904 80.7212 63.9711 16.7501 11.0897 5.66039 3.65019 60.4061 55.3501 52.1448 3.20529 6.11101 0.919632 1.90902
internal_count=8005 5588 3171 2417 2243 1971 1044 927 3130 2276 2231 174 272 197 2417 1882 535 230 305 234 1781 1701 1468 233 141 854 182
is_linear=0
shrinkage=0.0540709


Tree=322
num_leaves=15
num_cat=0
split_feature=117 17 39 97 66 71 69 104 7 27 2 103 87 64
split_gain=0.285296 0.348282 0.77431 0.737768 1.67664 1.20743 1.09011 0.885956 0.696797 0.540424 0.937531 0.721015 0.389557 0.705089
threshold=0.29166666666666669 31.500000000000004 13062.817213744589 8.1458281444582834 53.500000000000007 0.88178240525549267 36.500000000000007 -0.55837030034762936 19.001292078741383 1.0000000180025095e-35 3.5000000000000004 170.54600000000002 2859.3147500000009 1578.6194750000002
decision_type=2 2 2 2 2 2 2 2 2 2 2 2 2 2
left_child=1 8 3 5 7 6 -3 -5 9 10 11 -1 13 -11
right_child=-2 2 -4 4 -6 -7 -8 -9 -10 12 -12 -13 -14 -15
leaf_value=-0.0041636359651426045 0.016254549879212252 0.018124457937794162 0.024990442622622164 0.018530234484864693 0.037091462938358737 -0.026768925510733666 -0.0036098632554679632 -0.024409766125391991 -0.030053628444354809 0 -0.050649873556949249 0.017779803665316101 -0.0069113008030932078 0.028010704652374253
leaf_weight=64.580722272794446 3.0956814603414378 8.6504972450202313 4.2972807174082837 2.3205346611794084 4.9228056070569437 5.108740755589678 29.889028454665095 3.2645449098199588 2.642001065236399 4.8059627558104676 1.2287669006359454 4.6005655872868365 3.0573138663312411 5.0512285712757148
leaf_count=5169 62 336 108 136 110 87 378 60 106 200 827 169 43 214
internal_value=0 -0.000328912 0.0028317 0.000935997 0.0138891 -0.00201354 0.00107755 -0.00524556 -0.00256398 -0.00160289 -0.00354215 -0.00259705 0.00839657 0.0138946
internal_weight=147.516 144.42 58.4534 54.1562 10.5079 43.6483 38.5395 5.58508 85.9666 83.3246 70.4101 69.1813 12.9145 9.85719
internal_count=8005 7943 1215 1107 306 801 714 196 6728 6622 6165 5338 457 414
is_linear=0
shrinkage=0.0540709


Tree=323
num_leaves=26
num_cat=0
split_feature=99 62 37 32 44 45 106 64 92 72 53 49 37 95 60 60 20 69 78 95 95 95 72 55 78
split_gain=0.273917 0.346184 0.686083 0.658606 0.910759 1.10384 0.977186 0.603913 0.585037 0.668861 1.46247 0.324231 0.487665 1.09116 1.04822 0.889169 0.807202 0.712483 0.760949 0.657211 0.834857 0.823421 0.462799 0.252946 0.237491
threshold=1.0000000180025095e-35 27.500000000000004 77.500000000000014 149.50000000000003 31.93788580246914 22.252805822533542 1.3833333333333335 3526.8553571428579 26.500000000000004 0.22226437363007923 0.12281550103498586 162.50000000000003 66.500000000000014 1716.5000000000002 365.50000000000006 301.50000000000006 27.500000000000004 60.500000000000007 0.69850541462691007 1821.5000000000002 2542.5000000000005 265.50000000000006 0.071387818072918205 12.500000000000002 0.70698362939742265
decision_type=2 2 2 2 2 2 2 2 2 2 2 2 2 2 2 2 2 2 2 2 2 2 2 2 2
left_child=1 2 3 4 5 -1 -6 -5 9 10 -3 12 14 17 15 16 -2 24 -19 21 -21 -16 -15 -17 -14
right_child=11 8 -4 7 6 -7 -8 -9 -10 -11 -12 -13 13 22 19 23 -18 18 -20 20 -22 -23 -24 -25 -26
leaf_value=0.0032679903527307996 -0.0099378771780633569 0.01401506760157646 -0.014988066364679435 0.00090764574534291098 0.026942895265917335 -0.015908634680304647 -0.0023676479759422203 -0.026860968048084174 0.021958694025055594 0.015647301729885866 -0.02102785408134392 -0.04398292296589483 0 0 0 0.060356620693289433 0.046474013026551388 -0.0018197690712472862 0.037319655126351874 0.014678173340790903 -0.046902912990395021 -0.049688622744957354 -0.048959551180354548 0.0023543159379933649 -0.043354414000318711
leaf_weight=51.487389735833858 8.256100849765069 6.2800348547753 8.5468994330876722 3.7069851056730823 8.3415655862190743 10.576700960256856 4.8096249927766612 4.4607047063036589 5.7794749749591565 7.1591015437152228 7.5232908680409309 0.63486294755148165 0.27882412531471157 1.355202465420007 1.2459811837106816 0.87673315712527145 0.78683394582913102 1.6718675620359134 4.297034183073265 2.0978266643287502 0.90450584491918551 3.564753363149066 1.1319499835017266 0.68241741749079665 0.62083424656157149
leaf_count=1217 1955 73 113 75 141 203 123 99 78 75 92 195 22 124 257 29 355 267 385 251 242 995 302 143 194
internal_value=0 0.00115908 -0.000340043 0.00107312 0.00273863 0 0.015663 -0.0133563 0.00658854 0.0019965 -0.00454946 -0.00475168 -0.00358533 0.00600456 -0.00885887 0.00157005 -0.0042023 0.0177394 0.0251223 -0.0239528 -0.00143465 -0.0364635 -0.0234206 0.0397424 -0.0229902
internal_weight=147.078 118.672 91.9299 83.383 75.2153 62.0641 13.1512 8.16769 26.7419 20.9624 13.8033 28.4057 27.7709 9.35571 18.4152 10.6021 9.04293 6.86856 5.9689 7.81307 3.00233 4.81073 2.48715 1.55915 0.899658
internal_count=8005 2289 1971 1858 1684 1420 264 174 318 240 165 5716 5521 1294 4227 2482 2310 868 652 1745 493 1252 426 172 216
is_linear=0
shrinkage=0.0540709


Tree=324
num_leaves=24
num_cat=0
split_feature=117 105 97 95 48 51 105 44 20 105 105 17 104 72 86 65 95 50 50 78 44 17 80
split_gain=0.279571 0.328003 0.813832 0.959926 0.761025 1.58259 1.24368 1.10701 1.36105 0.793902 0.637678 1.05244 1.29606 0.5553 1.08302 1.43394 1.16056 1.00968 1.69493 1.23583 0.380069 0.0981795 0.0926128
threshold=0.29166666666666669 0.89808705688280666 17.500000000000004 2298.0000000000005 47.500000000000007 1107.5000000000002 1.0528314224482962 26.020128824476654 15.500000000000002 1.093794762832325 0.86026955097533786 33.500000000000007 -0.24090614192800222 0.15475923381103288 -1372.3698120000054 7177.7848328386908 1463.5000000000002 59.500000000000007 47.500000000000007 0.87919880983225662 23.335680751173708 43.500000000000007 10719.769000000002
decision_type=2 2 2 2 2 2 2 2 2 2 2 2 2 2 2 2 2 2 2 2 2 2 2
left_child=1 10 4 20 7 9 -7 8 -3 -6 13 12 -12 17 15 -15 -16 18 -1 -19 21 -4 -14
right_child=-2 2 3 -5 5 6 -8 -9 -10 -11 11 -13 22 14 16 -17 -18 19 -20 -21 -22 -23 -24
leaf_value=-0.0041979567973923623 0.016169717110024403 0.0083232477115185444 -0.027632233152335213 0.031317915564282393 -0.047597585023030679 0.018618007486549588 -0.0085521345553846266 -0.016130607312479835 0.046970144793718853 0 0.0077710597865471454 0.0053292089150690667 -0.020557282977954578 0.022739346609578534 -0.0085357882398617684 -0.029879361672597245 0.017584293055789384 -0.028341044120006445 0.032800503049871532 0.00962567112558157 0 -0.069054234952784094 -0.058002035552248726
leaf_weight=33.817492329730158 3.0634982750052577 8.4090085038114903 1.7593463232842621 0.7581004667590604 2.6649958123525748 11.354685225994219 8.2694237545183551 2.4400625728103469 4.3801743274289029 1.9385308635028193 1.3689899582604992 3.2819988408591598 0.97587306145942276 12.36744168379664 21.085635095973434 1.6106539381330538 6.4208977880280136 9.1359346138524398 4.0498622778941344 3.1042062875840193 0.86662507992150484 0.75014853756874789 2.6139656347240816
leaf_count=3060 62 413 238 61 86 438 340 99 266 72 66 52 51 572 806 52 356 386 140 158 52 5 174
internal_value=0 -0.000332134 0.00351859 -0.0188731 0.00605298 0 0.00679247 0.015524 0.022143 -0.0284255 -0.00208759 -0.0165351 -0.0324918 -0.000706651 0.00382386 0.0161439 -0.00216894 -0.00460502 -4.41912e-05 -0.0181086 -0.0323441 -0.043006 -0.0498992
internal_weight=146.488 143.424 43.5911 4.13422 39.4569 24.2276 19.6241 15.2292 12.7892 4.60353 99.833 8.24083 4.95883 91.5921 41.4846 13.9781 27.5065 50.1075 37.8674 12.2401 3.37612 2.50949 3.58984
internal_count=8005 7943 2070 356 1714 936 778 778 679 158 5873 343 291 5530 1786 624 1162 3744 3200 544 295 243 225
is_linear=0
shrinkage=0.0540709


Tree=325
num_leaves=22
num_cat=0
split_feature=107 47 49 47 84 49 49 108 44 91 108 84 73 87 91 98 94 73 42 48 96
split_gain=0.282954 0.68431 0.929853 0.826203 0.815031 0.806978 1.04703 1.27602 0.776973 0.655885 0.62433 0.549235 0.547781 1.11156 1.28968 2.28167 1.04515 1.46803 1.22889 0.764991 0.47127
threshold=1.0000000180025095e-35 1077.5000000000002 155.50000000000003 1894.5000000000002 0.54953443503061838 120.50000000000001 66.500000000000014 -0.23464285714285718 31.668949771689501 4.5000000000000009 0.0035472063835247929 0.93119877049180333 8.5000000000000018 607.26624999999945 9.5000000000000018 0.68650568087540986 8.0000000000000018 11.500000000000002 215.17000000000004 26.500000000000004 245.3656244876706
decision_type=2 2 2 2 2 2 2 2 2 2 2 2 2 2 2 2 2 2 2 2 2
left_child=11 2 5 4 -3 6 8 -8 -2 -7 -4 12 13 14 19 -16 17 -14 -19 -1 -18
right_child=1 3 10 -5 -6 9 7 -9 -10 -11 -12 -13 16 -15 15 -17 20 18 -20 -21 -22
leaf_value=0.019882014276741009 -0.0037570498590972722 0.00067681019939802253 -0.00025913254009451097 -0.01136745003668729 0.046189499093403155 -0.00022457438995801446 0.018006012018628299 -0.026949660116464835 0.01207177726313023 0.041381924004964939 -0.057955012919904528 0.024144368410085625 -0.032487170249656215 0.027973192215421105 -0.064893041242233135 0 -0.0011274185895811483 -0.02101095748322929 0.01748423218069042 -0.0038894469506778623 0.020107481450029756
leaf_weight=9.896018426108645 48.079344016245159 2.580584419600199 1.2742664763591158 2.3505848123313626 2.7305982465541092 1.5794437065051163 2.0703376206138264 9.7454021018593249 11.106334752544624 2.1601736397169589 1.5272949321097256 3.3812656965019405 6.5901740290864863 5.7726891383354078 2.0662536634772533 6.325535417010542 5.6753156839404273 4.3322794912673981 5.4913768251426518 5.8438745719613499 5.3872447074390948
leaf_count=518 4603 103 59 66 120 73 130 559 546 75 87 95 79 104 66 211 67 77 80 220 67
internal_value=0 -0.00200146 -0.00359994 0.0132084 0.0254763 -0.00234675 -0.00372559 -0.0184453 -0.000661521 0.021844 -0.0343693 0.00282792 0.00144214 0.00659943 0.00117816 -0.0155876 -0.00390197 -0.0127429 0 0.0105874 0.00854747
internal_weight=145.966 85.2044 77.5426 7.66177 5.31118 74.741 71.0014 11.8157 59.1857 3.73962 2.80156 60.762 57.3808 29.9044 24.1317 8.39179 27.4764 16.4138 9.82366 15.7399 11.0626
internal_count=8005 6421 6132 289 223 5986 5838 689 5149 148 146 1584 1489 1119 1015 277 370 236 157 738 134
is_linear=0
shrinkage=0.0540709


Tree=326
num_leaves=29
num_cat=0
split_feature=17 46 24 103 98 63 40 91 63 95 108 69 33 98 46 40 48 48 43 108 42 105 40 69 98 104 70 6
split_gain=0.284263 0.712967 0.794584 0.966862 0.843504 0.521543 1.95856 2.08296 1.42751 1.17539 0.45044 0.945903 1.02981 0.811027 1.15337 0.68829 0.862892 1.01072 1.13371 1.03921 0.932426 0.994897 0.762422 0.649078 0.614372 0.746265 0.506249 0.0543548
threshold=31.500000000000004 3822.5000000000005 149.50000000000003 -16.475999999999996 0.77120813487256112 60327.835500000008 3713.2908409717106 12.500000000000002 51631.733000000007 2200.5000000000005 0.52698632199041096 27.500000000000004 1.0000000180025095e-35 0.87525501312629017 858.50000000000011 6998.1593958733383 128.50000000000003 99.500000000000014 1136.5000000000002 0.086309251404469337 92.839000000000013 0.62284736565131726 7225.71263175681 5.5000000000000009 0.39015609185810429 -0.24592193057847828 1065.5000000000002 132.50000000000003
decision_type=2 2 2 2 2 2 2 2 2 2 2 2 2 2 2 2 2 2 2 2 2 2 2 2 2 2 2 2
left_child=10 2 5 -4 -5 8 -7 -8 9 -2 15 12 23 -13 -15 16 17 18 -1 -19 26 -22 -17 -12 -24 -26 -18 -14
right_child=1 -3 3 4 -6 6 7 -9 -10 -11 11 13 27 14 -16 22 20 19 -20 -21 21 -23 24 -25 25 -27 -28 -29
leaf_value=-0.006588238856146178 0.0049955260778274131 0.028609560449955593 0.038985620524524679 -0.025782978709267941 0.016642830356828394 0.031365269789656119 -0.019048178267259998 0.016383045880084313 -0.045535319741951907 -0.029499305252935863 0 0.040062118302877411 0.039910354557316174 0.025158498188036463 -0.039955867515051403 -0.053684968020510246 -0.046249391610132778 -0.0016547044577201896 0.013937472895450319 -0.057089848422578963 -0.0066504883423219021 0.028618614052697621 0.028168324510633155 -0.054303742788409763 0.0076259242980462882 -0.018499789874086459 0.00015169325629791814 0
leaf_weight=30.634729636965858 13.256339103332726 3.029505214886739 3.3837311812676489 2.005228531546889 4.1398015222512186 5.7507870532572296 11.815675696823748 8.076265520649029 2.6142685768427318 3.6450281825382254 0.6881037666607871 3.2892192425315443 0.54143934951935058 2.2641127934657566 1.2117382051237653 1.2926008905269579 1.0525713176575657 2.4799140334434915 10.503941282862796 2.04423819020667 2.875817184620244 7.963931388585479 1.1008838439083799 1.6250203601011888 3.8306796442157145 12.508098514412261 1.1344692447855775 0.63725640584743815
leaf_count=3540 391 56 115 104 118 64 157 107 37 68 89 122 74 113 77 74 118 146 629 101 132 306 42 139 220 755 44 67
internal_value=0 0.00295384 0.00139636 0.0156521 0.00159197 -0.00144865 0.00341916 -0.00429111 -0.00822311 -0.00200936 -0.0019326 0.00851106 -0.0130701 0.0207431 0.000322668 -0.00341185 -0.000400603 -0.0040237 -0.00116729 -0.0283514 0.0117307 0.0185804 -0.0124506 -0.0353957 -0.00896434 -0.011922 -0.0188276 0.024468
internal_weight=145.395 57.7166 54.6871 9.52876 6.14503 45.1584 25.6427 19.8919 19.5156 16.9014 87.6788 10.2569 3.49182 6.76507 3.47585 77.4219 58.6896 45.6628 41.1387 4.52415 13.0268 10.8397 18.7323 2.31312 17.4397 16.3388 2.18704 1.1787
internal_count=8005 1217 1161 337 222 824 328 264 496 459 6788 681 369 312 190 6107 5016 4416 4169 247 600 438 1091 228 1017 975 162 141
is_linear=0
shrinkage=0.0540709


end of trees

feature_importances:
tenure_days=285
membership_days_remaining=255
listening_consistency_90d=218
most_common_payment_method=215
days_since_last_tx=203
listening_trend_7v14=180
age=180
listening_trend_14v30=159
min_secs_day_90d=154
secs_cv_30d=145
ul_last2wk_vs_month_unq_ratio=140
revenue_per_active_day=138
listening_trend_ratio=130
std_secs_30d=117
autorenew_not_cancel=111
completion_rate_7d=109
total_paid_60d=108
unq_trend_14v30=107
total_50pct_90d=106
listening_trend_30v60=105
total_skipped_early_30d=104
days_since_tx_per_plan=100
early_skip_rate_30d=99
total_paid_30d=98
city=98
max_secs_day_90d=97
early_skip_rate_90d=97
std_unq_90d=95
avg_unq_per_day_90d=92
avg_secs_per_day_60d=91
avg_unq_per_day_30d=90
total_paid_90d=89
total_almost_complete_90d=88
completion_rate_60d=88
total_unq_14d=84
avg_song_length_90d=83
std_paid_90d=79
total_75pct_90d=79
total_unq_90d=73
days_since_last_listen=71
listening_mo1_mo2_trend=71
total_unq_7d=70
active_days_14d=68
completion_rate_90d=67
avg_secs_per_day_14d=66
avg_secs_per_day_90d=64
completion_rate_14d=62
std_secs_90d=61
total_skipped_early_90d=60
last_trx_gt1_no_cancel=59
cancel_count_30d=56
max_paid_90d=53
log_days_90d=53
total_completed_60d=52
avg_secs_per_day_7d=52
completion_rate_30d=50
total_plays_7d=50
total_completed_90d=49
registered_via=48
active_days_30d=47
total_unq_30d=46
total_paid_14d=44
total_plays_90d=44
total_completed_30d=44
total_secs_7d=42
total_secs_60d=40
total_unq_60d=38
avg_secs_per_day_30d=38
gender=38
auto_renew_count_90d=37
total_secs_30d=37
total_plays_30d=37
total_plays_60d=36
total_secs_90d=34
active_days_60d=34
total_plays_14d=32
avg_paid_60d=31
tx_recency_vs_plan=27
total_secs_14d=26
cancel_ratio_90d=25
min_paid_90d=25
avg_paid_90d=22
total_paid_7d=20
secs_per_unq_song=20
cancel_count_60d=19
cancel_count_7d=19
active_days_7d=19
avg_discount_90d=17
tx_count_30d=17
cancel_count_14d=17
tx_trend_30v60=17
tx_count_14d=15
active_days_90d=15
auto_renew_ratio_90d=14
discount_ratio=11
amt_per_day=9
expiry_urgency=9
tx_count_90d=8
cancel_count_90d=8
last_ul_days_s=8
tx_count_60d=6
auto_renew_ratio_30d=6
activity_rate_30d=6
discount=4
latest_auto_renew=3
auto_renew_ratio_60d=3
tx_count_7d=3
activity_rate_7d=3
activity_density_30d=3
unique_payment_methods_90d=2
canc_per_payment_days=1
activity_density_7d=1
usually_auto_renew=1

parameters:
[boosting: gbdt]
[objective: binary]
[metric: binary_logloss]
[tree_learner: serial]
[device_type: cpu]
[data_sample_strategy: bagging]
[data: ]
[valid: ]
[num_iterations: 327]
[learning_rate: 0.0540709]
[num_leaves: 296]
[num_threads: 0]
[seed: 42]
[deterministic: 0]
[force_col_wise: 0]
[force_row_wise: 0]
[histogram_pool_size: -1]
[max_depth: 6]
[min_data_in_leaf: 65]
[min_sum_hessian_in_leaf: 0.001]
[bagging_fraction: 0.876367]
[pos_bagging_fraction: 1]
[neg_bagging_fraction: 1]
[bagging_freq: 0]
[bagging_seed: 400]
[bagging_by_query: 0]
[feature_fraction: 0.81107]
[feature_fraction_bynode: 1]
[feature_fraction_seed: 30056]
[extra_trees: 0]
[extra_seed: 12879]
[early_stopping_round: 0]
[early_stopping_min_delta: 0]
[first_metric_only: 0]
[max_delta_step: 0]
[lambda_l1: 0.136696]
[lambda_l2: 0.00217095]
[linear_lambda: 0]
[min_gain_to_split: 0]
[drop_rate: 0.1]
[max_drop: 50]
[skip_drop: 0.5]
[xgboost_dart_mode: 0]
[uniform_drop: 0]
[drop_seed: 17869]
[top_rate: 0.2]
[other_rate: 0.1]
[min_data_per_group: 100]
[max_cat_threshold: 32]
[cat_l2: 10]
[cat_smooth: 10]
[max_cat_to_onehot: 4]
[top_k: 20]
[monotone_constraints: ]
[monotone_constraints_method: basic]
[monotone_penalty: 0]
[feature_contri: ]
[forcedsplits_filename: ]
[refit_decay_rate: 0.9]
[cegb_tradeoff: 1]
[cegb_penalty_split: 0]
[cegb_penalty_feature_lazy: ]
[cegb_penalty_feature_coupled: ]
[path_smooth: 0]
[interaction_constraints: ]
[verbosity: -1]
[saved_feature_importance_type: 0]
[use_quantized_grad: 0]
[num_grad_quant_bins: 4]
[quant_train_renew_leaf: 0]
[stochastic_rounding: 1]
[linear_tree: 0]
[max_bin: 255]
[max_bin_by_feature: ]
[min_data_in_bin: 3]
[bin_construct_sample_cnt: 200000]
[data_random_seed: 175]
[is_enable_sparse: 1]
[enable_bundle: 1]
[use_missing: 1]
[zero_as_missing: 0]
[feature_pre_filter: 1]
[pre_partition: 0]
[two_round: 0]
[header: 0]
[label_column: ]
[weight_column: ]
[group_column: ]
[ignore_column: ]
[categorical_feature: ]
[forcedbins_filename: ]
[precise_float_parser: 0]
[parser_config_file: ]
[objective_seed: 16083]
[num_class: 1]
[is_unbalance: 0]
[scale_pos_weight: 1]
[sigmoid: 1]
[boost_from_average: 1]
[reg_sqrt: 0]
[alpha: 0.9]
[fair_c: 1]
[poisson_max_delta_step: 0.7]
[tweedie_variance_power: 1.5]
[lambdarank_truncation_level: 30]
[lambdarank_norm: 1]
[label_gain: ]
[lambdarank_position_bias_regularization: 0]
[eval_at: ]
[multi_error_top_k: 1]
[auc_mu_weights: ]
[num_machines: 1]
[local_listen_port: 12400]
[time_out: 120]
[machine_list_filename: ]
[machines: ]
[gpu_platform_id: -1]
[gpu_device_id: -1]
[gpu_device_id_list: ]
[gpu_use_dp: 0]
[num_gpu: 1]

end of parameters

pandas_categorical:[]
